relative_path,label,label_name,prediction,prediction_name,top_predictions
daisy/102841525_bd6628ae3c.jpg,0,daisy,0,daisy,"[{'class_name': 'daisy', 'probability': 0.9610129594802856}, {'class_name': 'tulip', 'probability': 0.015373933129012585}, {'class_name': 'rose', 'probability': 0.012377766892313957}]"
daisy/10300722094_28fa978807_n.jpg,0,daisy,3,sunflower,"[{'class_name': 'sunflower', 'probability': 0.6325685977935791}, {'class_name': 'dandelion', 'probability': 0.20073853433132172}, {'class_name': 'daisy', 'probability': 0.08839605748653412}]"
daisy/10437929963_bc13eebe0c.jpg,0,daisy,0,daisy,"[{'class_name': 'daisy', 'probability': 0.9216662645339966}, {'class_name': 'dandelion', 'probability': 0.02918960712850094}, {'class_name': 'sunflower', 'probability': 0.0219324491918087}]"
daisy/10466290366_cc72e33532.jpg,0,daisy,1,dandelion,"[{'class_name': 'dandelion', 'probability': 0.8125690221786499}, {'class_name': 'tulip', 'probability': 0.1142023354768753}, {'class_name': 'sunflower', 'probability': 0.031208762899041176}]"
daisy/10770585085_4742b9dac3_n.jpg,0,daisy,0,daisy,"[{'class_name': 'daisy', 'probability': 0.9645164608955383}, {'class_name': 'sunflower', 'probability': 0.015205697156488895}, {'class_name': 'dandelion', 'probability': 0.010968225076794624}]"
daisy/11642632_1e7627a2cc.jpg,0,daisy,1,dandelion,"[{'class_name': 'dandelion', 'probability': 0.918784499168396}, {'class_name': 'daisy', 'probability': 0.0342627689242363}, {'class_name': 'tulip', 'probability': 0.02939058281481266}]"
daisy/12585131704_0f64b17059_m.jpg,0,daisy,0,daisy,"[{'class_name': 'daisy', 'probability': 0.9792017340660095}, {'class_name': 'rose', 'probability': 0.008934560231864452}, {'class_name': 'dandelion', 'probability': 0.005709827411919832}]"
daisy/14147016029_8d3cf2414e.jpg,0,daisy,0,daisy,"[{'class_name': 'daisy', 'probability': 0.9839484095573425}, {'class_name': 'rose', 'probability': 0.007987330667674541}, {'class_name': 'tulip', 'probability': 0.003354922868311405}]"
daisy/14221848160_7f0a37c395.jpg,0,daisy,2,rose,"[{'class_name': 'rose', 'probability': 0.5297681093215942}, {'class_name': 'tulip', 'probability': 0.26385676860809326}, {'class_name': 'daisy', 'probability': 0.09198899567127228}]"
daisy/14264136211_9531fbc144.jpg,0,daisy,4,tulip,"[{'class_name': 'tulip', 'probability': 0.7979066371917725}, {'class_name': 'daisy', 'probability': 0.12576018273830414}, {'class_name': 'rose', 'probability': 0.03554247319698334}]"
daisy/14372713423_61e2daae88.jpg,0,daisy,0,daisy,"[{'class_name': 'daisy', 'probability': 0.9923821091651917}, {'class_name': 'rose', 'probability': 0.0022449791431427}, {'class_name': 'dandelion', 'probability': 0.0021466773469001055}]"
daisy/14569895116_32f0dcb0f9.jpg,0,daisy,0,daisy,"[{'class_name': 'daisy', 'probability': 0.9371454119682312}, {'class_name': 'tulip', 'probability': 0.03382876515388489}, {'class_name': 'sunflower', 'probability': 0.017312437295913696}]"
daisy/14907815010_bff495449f.jpg,0,daisy,0,daisy,"[{'class_name': 'daisy', 'probability': 0.9929885268211365}, {'class_name': 'tulip', 'probability': 0.0026298114098608494}, {'class_name': 'rose', 'probability': 0.0021579223684966564}]"
daisy/15784493690_b1858cdb2b_n.jpg,0,daisy,0,daisy,"[{'class_name': 'daisy', 'probability': 0.9850425124168396}, {'class_name': 'tulip', 'probability': 0.0071287029422819614}, {'class_name': 'rose', 'probability': 0.004851062316447496}]"
daisy/16121105382_b96251e506_m.jpg,0,daisy,0,daisy,"[{'class_name': 'daisy', 'probability': 0.7657391428947449}, {'class_name': 'sunflower', 'probability': 0.10239797830581665}, {'class_name': 'rose', 'probability': 0.04698615148663521}]"
daisy/16819071290_471d99e166_m.jpg,0,daisy,0,daisy,"[{'class_name': 'daisy', 'probability': 0.9747187495231628}, {'class_name': 'sunflower', 'probability': 0.013522804714739323}, {'class_name': 'rose', 'probability': 0.005395268090069294}]"
daisy/17821980772_35164ae1e8_n.jpg,0,daisy,1,dandelion,"[{'class_name': 'dandelion', 'probability': 0.5653175711631775}, {'class_name': 'daisy', 'probability': 0.2939930260181427}, {'class_name': 'tulip', 'probability': 0.08041880279779434}]"
daisy/18354545086_693ea7bc2a.jpg,0,daisy,0,daisy,"[{'class_name': 'daisy', 'probability': 0.9392170906066895}, {'class_name': 'dandelion', 'probability': 0.04957270622253418}, {'class_name': 'sunflower', 'probability': 0.005500454921275377}]"
daisy/18635898912_eb8e058ef0.jpg,0,daisy,0,daisy,"[{'class_name': 'daisy', 'probability': 0.7031914591789246}, {'class_name': 'tulip', 'probability': 0.19093890488147736}, {'class_name': 'rose', 'probability': 0.0786852017045021}]"
daisy/18684594849_7dd3634f5e_n.jpg,0,daisy,0,daisy,"[{'class_name': 'daisy', 'probability': 0.9976882934570312}, {'class_name': 'sunflower', 'probability': 0.0017760909395292401}, {'class_name': 'rose', 'probability': 0.00029110140167176723}]"
daisy/19813618946_93818db7aa_m.jpg,0,daisy,0,daisy,"[{'class_name': 'daisy', 'probability': 0.9844858646392822}, {'class_name': 'rose', 'probability': 0.006081414874643087}, {'class_name': 'tulip', 'probability': 0.005041936878114939}]"
daisy/19834392829_7d697871f6.jpg,0,daisy,0,daisy,"[{'class_name': 'daisy', 'probability': 0.9432299733161926}, {'class_name': 'tulip', 'probability': 0.020004115998744965}, {'class_name': 'rose', 'probability': 0.01612195558845997}]"
daisy/19865728236_a62f8f445b_n.jpg,0,daisy,0,daisy,"[{'class_name': 'daisy', 'probability': 0.47046998143196106}, {'class_name': 'dandelion', 'probability': 0.46432992815971375}, {'class_name': 'tulip', 'probability': 0.05884256213903427}]"
daisy/20329326505_a777c71cc2.jpg,0,daisy,0,daisy,"[{'class_name': 'daisy', 'probability': 0.9916338920593262}, {'class_name': 'sunflower', 'probability': 0.0027632606215775013}, {'class_name': 'tulip', 'probability': 0.002371974755078554}]"
daisy/2045022175_ad087f5f60_n.jpg,0,daisy,2,rose,"[{'class_name': 'rose', 'probability': 0.6167793869972229}, {'class_name': 'dandelion', 'probability': 0.21479980647563934}, {'class_name': 'tulip', 'probability': 0.08604422211647034}]"
daisy/20773528301_008fcbc5a1_n.jpg,0,daisy,0,daisy,"[{'class_name': 'daisy', 'probability': 0.6054619550704956}, {'class_name': 'tulip', 'probability': 0.3278703987598419}, {'class_name': 'dandelion', 'probability': 0.03131803870201111}]"
daisy/2077865117_9ed85191ae_n.jpg,0,daisy,0,daisy,"[{'class_name': 'daisy', 'probability': 0.979225754737854}, {'class_name': 'tulip', 'probability': 0.0076118954457342625}, {'class_name': 'rose', 'probability': 0.005909100640565157}]"
daisy/21626652132_97e1318bb8_m.jpg,0,daisy,0,daisy,"[{'class_name': 'daisy', 'probability': 0.9816398024559021}, {'class_name': 'sunflower', 'probability': 0.008684815838932991}, {'class_name': 'rose', 'probability': 0.007065420504659414}]"
daisy/21805938544_bf6bb0e4bc.jpg,0,daisy,0,daisy,"[{'class_name': 'daisy', 'probability': 0.49627232551574707}, {'class_name': 'tulip', 'probability': 0.2956383228302002}, {'class_name': 'rose', 'probability': 0.166768416762352}]"
daisy/2349640101_212c275aa7.jpg,0,daisy,4,tulip,"[{'class_name': 'tulip', 'probability': 0.8320018649101257}, {'class_name': 'daisy', 'probability': 0.12010375410318375}, {'class_name': 'rose', 'probability': 0.02127803862094879}]"
daisy/2365428551_39f83f10bf_n.jpg,0,daisy,0,daisy,"[{'class_name': 'daisy', 'probability': 0.9322767853736877}, {'class_name': 'dandelion', 'probability': 0.061655499041080475}, {'class_name': 'rose', 'probability': 0.002332973526790738}]"
daisy/2481823240_eab0d86921.jpg,0,daisy,1,dandelion,"[{'class_name': 'dandelion', 'probability': 0.7289468050003052}, {'class_name': 'daisy', 'probability': 0.10287202149629593}, {'class_name': 'sunflower', 'probability': 0.08443858474493027}]"
daisy/2511306240_9047015f2d_n.jpg,0,daisy,1,dandelion,"[{'class_name': 'dandelion', 'probability': 0.7169510126113892}, {'class_name': 'daisy', 'probability': 0.14887790381908417}, {'class_name': 'rose', 'probability': 0.09260187298059464}]"
daisy/2536529152_33ef3ee078_n.jpg,0,daisy,0,daisy,"[{'class_name': 'daisy', 'probability': 0.9915953278541565}, {'class_name': 'rose', 'probability': 0.002759229391813278}, {'class_name': 'sunflower', 'probability': 0.0025772382505238056}]"
daisy/2561371688_c80a4fe957_n.jpg,0,daisy,1,dandelion,"[{'class_name': 'dandelion', 'probability': 0.7047654390335083}, {'class_name': 'tulip', 'probability': 0.17418307065963745}, {'class_name': 'daisy', 'probability': 0.0580047145485878}]"
daisy/2621723097_736febb4a4_n.jpg,0,daisy,0,daisy,"[{'class_name': 'daisy', 'probability': 0.9956125020980835}, {'class_name': 'tulip', 'probability': 0.0018202352803200483}, {'class_name': 'rose', 'probability': 0.0014587820041924715}]"
daisy/2635314490_e12d3b0f36_m.jpg,0,daisy,0,daisy,"[{'class_name': 'daisy', 'probability': 0.5363029837608337}, {'class_name': 'dandelion', 'probability': 0.39837026596069336}, {'class_name': 'sunflower', 'probability': 0.028768043965101242}]"
daisy/2666572212_2caca8de9f_n.jpg,0,daisy,0,daisy,"[{'class_name': 'daisy', 'probability': 0.4351738691329956}, {'class_name': 'tulip', 'probability': 0.23845036327838898}, {'class_name': 'dandelion', 'probability': 0.2371879369020462}]"
daisy/2901376034_cdb4bac26b_m.jpg,0,daisy,0,daisy,"[{'class_name': 'daisy', 'probability': 0.976021945476532}, {'class_name': 'tulip', 'probability': 0.011377514339983463}, {'class_name': 'rose', 'probability': 0.008283176459372044}]"
daisy/294451721_5106537b34.jpg,0,daisy,0,daisy,"[{'class_name': 'daisy', 'probability': 0.8414634466171265}, {'class_name': 'dandelion', 'probability': 0.07478673756122589}, {'class_name': 'tulip', 'probability': 0.04139227792620659}]"
daisy/3275951182_d27921af97_n.jpg,0,daisy,0,daisy,"[{'class_name': 'daisy', 'probability': 0.9160487055778503}, {'class_name': 'rose', 'probability': 0.04156305640935898}, {'class_name': 'sunflower', 'probability': 0.019205695018172264}]"
daisy/3356112863_75da8bca2c_m.jpg,0,daisy,0,daisy,"[{'class_name': 'daisy', 'probability': 0.9981653094291687}, {'class_name': 'dandelion', 'probability': 0.0005357802147045732}, {'class_name': 'tulip', 'probability': 0.0004794392443727702}]"
daisy/33855966243_01b2486428_n.jpg,0,daisy,0,daisy,"[{'class_name': 'daisy', 'probability': 0.9053282141685486}, {'class_name': 'rose', 'probability': 0.031716518104076385}, {'class_name': 'dandelion', 'probability': 0.027851779013872147}]"
daisy/33901756843_94e198d40e_n.jpg,0,daisy,1,dandelion,"[{'class_name': 'dandelion', 'probability': 0.5561860203742981}, {'class_name': 'sunflower', 'probability': 0.21854856610298157}, {'class_name': 'tulip', 'probability': 0.13714280724525452}]"
daisy/34295444880_b4376b3a8b_n.jpg,0,daisy,4,tulip,"[{'class_name': 'tulip', 'probability': 0.3780856430530548}, {'class_name': 'rose', 'probability': 0.3037495017051697}, {'class_name': 'daisy', 'probability': 0.24653653800487518}]"
daisy/34508227161_a9ff840f71_n.jpg,0,daisy,4,tulip,"[{'class_name': 'tulip', 'probability': 0.7883257269859314}, {'class_name': 'dandelion', 'probability': 0.12730330228805542}, {'class_name': 'sunflower', 'probability': 0.04941277205944061}]"
daisy/34520699571_f880744f46_n.jpg,0,daisy,0,daisy,"[{'class_name': 'daisy', 'probability': 0.8811161518096924}, {'class_name': 'dandelion', 'probability': 0.05727572366595268}, {'class_name': 'tulip', 'probability': 0.045393746346235275}]"
daisy/34524085651_1f0b7e9497_n.jpg,0,daisy,0,daisy,"[{'class_name': 'daisy', 'probability': 0.936347484588623}, {'class_name': 'sunflower', 'probability': 0.03456820920109749}, {'class_name': 'rose', 'probability': 0.015851585194468498}]"
daisy/34637394046_f85541735d_n.jpg,0,daisy,0,daisy,"[{'class_name': 'daisy', 'probability': 0.7280797958374023}, {'class_name': 'dandelion', 'probability': 0.17864742875099182}, {'class_name': 'tulip', 'probability': 0.0539853535592556}]"
daisy/34638378196_216d5bbc2e_n.jpg,0,daisy,1,dandelion,"[{'class_name': 'dandelion', 'probability': 0.8471286296844482}, {'class_name': 'sunflower', 'probability': 0.08545216917991638}, {'class_name': 'daisy', 'probability': 0.04145590588450432}]"
daisy/34664107325_701d5c6f08_n.jpg,0,daisy,0,daisy,"[{'class_name': 'daisy', 'probability': 0.9885203242301941}, {'class_name': 'tulip', 'probability': 0.005416290368884802}, {'class_name': 'rose', 'probability': 0.002546799136325717}]"
daisy/34696730126_056ffea63c_n.jpg,0,daisy,3,sunflower,"[{'class_name': 'sunflower', 'probability': 0.3838452696800232}, {'class_name': 'daisy', 'probability': 0.3732852637767792}, {'class_name': 'tulip', 'probability': 0.1201278418302536}]"
daisy/34729724865_787c98299d_n.jpg,0,daisy,0,daisy,"[{'class_name': 'daisy', 'probability': 0.7739304900169373}, {'class_name': 'dandelion', 'probability': 0.14366932213306427}, {'class_name': 'sunflower', 'probability': 0.03236076235771179}]"
daisy/3474942718_c418dae6f1.jpg,0,daisy,2,rose,"[{'class_name': 'rose', 'probability': 0.460926353931427}, {'class_name': 'tulip', 'probability': 0.29236650466918945}, {'class_name': 'daisy', 'probability': 0.1299493908882141}]"
daisy/3506866918_61dd5fc53b_n.jpg,0,daisy,0,daisy,"[{'class_name': 'daisy', 'probability': 0.6147765517234802}, {'class_name': 'rose', 'probability': 0.20657813549041748}, {'class_name': 'tulip', 'probability': 0.11914485692977905}]"
daisy/3611577717_f3a7a8c416_n.jpg,0,daisy,0,daisy,"[{'class_name': 'daisy', 'probability': 0.9595573544502258}, {'class_name': 'tulip', 'probability': 0.02256803773343563}, {'class_name': 'rose', 'probability': 0.009757237508893013}]"
daisy/3640845041_80a92c4205_n.jpg,0,daisy,4,tulip,"[{'class_name': 'tulip', 'probability': 0.4243195056915283}, {'class_name': 'daisy', 'probability': 0.4034758508205414}, {'class_name': 'sunflower', 'probability': 0.07844586670398712}]"
daisy/367020749_3c9a652d75.jpg,0,daisy,1,dandelion,"[{'class_name': 'dandelion', 'probability': 0.7996348142623901}, {'class_name': 'daisy', 'probability': 0.0832105502486229}, {'class_name': 'rose', 'probability': 0.06753361225128174}]"
daisy/3704305945_a80e60e2f6_m.jpg,0,daisy,0,daisy,"[{'class_name': 'daisy', 'probability': 0.9987597465515137}, {'class_name': 'sunflower', 'probability': 0.0009923746110871434}, {'class_name': 'tulip', 'probability': 0.00016809036605991423}]"
daisy/3750250718_eb61146c5f.jpg,0,daisy,0,daisy,"[{'class_name': 'daisy', 'probability': 0.9840927124023438}, {'class_name': 'tulip', 'probability': 0.009887841530144215}, {'class_name': 'sunflower', 'probability': 0.00268812314607203}]"
daisy/3963330924_6c6a3fa7be_n.jpg,0,daisy,0,daisy,"[{'class_name': 'daisy', 'probability': 0.986182689666748}, {'class_name': 'sunflower', 'probability': 0.005339009687304497}, {'class_name': 'rose', 'probability': 0.0034133049193769693}]"
daisy/4276898893_609d11db8b.jpg,0,daisy,0,daisy,"[{'class_name': 'daisy', 'probability': 0.8561770915985107}, {'class_name': 'dandelion', 'probability': 0.06299199163913727}, {'class_name': 'rose', 'probability': 0.031985532492399216}]"
daisy/4278442064_a5a598524b_m.jpg,0,daisy,0,daisy,"[{'class_name': 'daisy', 'probability': 0.7931095361709595}, {'class_name': 'tulip', 'probability': 0.10413537174463272}, {'class_name': 'rose', 'probability': 0.06913210451602936}]"
daisy/4413849849_b8d2f3bcf1_n.jpg,0,daisy,0,daisy,"[{'class_name': 'daisy', 'probability': 0.9804425835609436}, {'class_name': 'rose', 'probability': 0.008276884444057941}, {'class_name': 'dandelion', 'probability': 0.006909994874149561}]"
daisy/4434592930_6610d51fca_m.jpg,0,daisy,1,dandelion,"[{'class_name': 'dandelion', 'probability': 0.46551138162612915}, {'class_name': 'daisy', 'probability': 0.4207475483417511}, {'class_name': 'rose', 'probability': 0.05319546163082123}]"
daisy/4534460263_8e9611db3c_n.jpg,0,daisy,0,daisy,"[{'class_name': 'daisy', 'probability': 0.7201782464981079}, {'class_name': 'dandelion', 'probability': 0.11946407705545425}, {'class_name': 'tulip', 'probability': 0.0902956873178482}]"
daisy/4540555191_3254dc4608_n.jpg,0,daisy,1,dandelion,"[{'class_name': 'dandelion', 'probability': 0.7689080238342285}, {'class_name': 'daisy', 'probability': 0.20471200346946716}, {'class_name': 'tulip', 'probability': 0.012437091208994389}]"
daisy/4724713781_d169f98a35.jpg,0,daisy,0,daisy,"[{'class_name': 'daisy', 'probability': 0.6977508664131165}, {'class_name': 'dandelion', 'probability': 0.1427781879901886}, {'class_name': 'tulip', 'probability': 0.08062349259853363}]"
daisy/4746633946_23933c0810.jpg,0,daisy,0,daisy,"[{'class_name': 'daisy', 'probability': 0.9881908893585205}, {'class_name': 'sunflower', 'probability': 0.003257300006225705}, {'class_name': 'rose', 'probability': 0.00321591435931623}]"
daisy/4785888250_b661eac225_n.jpg,0,daisy,2,rose,"[{'class_name': 'rose', 'probability': 0.7955130338668823}, {'class_name': 'daisy', 'probability': 0.17487554252147675}, {'class_name': 'tulip', 'probability': 0.014403162524104118}]"
daisy/4837182901_69a6cc782b_n.jpg,0,daisy,0,daisy,"[{'class_name': 'daisy', 'probability': 0.9774022698402405}, {'class_name': 'rose', 'probability': 0.009610218927264214}, {'class_name': 'sunflower', 'probability': 0.007001705467700958}]"
daisy/4890424315_6a59696357_n.jpg,0,daisy,2,rose,"[{'class_name': 'rose', 'probability': 0.5822970271110535}, {'class_name': 'daisy', 'probability': 0.27264633774757385}, {'class_name': 'sunflower', 'probability': 0.06574792414903641}]"
daisy/4923279674_e7f8e70794_n.jpg,0,daisy,0,daisy,"[{'class_name': 'daisy', 'probability': 0.9105691909790039}, {'class_name': 'dandelion', 'probability': 0.03568378835916519}, {'class_name': 'tulip', 'probability': 0.022289689630270004}]"
daisy/4955671608_8d3862db05_n.jpg,0,daisy,0,daisy,"[{'class_name': 'daisy', 'probability': 0.9899907112121582}, {'class_name': 'dandelion', 'probability': 0.003711698343977332}, {'class_name': 'tulip', 'probability': 0.002474248642101884}]"
daisy/5110105726_53eb7a93be_m.jpg,0,daisy,0,daisy,"[{'class_name': 'daisy', 'probability': 0.9947171807289124}, {'class_name': 'dandelion', 'probability': 0.0024397268425673246}, {'class_name': 'rose', 'probability': 0.0023106324952095747}]"
daisy/512477177_d9004cbcf1_n.jpg,0,daisy,1,dandelion,"[{'class_name': 'dandelion', 'probability': 0.6895793676376343}, {'class_name': 'daisy', 'probability': 0.13356982171535492}, {'class_name': 'tulip', 'probability': 0.10002075135707855}]"
daisy/534547364_3f6b7279d2_n.jpg,0,daisy,0,daisy,"[{'class_name': 'daisy', 'probability': 0.5364674925804138}, {'class_name': 'dandelion', 'probability': 0.23266692459583282}, {'class_name': 'tulip', 'probability': 0.15671329200267792}]"
daisy/54377391_15648e8d18.jpg,0,daisy,0,daisy,"[{'class_name': 'daisy', 'probability': 0.528003454208374}, {'class_name': 'rose', 'probability': 0.29100245237350464}, {'class_name': 'dandelion', 'probability': 0.12287936359643936}]"
daisy/5459481183_18d2d49e44_m.jpg,0,daisy,0,daisy,"[{'class_name': 'daisy', 'probability': 0.9640671014785767}, {'class_name': 'rose', 'probability': 0.012910316698253155}, {'class_name': 'dandelion', 'probability': 0.012714196927845478}]"
daisy/5561775629_a2b709b3a4_n.jpg,0,daisy,0,daisy,"[{'class_name': 'daisy', 'probability': 0.5799785852432251}, {'class_name': 'rose', 'probability': 0.24357610940933228}, {'class_name': 'dandelion', 'probability': 0.08631359785795212}]"
daisy/5608389827_a42a46f760.jpg,0,daisy,0,daisy,"[{'class_name': 'daisy', 'probability': 0.8026134967803955}, {'class_name': 'rose', 'probability': 0.14567039906978607}, {'class_name': 'dandelion', 'probability': 0.026205087080597878}]"
daisy/5665834973_76bd6c6523_m.jpg,0,daisy,1,dandelion,"[{'class_name': 'dandelion', 'probability': 0.5731981992721558}, {'class_name': 'daisy', 'probability': 0.3193392753601074}, {'class_name': 'sunflower', 'probability': 0.06968854367733002}]"
daisy/5665838969_fe217988b9_m.jpg,0,daisy,1,dandelion,"[{'class_name': 'dandelion', 'probability': 0.7137054800987244}, {'class_name': 'daisy', 'probability': 0.1779046207666397}, {'class_name': 'sunflower', 'probability': 0.07047109305858612}]"
daisy/5773652803_574b51414f_n.jpg,0,daisy,0,daisy,"[{'class_name': 'daisy', 'probability': 0.9331124424934387}, {'class_name': 'tulip', 'probability': 0.028998717665672302}, {'class_name': 'sunflower', 'probability': 0.02229623682796955}]"
daisy/5794835_d15905c7c8_n.jpg,0,daisy,0,daisy,"[{'class_name': 'daisy', 'probability': 0.9907448887825012}, {'class_name': 'dandelion', 'probability': 0.0043659815564751625}, {'class_name': 'rose', 'probability': 0.00185446219984442}]"
daisy/5869147563_66fb88119d.jpg,0,daisy,0,daisy,"[{'class_name': 'daisy', 'probability': 0.9371430277824402}, {'class_name': 'rose', 'probability': 0.029142215847969055}, {'class_name': 'tulip', 'probability': 0.027512390166521072}]"
daisy/5884807222_22f5326ba8_m.jpg,0,daisy,0,daisy,"[{'class_name': 'daisy', 'probability': 0.9880814552307129}, {'class_name': 'sunflower', 'probability': 0.00764121999964118}, {'class_name': 'dandelion', 'probability': 0.0017572568031027913}]"
daisy/5885826924_38fdc6bcaa_n.jpg,0,daisy,0,daisy,"[{'class_name': 'daisy', 'probability': 0.9983779191970825}, {'class_name': 'dandelion', 'probability': 0.0007614626665599644}, {'class_name': 'rose', 'probability': 0.00038762178155593574}]"
daisy/5896675418_e6ff20a739_n.jpg,0,daisy,3,sunflower,"[{'class_name': 'sunflower', 'probability': 0.7494252920150757}, {'class_name': 'daisy', 'probability': 0.12433396279811859}, {'class_name': 'dandelion', 'probability': 0.11577467620372772}]"
daisy/5896680664_641de2de5a_n.jpg,0,daisy,0,daisy,"[{'class_name': 'daisy', 'probability': 0.43612417578697205}, {'class_name': 'dandelion', 'probability': 0.3824388384819031}, {'class_name': 'tulip', 'probability': 0.10799266397953033}]"
daisy/5905504340_1d60fa9611_n.jpg,0,daisy,0,daisy,"[{'class_name': 'daisy', 'probability': 0.9836394190788269}, {'class_name': 'dandelion', 'probability': 0.00871346052736044}, {'class_name': 'tulip', 'probability': 0.0036592460237443447}]"
daisy/5944315415_2be8abeb2f_m.jpg,0,daisy,1,dandelion,"[{'class_name': 'dandelion', 'probability': 0.4742269515991211}, {'class_name': 'daisy', 'probability': 0.34658774733543396}, {'class_name': 'sunflower', 'probability': 0.06402257829904556}]"
daisy/5948835387_5a98d39eff_m.jpg,0,daisy,0,daisy,"[{'class_name': 'daisy', 'probability': 0.974881649017334}, {'class_name': 'rose', 'probability': 0.00834592618048191}, {'class_name': 'sunflower', 'probability': 0.0070268698036670685}]"
daisy/6323721068_3d3394af6d_n.jpg,0,daisy,0,daisy,"[{'class_name': 'daisy', 'probability': 0.34241005778312683}, {'class_name': 'tulip', 'probability': 0.2464657574892044}, {'class_name': 'dandelion', 'probability': 0.24017737805843353}]"
daisy/6480809573_76a0074b69_n.jpg,0,daisy,0,daisy,"[{'class_name': 'daisy', 'probability': 0.6552771925926208}, {'class_name': 'dandelion', 'probability': 0.3047313690185547}, {'class_name': 'rose', 'probability': 0.0325794517993927}]"
daisy/6529588249_d9cbe68aab_n.jpg,0,daisy,0,daisy,"[{'class_name': 'daisy', 'probability': 0.994524359703064}, {'class_name': 'tulip', 'probability': 0.0016319570131599903}, {'class_name': 'sunflower', 'probability': 0.0015486980555579066}]"
daisy/6864242336_0d12713fe5_n.jpg,0,daisy,0,daisy,"[{'class_name': 'daisy', 'probability': 0.9697350859642029}, {'class_name': 'dandelion', 'probability': 0.0145769864320755}, {'class_name': 'rose', 'probability': 0.0071314861997962}]"
daisy/7066602021_2647457985_m.jpg,0,daisy,2,rose,"[{'class_name': 'rose', 'probability': 0.6376992464065552}, {'class_name': 'tulip', 'probability': 0.18505491316318512}, {'class_name': 'daisy', 'probability': 0.12193996459245682}]"
daisy/7133935763_82b17c8e1b_n.jpg,0,daisy,0,daisy,"[{'class_name': 'daisy', 'probability': 0.5769484639167786}, {'class_name': 'dandelion', 'probability': 0.27870726585388184}, {'class_name': 'tulip', 'probability': 0.08625410497188568}]"
daisy/7358085448_b317d11cd5.jpg,0,daisy,0,daisy,"[{'class_name': 'daisy', 'probability': 0.6850592494010925}, {'class_name': 'sunflower', 'probability': 0.11601446568965912}, {'class_name': 'dandelion', 'probability': 0.09496280550956726}]"
daisy/7454630692_ab2d67dd18_m.jpg,0,daisy,0,daisy,"[{'class_name': 'daisy', 'probability': 0.952518105506897}, {'class_name': 'sunflower', 'probability': 0.036898259073495865}, {'class_name': 'dandelion', 'probability': 0.005948995240032673}]"
daisy/7630520686_e3a61ac763.jpg,0,daisy,0,daisy,"[{'class_name': 'daisy', 'probability': 0.8516119718551636}, {'class_name': 'dandelion', 'probability': 0.10187849402427673}, {'class_name': 'tulip', 'probability': 0.024833379313349724}]"
daisy/8085329197_41d53a21e2_n.jpg,0,daisy,0,daisy,"[{'class_name': 'daisy', 'probability': 0.9954040050506592}, {'class_name': 'dandelion', 'probability': 0.001488999230787158}, {'class_name': 'tulip', 'probability': 0.0013966147089377046}]"
daisy/8348621545_8f02b82662_n.jpg,0,daisy,0,daisy,"[{'class_name': 'daisy', 'probability': 0.9565806984901428}, {'class_name': 'dandelion', 'probability': 0.02723301388323307}, {'class_name': 'tulip', 'probability': 0.006120939273387194}]"
daisy/8706810197_17b6c1f1e7.jpg,0,daisy,0,daisy,"[{'class_name': 'daisy', 'probability': 0.8885079622268677}, {'class_name': 'dandelion', 'probability': 0.07270786911249161}, {'class_name': 'tulip', 'probability': 0.019710147753357887}]"
daisy/8938566373_d129e7af75.jpg,0,daisy,0,daisy,"[{'class_name': 'daisy', 'probability': 0.9315390586853027}, {'class_name': 'rose', 'probability': 0.03200104087591171}, {'class_name': 'tulip', 'probability': 0.02683083713054657}]"
daisy/9094631844_1a6abca29e.jpg,0,daisy,0,daisy,"[{'class_name': 'daisy', 'probability': 0.8324348330497742}, {'class_name': 'dandelion', 'probability': 0.063404880464077}, {'class_name': 'sunflower', 'probability': 0.056768979877233505}]"
daisy/9146733107_98b15d3892_m.jpg,0,daisy,0,daisy,"[{'class_name': 'daisy', 'probability': 0.9920468330383301}, {'class_name': 'tulip', 'probability': 0.0031164647080004215}, {'class_name': 'sunflower', 'probability': 0.0029486853163689375}]"
daisy/9158041313_7a6a102f7a_n.jpg,0,daisy,0,daisy,"[{'class_name': 'daisy', 'probability': 0.8229109048843384}, {'class_name': 'sunflower', 'probability': 0.06561221927404404}, {'class_name': 'rose', 'probability': 0.05777885764837265}]"
daisy/9225336602_e6c392f941_n.jpg,0,daisy,0,daisy,"[{'class_name': 'daisy', 'probability': 0.6487596035003662}, {'class_name': 'sunflower', 'probability': 0.3039564788341522}, {'class_name': 'rose', 'probability': 0.025866037234663963}]"
daisy/9244082319_b1f7e2d8b0_n.jpg,0,daisy,0,daisy,"[{'class_name': 'daisy', 'probability': 0.5199369788169861}, {'class_name': 'dandelion', 'probability': 0.3811560273170471}, {'class_name': 'tulip', 'probability': 0.06761271506547928}]"
daisy/9467543719_c4800becbb_m.jpg,0,daisy,0,daisy,"[{'class_name': 'daisy', 'probability': 0.9861428141593933}, {'class_name': 'dandelion', 'probability': 0.009084283374249935}, {'class_name': 'sunflower', 'probability': 0.003431823803111911}]"
daisy/9529916092_de70623523_n.jpg,0,daisy,0,daisy,"[{'class_name': 'daisy', 'probability': 0.9744741916656494}, {'class_name': 'tulip', 'probability': 0.009494489058852196}, {'class_name': 'dandelion', 'probability': 0.006049355026334524}]"
daisy/9593034725_0062f0d24e_n.jpg,0,daisy,0,daisy,"[{'class_name': 'daisy', 'probability': 0.9796638488769531}, {'class_name': 'tulip', 'probability': 0.00721215782687068}, {'class_name': 'dandelion', 'probability': 0.0060597918927669525}]"
dandelion/10486992895_20b344ce2d_n.jpg,1,dandelion,1,dandelion,"[{'class_name': 'dandelion', 'probability': 0.9937833547592163}, {'class_name': 'sunflower', 'probability': 0.0028730991762131453}, {'class_name': 'tulip', 'probability': 0.0012678158236667514}]"
dandelion/10617162044_8740d4dd9f_n.jpg,1,dandelion,1,dandelion,"[{'class_name': 'dandelion', 'probability': 0.9035515785217285}, {'class_name': 'sunflower', 'probability': 0.06558771431446075}, {'class_name': 'daisy', 'probability': 0.013977893628180027}]"
dandelion/10617191174_9a01753241_n.jpg,1,dandelion,1,dandelion,"[{'class_name': 'dandelion', 'probability': 0.726361870765686}, {'class_name': 'sunflower', 'probability': 0.20446769893169403}, {'class_name': 'tulip', 'probability': 0.02783425897359848}]"
dandelion/11405573_24a8a838cc_n.jpg,1,dandelion,1,dandelion,"[{'class_name': 'dandelion', 'probability': 0.99210125207901}, {'class_name': 'rose', 'probability': 0.002724161371588707}, {'class_name': 'sunflower', 'probability': 0.002131110755726695}]"
dandelion/1195255751_d58b3d3076.jpg,1,dandelion,1,dandelion,"[{'class_name': 'dandelion', 'probability': 0.9966245889663696}, {'class_name': 'sunflower', 'probability': 0.0017650679219514132}, {'class_name': 'tulip', 'probability': 0.0009534303098917007}]"
dandelion/12093962485_7c3e9a2a23_n.jpg,1,dandelion,4,tulip,"[{'class_name': 'tulip', 'probability': 0.3819708824157715}, {'class_name': 'dandelion', 'probability': 0.2672146260738373}, {'class_name': 'daisy', 'probability': 0.1716102510690689}]"
dandelion/1241011700_261ae180ca.jpg,1,dandelion,1,dandelion,"[{'class_name': 'dandelion', 'probability': 0.9642717838287354}, {'class_name': 'daisy', 'probability': 0.014328048564493656}, {'class_name': 'tulip', 'probability': 0.011438949033617973}]"
dandelion/1297972485_33266a18d9.jpg,1,dandelion,1,dandelion,"[{'class_name': 'dandelion', 'probability': 0.8600748181343079}, {'class_name': 'sunflower', 'probability': 0.07935690134763718}, {'class_name': 'daisy', 'probability': 0.043140701949596405}]"
dandelion/12998979765_3de89e7195_n.jpg,1,dandelion,1,dandelion,"[{'class_name': 'dandelion', 'probability': 0.9661938548088074}, {'class_name': 'tulip', 'probability': 0.02410723641514778}, {'class_name': 'sunflower', 'probability': 0.006862682290375233}]"
dandelion/1353279846_7e6b87606d.jpg,1,dandelion,1,dandelion,"[{'class_name': 'dandelion', 'probability': 0.9023122787475586}, {'class_name': 'tulip', 'probability': 0.08371919393539429}, {'class_name': 'sunflower', 'probability': 0.007944821380078793}]"
dandelion/136011860_44ca0b2835_n.jpg,1,dandelion,1,dandelion,"[{'class_name': 'dandelion', 'probability': 0.9771966934204102}, {'class_name': 'sunflower', 'probability': 0.011494955979287624}, {'class_name': 'tulip', 'probability': 0.006858482025563717}]"
dandelion/136999986_e410a68efb_n.jpg,1,dandelion,1,dandelion,"[{'class_name': 'dandelion', 'probability': 0.9787406325340271}, {'class_name': 'daisy', 'probability': 0.011170929297804832}, {'class_name': 'tulip', 'probability': 0.00458968710154295}]"
dandelion/13920113_f03e867ea7_m.jpg,1,dandelion,1,dandelion,"[{'class_name': 'dandelion', 'probability': 0.9723291993141174}, {'class_name': 'daisy', 'probability': 0.012549451552331448}, {'class_name': 'sunflower', 'probability': 0.007608938030898571}]"
dandelion/14019781123_ea0f8722d4_n.jpg,1,dandelion,1,dandelion,"[{'class_name': 'dandelion', 'probability': 0.6436265110969543}, {'class_name': 'rose', 'probability': 0.18545806407928467}, {'class_name': 'tulip', 'probability': 0.10523229837417603}]"
dandelion/14021281124_89cc388eac_n.jpg,1,dandelion,1,dandelion,"[{'class_name': 'dandelion', 'probability': 0.975595235824585}, {'class_name': 'daisy', 'probability': 0.009499150328338146}, {'class_name': 'sunflower', 'probability': 0.006182671058923006}]"
dandelion/14128839257_23def53028.jpg,1,dandelion,1,dandelion,"[{'class_name': 'dandelion', 'probability': 0.8839251399040222}, {'class_name': 'tulip', 'probability': 0.051620963960886}, {'class_name': 'daisy', 'probability': 0.03173185512423515}]"
dandelion/14278605962_d3cce5522f.jpg,1,dandelion,1,dandelion,"[{'class_name': 'dandelion', 'probability': 0.9715092182159424}, {'class_name': 'sunflower', 'probability': 0.011578732170164585}, {'class_name': 'rose', 'probability': 0.008806849829852581}]"
dandelion/142813254_20a7fd5fb6_n.jpg,1,dandelion,1,dandelion,"[{'class_name': 'dandelion', 'probability': 0.9725176095962524}, {'class_name': 'daisy', 'probability': 0.016020353883504868}, {'class_name': 'sunflower', 'probability': 0.005697367247194052}]"
dandelion/14313509432_6f2343d6c8_m.jpg,1,dandelion,1,dandelion,"[{'class_name': 'dandelion', 'probability': 0.9230318069458008}, {'class_name': 'sunflower', 'probability': 0.05102289095520973}, {'class_name': 'tulip', 'probability': 0.01254319678992033}]"
dandelion/148180650_19a4b410db.jpg,1,dandelion,1,dandelion,"[{'class_name': 'dandelion', 'probability': 0.9105158448219299}, {'class_name': 'daisy', 'probability': 0.04111048951745033}, {'class_name': 'rose', 'probability': 0.027870824560523033}]"
dandelion/160456948_38c3817c6a_m.jpg,1,dandelion,1,dandelion,"[{'class_name': 'dandelion', 'probability': 0.9961976408958435}, {'class_name': 'sunflower', 'probability': 0.0026619285345077515}, {'class_name': 'tulip', 'probability': 0.0004714708775281906}]"
dandelion/16237158409_01913cf918_n.jpg,1,dandelion,1,dandelion,"[{'class_name': 'dandelion', 'probability': 0.5061857104301453}, {'class_name': 'tulip', 'probability': 0.2412647157907486}, {'class_name': 'rose', 'probability': 0.10910620540380478}]"
dandelion/16242239484_51286673af.jpg,1,dandelion,1,dandelion,"[{'class_name': 'dandelion', 'probability': 0.978700578212738}, {'class_name': 'tulip', 'probability': 0.0069580646231770515}, {'class_name': 'sunflower', 'probability': 0.006287368014454842}]"
dandelion/16863587471_cc3a6ffb29_m.jpg,1,dandelion,1,dandelion,"[{'class_name': 'dandelion', 'probability': 0.948069155216217}, {'class_name': 'rose', 'probability': 0.022258596494793892}, {'class_name': 'daisy', 'probability': 0.016231968998908997}]"
dandelion/16987075_9a690a2183.jpg,1,dandelion,1,dandelion,"[{'class_name': 'dandelion', 'probability': 0.9483249187469482}, {'class_name': 'sunflower', 'probability': 0.02483810856938362}, {'class_name': 'daisy', 'probability': 0.012686751782894135}]"
dandelion/17161833794_e1d92259d2_m.jpg,1,dandelion,1,dandelion,"[{'class_name': 'dandelion', 'probability': 0.889663815498352}, {'class_name': 'tulip', 'probability': 0.03702064976096153}, {'class_name': 'daisy', 'probability': 0.031032482162117958}]"
dandelion/17220096449_0e535989f0_n.jpg,1,dandelion,1,dandelion,"[{'class_name': 'dandelion', 'probability': 0.7967239022254944}, {'class_name': 'daisy', 'probability': 0.0852152407169342}, {'class_name': 'rose', 'probability': 0.057287346571683884}]"
dandelion/17346385582_7ba433dbbe.jpg,1,dandelion,1,dandelion,"[{'class_name': 'dandelion', 'probability': 0.9263423681259155}, {'class_name': 'tulip', 'probability': 0.023733308538794518}, {'class_name': 'daisy', 'probability': 0.018994154408574104}]"
dandelion/17388697431_0d84c427d1_n.jpg,1,dandelion,1,dandelion,"[{'class_name': 'dandelion', 'probability': 0.9876712560653687}, {'class_name': 'daisy', 'probability': 0.005006546154618263}, {'class_name': 'sunflower', 'probability': 0.003989306278526783}]"
dandelion/17420983523_2e32d70359.jpg,1,dandelion,1,dandelion,"[{'class_name': 'dandelion', 'probability': 0.9766530990600586}, {'class_name': 'daisy', 'probability': 0.014340844005346298}, {'class_name': 'sunflower', 'probability': 0.005126706324517727}]"
dandelion/17457028309_95514c8d02_n.jpg,1,dandelion,1,dandelion,"[{'class_name': 'dandelion', 'probability': 0.8656310439109802}, {'class_name': 'sunflower', 'probability': 0.12457438558340073}, {'class_name': 'tulip', 'probability': 0.0042013437487185}]"
dandelion/17482158576_86c5ebc2f8.jpg,1,dandelion,1,dandelion,"[{'class_name': 'dandelion', 'probability': 0.8238005638122559}, {'class_name': 'daisy', 'probability': 0.1221534013748169}, {'class_name': 'rose', 'probability': 0.030164221301674843}]"
dandelion/17649230811_9bdbbacb8c.jpg,1,dandelion,1,dandelion,"[{'class_name': 'dandelion', 'probability': 0.9316291809082031}, {'class_name': 'daisy', 'probability': 0.031213367357850075}, {'class_name': 'tulip', 'probability': 0.021271366626024246}]"
dandelion/17688233756_21879104c1_n.jpg,1,dandelion,4,tulip,"[{'class_name': 'tulip', 'probability': 0.944911539554596}, {'class_name': 'daisy', 'probability': 0.024063512682914734}, {'class_name': 'rose', 'probability': 0.019105812534689903}]"
dandelion/177851662_b2622b4238_n.jpg,1,dandelion,1,dandelion,"[{'class_name': 'dandelion', 'probability': 0.9946697354316711}, {'class_name': 'sunflower', 'probability': 0.0025969254784286022}, {'class_name': 'tulip', 'probability': 0.001159164123237133}]"
dandelion/17821459748_873101edd0_m.jpg,1,dandelion,1,dandelion,"[{'class_name': 'dandelion', 'probability': 0.9890056252479553}, {'class_name': 'sunflower', 'probability': 0.0054988074116408825}, {'class_name': 'daisy', 'probability': 0.003381401998922229}]"
dandelion/18010259565_d6aae33ca7_n.jpg,1,dandelion,1,dandelion,"[{'class_name': 'dandelion', 'probability': 0.9896314740180969}, {'class_name': 'tulip', 'probability': 0.005106728058308363}, {'class_name': 'sunflower', 'probability': 0.0032027934212237597}]"
dandelion/18204150090_fb418bbddb.jpg,1,dandelion,1,dandelion,"[{'class_name': 'dandelion', 'probability': 0.9558729529380798}, {'class_name': 'tulip', 'probability': 0.018803603947162628}, {'class_name': 'daisy', 'probability': 0.013259013183414936}]"
dandelion/18243329421_771b4d938e.jpg,1,dandelion,1,dandelion,"[{'class_name': 'dandelion', 'probability': 0.9835438132286072}, {'class_name': 'rose', 'probability': 0.006641776766628027}, {'class_name': 'sunflower', 'probability': 0.005355927161872387}]"
dandelion/18282528206_7fb3166041.jpg,1,dandelion,1,dandelion,"[{'class_name': 'dandelion', 'probability': 0.992389976978302}, {'class_name': 'sunflower', 'probability': 0.003979912027716637}, {'class_name': 'daisy', 'probability': 0.0013907362008467317}]"
dandelion/18304194360_2a4a0be631_m.jpg,1,dandelion,1,dandelion,"[{'class_name': 'dandelion', 'probability': 0.9157729148864746}, {'class_name': 'tulip', 'probability': 0.033897578716278076}, {'class_name': 'daisy', 'probability': 0.03243334963917732}]"
dandelion/18342918441_b1bb69a2fd_n.jpg,1,dandelion,1,dandelion,"[{'class_name': 'dandelion', 'probability': 0.7474499344825745}, {'class_name': 'sunflower', 'probability': 0.22423817217350006}, {'class_name': 'daisy', 'probability': 0.01293176505714655}]"
dandelion/18995294384_77543e96b6_n.jpg,1,dandelion,1,dandelion,"[{'class_name': 'dandelion', 'probability': 0.970879077911377}, {'class_name': 'sunflower', 'probability': 0.023822298273444176}, {'class_name': 'daisy', 'probability': 0.0022959127090871334}]"
dandelion/19064700925_b93d474e37.jpg,1,dandelion,1,dandelion,"[{'class_name': 'dandelion', 'probability': 0.9658192992210388}, {'class_name': 'daisy', 'probability': 0.01969870924949646}, {'class_name': 'tulip', 'probability': 0.005667849909514189}]"
dandelion/19435491090_7af558e17e.jpg,1,dandelion,3,sunflower,"[{'class_name': 'sunflower', 'probability': 0.42486345767974854}, {'class_name': 'dandelion', 'probability': 0.35893651843070984}, {'class_name': 'daisy', 'probability': 0.10303227603435516}]"
dandelion/19617501581_606be5f716_n.jpg,1,dandelion,1,dandelion,"[{'class_name': 'dandelion', 'probability': 0.9921236634254456}, {'class_name': 'daisy', 'probability': 0.003754712175577879}, {'class_name': 'sunflower', 'probability': 0.003004609141498804}]"
dandelion/20179380768_7a2990d4e3_n.jpg,1,dandelion,1,dandelion,"[{'class_name': 'dandelion', 'probability': 0.9870129227638245}, {'class_name': 'sunflower', 'probability': 0.009202471934258938}, {'class_name': 'daisy', 'probability': 0.0019319880520924926}]"
dandelion/2019520447_48b2354a20_m.jpg,1,dandelion,1,dandelion,"[{'class_name': 'dandelion', 'probability': 0.9848089814186096}, {'class_name': 'sunflower', 'probability': 0.00572207011282444}, {'class_name': 'tulip', 'probability': 0.003604975761845708}]"
dandelion/22196426956_eca94f6faa_m.jpg,1,dandelion,1,dandelion,"[{'class_name': 'dandelion', 'probability': 0.5257325768470764}, {'class_name': 'daisy', 'probability': 0.40019896626472473}, {'class_name': 'tulip', 'probability': 0.05389416217803955}]"
dandelion/22274701614_901606ee34_n.jpg,1,dandelion,1,dandelion,"[{'class_name': 'dandelion', 'probability': 0.9924322366714478}, {'class_name': 'daisy', 'probability': 0.004185917321592569}, {'class_name': 'sunflower', 'probability': 0.0015988954110071063}]"
dandelion/22679060358_561ec823ae_m.jpg,1,dandelion,2,rose,"[{'class_name': 'rose', 'probability': 0.9273844957351685}, {'class_name': 'tulip', 'probability': 0.03601479530334473}, {'class_name': 'sunflower', 'probability': 0.02041441947221756}]"
dandelion/2303491518_f25fee9440.jpg,1,dandelion,1,dandelion,"[{'class_name': 'dandelion', 'probability': 0.9891437888145447}, {'class_name': 'daisy', 'probability': 0.003583196084946394}, {'class_name': 'sunflower', 'probability': 0.0026930400636047125}]"
dandelion/2330343016_23acc484ee.jpg,1,dandelion,1,dandelion,"[{'class_name': 'dandelion', 'probability': 0.9779562950134277}, {'class_name': 'daisy', 'probability': 0.007065787445753813}, {'class_name': 'tulip', 'probability': 0.0062833321280777454}]"
dandelion/2444241718_3ca53ce921.jpg,1,dandelion,1,dandelion,"[{'class_name': 'dandelion', 'probability': 0.9863988161087036}, {'class_name': 'daisy', 'probability': 0.0104684391990304}, {'class_name': 'sunflower', 'probability': 0.00175190856680274}]"
dandelion/2469856983_fe8e36ba57.jpg,1,dandelion,1,dandelion,"[{'class_name': 'dandelion', 'probability': 0.9921830296516418}, {'class_name': 'tulip', 'probability': 0.0029968288727104664}, {'class_name': 'daisy', 'probability': 0.002071012044325471}]"
dandelion/2502627784_4486978bcf.jpg,1,dandelion,0,daisy,"[{'class_name': 'daisy', 'probability': 0.9716368317604065}, {'class_name': 'rose', 'probability': 0.012487990781664848}, {'class_name': 'dandelion', 'probability': 0.01107633113861084}]"
dandelion/2503875867_2075a9225d_m.jpg,1,dandelion,1,dandelion,"[{'class_name': 'dandelion', 'probability': 0.9900922179222107}, {'class_name': 'daisy', 'probability': 0.003419614862650633}, {'class_name': 'sunflower', 'probability': 0.002713618567213416}]"
dandelion/2542908888_25a1c78ff0.jpg,1,dandelion,1,dandelion,"[{'class_name': 'dandelion', 'probability': 0.8317372798919678}, {'class_name': 'daisy', 'probability': 0.12443991005420685}, {'class_name': 'tulip', 'probability': 0.026346193626523018}]"
dandelion/2620243133_e801981efe_n.jpg,1,dandelion,1,dandelion,"[{'class_name': 'dandelion', 'probability': 0.923846423625946}, {'class_name': 'daisy', 'probability': 0.041152700781822205}, {'class_name': 'rose', 'probability': 0.022297272458672523}]"
dandelion/2697283969_c1f9cbb936.jpg,1,dandelion,1,dandelion,"[{'class_name': 'dandelion', 'probability': 0.891428530216217}, {'class_name': 'rose', 'probability': 0.06934163719415665}, {'class_name': 'sunflower', 'probability': 0.018762579187750816}]"
dandelion/27186992702_449dfa54ef_n.jpg,1,dandelion,1,dandelion,"[{'class_name': 'dandelion', 'probability': 0.9492433667182922}, {'class_name': 'tulip', 'probability': 0.02970741130411625}, {'class_name': 'sunflower', 'probability': 0.010665904730558395}]"
dandelion/2938040169_eb38581359.jpg,1,dandelion,1,dandelion,"[{'class_name': 'dandelion', 'probability': 0.9162545204162598}, {'class_name': 'daisy', 'probability': 0.03719671815633774}, {'class_name': 'rose', 'probability': 0.019693326205015182}]"
dandelion/3005677730_2662753d3f_m.jpg,1,dandelion,1,dandelion,"[{'class_name': 'dandelion', 'probability': 0.8099501132965088}, {'class_name': 'daisy', 'probability': 0.10051033645868301}, {'class_name': 'sunflower', 'probability': 0.06147807091474533}]"
dandelion/3198028825_fdfaa1d020.jpg,1,dandelion,1,dandelion,"[{'class_name': 'dandelion', 'probability': 0.9490367770195007}, {'class_name': 'daisy', 'probability': 0.022431986406445503}, {'class_name': 'tulip', 'probability': 0.014700623229146004}]"
dandelion/3297108443_0393d04dfc_m.jpg,1,dandelion,1,dandelion,"[{'class_name': 'dandelion', 'probability': 0.9957395792007446}, {'class_name': 'sunflower', 'probability': 0.0018763032276183367}, {'class_name': 'rose', 'probability': 0.000975320057477802}]"
dandelion/33522989504_542fde1a1a_n.jpg,1,dandelion,1,dandelion,"[{'class_name': 'dandelion', 'probability': 0.9968103766441345}, {'class_name': 'sunflower', 'probability': 0.0018823941936716437}, {'class_name': 'daisy', 'probability': 0.0008412669412791729}]"
dandelion/3357432116_b3dce6fed3_n.jpg,1,dandelion,1,dandelion,"[{'class_name': 'dandelion', 'probability': 0.9754844307899475}, {'class_name': 'sunflower', 'probability': 0.010744397528469563}, {'class_name': 'daisy', 'probability': 0.0073745474219322205}]"
dandelion/3365850019_8158a161a8_n.jpg,1,dandelion,1,dandelion,"[{'class_name': 'dandelion', 'probability': 0.9779436588287354}, {'class_name': 'daisy', 'probability': 0.0064991069957613945}, {'class_name': 'tulip', 'probability': 0.0058917333371937275}]"
dandelion/33849982914_0f017c8e3c_n.jpg,1,dandelion,1,dandelion,"[{'class_name': 'dandelion', 'probability': 0.6478862166404724}, {'class_name': 'daisy', 'probability': 0.1520535945892334}, {'class_name': 'tulip', 'probability': 0.08805263042449951}]"
dandelion/33851560384_d2e7d933db_n.jpg,1,dandelion,1,dandelion,"[{'class_name': 'dandelion', 'probability': 0.5201651453971863}, {'class_name': 'daisy', 'probability': 0.3625141382217407}, {'class_name': 'tulip', 'probability': 0.07495096325874329}]"
dandelion/33909432943_bf810400b7_n.jpg,1,dandelion,1,dandelion,"[{'class_name': 'dandelion', 'probability': 0.9684195518493652}, {'class_name': 'tulip', 'probability': 0.011727899312973022}, {'class_name': 'daisy', 'probability': 0.009856578893959522}]"
dandelion/33913495873_b582be4fdf_n.jpg,1,dandelion,1,dandelion,"[{'class_name': 'dandelion', 'probability': 0.8429334163665771}, {'class_name': 'sunflower', 'probability': 0.0616159588098526}, {'class_name': 'rose', 'probability': 0.05245984345674515}]"
dandelion/33924521963_48cdc4f455_n.jpg,1,dandelion,1,dandelion,"[{'class_name': 'dandelion', 'probability': 0.5078009366989136}, {'class_name': 'daisy', 'probability': 0.3323928713798523}, {'class_name': 'rose', 'probability': 0.10237252712249756}]"
dandelion/33980437760_60f3ceaf03_n.jpg,1,dandelion,1,dandelion,"[{'class_name': 'dandelion', 'probability': 0.9732102155685425}, {'class_name': 'sunflower', 'probability': 0.011433198116719723}, {'class_name': 'tulip', 'probability': 0.006219940260052681}]"
dandelion/34310456510_a4ceda64da_n.jpg,1,dandelion,1,dandelion,"[{'class_name': 'dandelion', 'probability': 0.9583474397659302}, {'class_name': 'sunflower', 'probability': 0.034206192940473557}, {'class_name': 'tulip', 'probability': 0.004949983209371567}]"
dandelion/34311470786_5b2b5bea1d_n.jpg,1,dandelion,1,dandelion,"[{'class_name': 'dandelion', 'probability': 0.9822015166282654}, {'class_name': 'sunflower', 'probability': 0.013504614122211933}, {'class_name': 'tulip', 'probability': 0.002140124561265111}]"
dandelion/34343228430_8df9f1c03a_n.jpg,1,dandelion,1,dandelion,"[{'class_name': 'dandelion', 'probability': 0.9489663243293762}, {'class_name': 'daisy', 'probability': 0.02054429240524769}, {'class_name': 'sunflower', 'probability': 0.015368973836302757}]"
dandelion/344318990_7be3fb0a7d.jpg,1,dandelion,1,dandelion,"[{'class_name': 'dandelion', 'probability': 0.624686598777771}, {'class_name': 'rose', 'probability': 0.18564186990261078}, {'class_name': 'daisy', 'probability': 0.1056583970785141}]"
dandelion/34536491752_dd130e7b79_n.jpg,1,dandelion,1,dandelion,"[{'class_name': 'dandelion', 'probability': 0.9824610352516174}, {'class_name': 'tulip', 'probability': 0.00646843109279871}, {'class_name': 'daisy', 'probability': 0.004564068745821714}]"
dandelion/3454102259_957ecd0a9b.jpg,1,dandelion,1,dandelion,"[{'class_name': 'dandelion', 'probability': 0.8660220503807068}, {'class_name': 'daisy', 'probability': 0.08186788111925125}, {'class_name': 'tulip', 'probability': 0.03516247496008873}]"
dandelion/34551666432_c5b5f9684e_n.jpg,1,dandelion,1,dandelion,"[{'class_name': 'dandelion', 'probability': 0.9933765530586243}, {'class_name': 'daisy', 'probability': 0.003909030929207802}, {'class_name': 'sunflower', 'probability': 0.0011074936483055353}]"
dandelion/34571582172_efa4946a45_n.jpg,1,dandelion,1,dandelion,"[{'class_name': 'dandelion', 'probability': 0.8856543302536011}, {'class_name': 'tulip', 'probability': 0.05244631692767143}, {'class_name': 'daisy', 'probability': 0.036801889538764954}]"
dandelion/34582964591_dc9f160fce_n.jpg,1,dandelion,1,dandelion,"[{'class_name': 'dandelion', 'probability': 0.42077967524528503}, {'class_name': 'sunflower', 'probability': 0.232564315199852}, {'class_name': 'daisy', 'probability': 0.1686507910490036}]"
dandelion/34584449441_576a1336b1_n.jpg,1,dandelion,1,dandelion,"[{'class_name': 'dandelion', 'probability': 0.7342960238456726}, {'class_name': 'daisy', 'probability': 0.18163283169269562}, {'class_name': 'tulip', 'probability': 0.06765508651733398}]"
dandelion/34599366451_2854aee943_n.jpg,1,dandelion,1,dandelion,"[{'class_name': 'dandelion', 'probability': 0.7152348756790161}, {'class_name': 'tulip', 'probability': 0.12590350210666656}, {'class_name': 'sunflower', 'probability': 0.09103666245937347}]"
dandelion/34653465656_31bc613631_n.jpg,1,dandelion,1,dandelion,"[{'class_name': 'dandelion', 'probability': 0.5483710169792175}, {'class_name': 'tulip', 'probability': 0.31836795806884766}, {'class_name': 'daisy', 'probability': 0.09997548162937164}]"
dandelion/34694292346_83b4d97809_n.jpg,1,dandelion,1,dandelion,"[{'class_name': 'dandelion', 'probability': 0.9901520609855652}, {'class_name': 'tulip', 'probability': 0.003777874633669853}, {'class_name': 'daisy', 'probability': 0.002782754600048065}]"
dandelion/34721329895_529f999fb6_n.jpg,1,dandelion,1,dandelion,"[{'class_name': 'dandelion', 'probability': 0.9873520135879517}, {'class_name': 'daisy', 'probability': 0.007478801533579826}, {'class_name': 'sunflower', 'probability': 0.0033220036420971155}]"
dandelion/34728513735_ebb4b179eb_n.jpg,1,dandelion,0,daisy,"[{'class_name': 'daisy', 'probability': 0.8448286652565002}, {'class_name': 'dandelion', 'probability': 0.11273705214262009}, {'class_name': 'rose', 'probability': 0.01844620332121849}]"
dandelion/3501368412_358e144d1f.jpg,1,dandelion,1,dandelion,"[{'class_name': 'dandelion', 'probability': 0.953692615032196}, {'class_name': 'rose', 'probability': 0.020259549841284752}, {'class_name': 'tulip', 'probability': 0.01036822609603405}]"
dandelion/3517492544_0fd3ed6a66_m.jpg,1,dandelion,1,dandelion,"[{'class_name': 'dandelion', 'probability': 0.9777952432632446}, {'class_name': 'tulip', 'probability': 0.007558186072856188}, {'class_name': 'sunflower', 'probability': 0.0069169094786047935}]"
dandelion/3562861685_8b8d747b4d.jpg,1,dandelion,1,dandelion,"[{'class_name': 'dandelion', 'probability': 0.981189489364624}, {'class_name': 'daisy', 'probability': 0.00639009103178978}, {'class_name': 'tulip', 'probability': 0.0062201670370996}]"
dandelion/3580443099_9a6902ebd8_n.jpg,1,dandelion,1,dandelion,"[{'class_name': 'dandelion', 'probability': 0.8659482598304749}, {'class_name': 'daisy', 'probability': 0.0594194121658802}, {'class_name': 'sunflower', 'probability': 0.04124312102794647}]"
dandelion/3591588855_b4fd53b000.jpg,1,dandelion,1,dandelion,"[{'class_name': 'dandelion', 'probability': 0.9578648805618286}, {'class_name': 'sunflower', 'probability': 0.013631412759423256}, {'class_name': 'rose', 'probability': 0.011793461628258228}]"
dandelion/3844111216_742ea491a0.jpg,1,dandelion,1,dandelion,"[{'class_name': 'dandelion', 'probability': 0.9886159300804138}, {'class_name': 'daisy', 'probability': 0.004017265979200602}, {'class_name': 'sunflower', 'probability': 0.003028036328032613}]"
dandelion/4082856478_741a411ebb.jpg,1,dandelion,1,dandelion,"[{'class_name': 'dandelion', 'probability': 0.9284437298774719}, {'class_name': 'tulip', 'probability': 0.03180016949772835}, {'class_name': 'daisy', 'probability': 0.025206152349710464}]"
dandelion/4134441089_c8c1e6132a.jpg,1,dandelion,1,dandelion,"[{'class_name': 'dandelion', 'probability': 0.9763163924217224}, {'class_name': 'daisy', 'probability': 0.007744310423731804}, {'class_name': 'sunflower', 'probability': 0.00605763029307127}]"
dandelion/4258272381_65bd4b8191_m.jpg,1,dandelion,0,daisy,"[{'class_name': 'daisy', 'probability': 0.8478129506111145}, {'class_name': 'dandelion', 'probability': 0.07199911028146744}, {'class_name': 'rose', 'probability': 0.03375380113720894}]"
dandelion/4510350093_3700064215.jpg,1,dandelion,1,dandelion,"[{'class_name': 'dandelion', 'probability': 0.9503232836723328}, {'class_name': 'tulip', 'probability': 0.029181458055973053}, {'class_name': 'daisy', 'probability': 0.012279808521270752}]"
dandelion/4514343281_26781484df.jpg,1,dandelion,1,dandelion,"[{'class_name': 'dandelion', 'probability': 0.9893503785133362}, {'class_name': 'sunflower', 'probability': 0.004506741184741259}, {'class_name': 'rose', 'probability': 0.0036518569104373455}]"
dandelion/4523862714_b41b459c88.jpg,1,dandelion,1,dandelion,"[{'class_name': 'dandelion', 'probability': 0.9938105940818787}, {'class_name': 'sunflower', 'probability': 0.0028704949654638767}, {'class_name': 'daisy', 'probability': 0.0014419062063097954}]"
dandelion/4550784336_584d7a65de_m.jpg,1,dandelion,1,dandelion,"[{'class_name': 'dandelion', 'probability': 0.9742722511291504}, {'class_name': 'daisy', 'probability': 0.011882134713232517}, {'class_name': 'tulip', 'probability': 0.008123558014631271}]"
dandelion/4568317687_3f89622f76.jpg,1,dandelion,1,dandelion,"[{'class_name': 'dandelion', 'probability': 0.6630958914756775}, {'class_name': 'tulip', 'probability': 0.18866823613643646}, {'class_name': 'daisy', 'probability': 0.0764307752251625}]"
dandelion/4574451859_432c856b6e_n.jpg,1,dandelion,1,dandelion,"[{'class_name': 'dandelion', 'probability': 0.9912542700767517}, {'class_name': 'sunflower', 'probability': 0.004058599006384611}, {'class_name': 'daisy', 'probability': 0.001713569974526763}]"
dandelion/4588529727_4a79c61577.jpg,1,dandelion,1,dandelion,"[{'class_name': 'dandelion', 'probability': 0.4518754184246063}, {'class_name': 'rose', 'probability': 0.24086147546768188}, {'class_name': 'tulip', 'probability': 0.23623746633529663}]"
dandelion/4610125337_50798408b8_m.jpg,1,dandelion,1,dandelion,"[{'class_name': 'dandelion', 'probability': 0.7912217974662781}, {'class_name': 'daisy', 'probability': 0.08697306364774704}, {'class_name': 'sunflower', 'probability': 0.07425443828105927}]"
dandelion/4632235020_d00ce1e497.jpg,1,dandelion,1,dandelion,"[{'class_name': 'dandelion', 'probability': 0.9957513809204102}, {'class_name': 'sunflower', 'probability': 0.002600378356873989}, {'class_name': 'rose', 'probability': 0.0007068180711939931}]"
dandelion/4632251871_9f324a7bb5.jpg,1,dandelion,1,dandelion,"[{'class_name': 'dandelion', 'probability': 0.8825406432151794}, {'class_name': 'tulip', 'probability': 0.05169662460684776}, {'class_name': 'rose', 'probability': 0.04216707870364189}]"
dandelion/4669006062_6b3d260037_n.jpg,1,dandelion,1,dandelion,"[{'class_name': 'dandelion', 'probability': 0.9800918102264404}, {'class_name': 'rose', 'probability': 0.009013998322188854}, {'class_name': 'sunflower', 'probability': 0.005386514589190483}]"
dandelion/468749497_951c571eff_n.jpg,1,dandelion,1,dandelion,"[{'class_name': 'dandelion', 'probability': 0.9532597064971924}, {'class_name': 'rose', 'probability': 0.02126121148467064}, {'class_name': 'sunflower', 'probability': 0.008903334848582745}]"
dandelion/4721773235_429acdf496_n.jpg,1,dandelion,1,dandelion,"[{'class_name': 'dandelion', 'probability': 0.8871488571166992}, {'class_name': 'rose', 'probability': 0.04356631264090538}, {'class_name': 'tulip', 'probability': 0.04102091118693352}]"
dandelion/477316928_a70a31a704_m.jpg,1,dandelion,1,dandelion,"[{'class_name': 'dandelion', 'probability': 0.950210452079773}, {'class_name': 'daisy', 'probability': 0.030523046851158142}, {'class_name': 'sunflower', 'probability': 0.010427289642393589}]"
dandelion/4953240903_a121fba81f_m.jpg,1,dandelion,1,dandelion,"[{'class_name': 'dandelion', 'probability': 0.9845131039619446}, {'class_name': 'sunflower', 'probability': 0.006825505290180445}, {'class_name': 'rose', 'probability': 0.0031606298871338367}]"
dandelion/510677438_73e4b91c95_m.jpg,1,dandelion,1,dandelion,"[{'class_name': 'dandelion', 'probability': 0.9787002205848694}, {'class_name': 'sunflower', 'probability': 0.011625002138316631}, {'class_name': 'tulip', 'probability': 0.005130602512508631}]"
dandelion/5416388641_c66d52d2ff_m.jpg,1,dandelion,1,dandelion,"[{'class_name': 'dandelion', 'probability': 0.9225152134895325}, {'class_name': 'rose', 'probability': 0.025208814069628716}, {'class_name': 'tulip', 'probability': 0.02015511877834797}]"
dandelion/5607669502_ccd2a76668_n.jpg,1,dandelion,1,dandelion,"[{'class_name': 'dandelion', 'probability': 0.9270205497741699}, {'class_name': 'tulip', 'probability': 0.023791320621967316}, {'class_name': 'rose', 'probability': 0.023498795926570892}]"
dandelion/5623492051_8e5ce438bd.jpg,1,dandelion,1,dandelion,"[{'class_name': 'dandelion', 'probability': 0.9852339625358582}, {'class_name': 'rose', 'probability': 0.008422158658504486}, {'class_name': 'sunflower', 'probability': 0.002653304487466812}]"
dandelion/5642429835_a0cbf1bab7_n.jpg,1,dandelion,1,dandelion,"[{'class_name': 'dandelion', 'probability': 0.9071752429008484}, {'class_name': 'sunflower', 'probability': 0.06519999355077744}, {'class_name': 'daisy', 'probability': 0.015466253273189068}]"
dandelion/5643666851_dc3f42399d_m.jpg,1,dandelion,1,dandelion,"[{'class_name': 'dandelion', 'probability': 0.9326725602149963}, {'class_name': 'sunflower', 'probability': 0.032062727957963943}, {'class_name': 'daisy', 'probability': 0.02914404310286045}]"
dandelion/5670543216_8c4cb0caa8_m.jpg,1,dandelion,1,dandelion,"[{'class_name': 'dandelion', 'probability': 0.9529879689216614}, {'class_name': 'sunflower', 'probability': 0.030884943902492523}, {'class_name': 'daisy', 'probability': 0.010666853748261929}]"
dandelion/5675705011_82729927ca_n.jpg,1,dandelion,1,dandelion,"[{'class_name': 'dandelion', 'probability': 0.9946572184562683}, {'class_name': 'sunflower', 'probability': 0.0018227349501103163}, {'class_name': 'rose', 'probability': 0.0012794729555025697}]"
dandelion/5715788902_9dd2b4ef1d.jpg,1,dandelion,1,dandelion,"[{'class_name': 'dandelion', 'probability': 0.8124315738677979}, {'class_name': 'tulip', 'probability': 0.1339184194803238}, {'class_name': 'sunflower', 'probability': 0.04196804016828537}]"
dandelion/5727534342_419604c177_n.jpg,1,dandelion,1,dandelion,"[{'class_name': 'dandelion', 'probability': 0.967466413974762}, {'class_name': 'sunflower', 'probability': 0.016252879053354263}, {'class_name': 'tulip', 'probability': 0.009017803706228733}]"
dandelion/5762590366_5cf7a32b87_n.jpg,1,dandelion,1,dandelion,"[{'class_name': 'dandelion', 'probability': 0.9765275716781616}, {'class_name': 'sunflower', 'probability': 0.015459221787750721}, {'class_name': 'daisy', 'probability': 0.005494826938956976}]"
dandelion/5772194932_60b833091f.jpg,1,dandelion,1,dandelion,"[{'class_name': 'dandelion', 'probability': 0.9531392455101013}, {'class_name': 'tulip', 'probability': 0.029615236446261406}, {'class_name': 'sunflower', 'probability': 0.009510466828942299}]"
dandelion/6044710875_0459796d1b_m.jpg,1,dandelion,1,dandelion,"[{'class_name': 'dandelion', 'probability': 0.9919283390045166}, {'class_name': 'daisy', 'probability': 0.0037666424177587032}, {'class_name': 'tulip', 'probability': 0.002446254948154092}]"
dandelion/6146107825_45f708ecd7_n.jpg,1,dandelion,1,dandelion,"[{'class_name': 'dandelion', 'probability': 0.9880950450897217}, {'class_name': 'daisy', 'probability': 0.005396153312176466}, {'class_name': 'sunflower', 'probability': 0.004572315141558647}]"
dandelion/6229634119_af5fec0a22.jpg,1,dandelion,1,dandelion,"[{'class_name': 'dandelion', 'probability': 0.9817020893096924}, {'class_name': 'sunflower', 'probability': 0.006934930104762316}, {'class_name': 'tulip', 'probability': 0.005403474438935518}]"
dandelion/6412422565_ce61ca48a9_n.jpg,1,dandelion,1,dandelion,"[{'class_name': 'dandelion', 'probability': 0.9943645000457764}, {'class_name': 'sunflower', 'probability': 0.003159117652103305}, {'class_name': 'daisy', 'probability': 0.001490347320213914}]"
dandelion/6495802659_98b57e0cca_m.jpg,1,dandelion,4,tulip,"[{'class_name': 'tulip', 'probability': 0.6601965427398682}, {'class_name': 'rose', 'probability': 0.22442340850830078}, {'class_name': 'daisy', 'probability': 0.07583082467317581}]"
dandelion/674407101_57676c40fb.jpg,1,dandelion,1,dandelion,"[{'class_name': 'dandelion', 'probability': 0.9707810282707214}, {'class_name': 'sunflower', 'probability': 0.010018309578299522}, {'class_name': 'tulip', 'probability': 0.007091332692652941}]"
dandelion/6918170172_3215766bf4_m.jpg,1,dandelion,1,dandelion,"[{'class_name': 'dandelion', 'probability': 0.9414931535720825}, {'class_name': 'sunflower', 'probability': 0.027460617944598198}, {'class_name': 'daisy', 'probability': 0.016517871990799904}]"
dandelion/7153497513_076486e26b_n.jpg,1,dandelion,1,dandelion,"[{'class_name': 'dandelion', 'probability': 0.971219003200531}, {'class_name': 'sunflower', 'probability': 0.012230023741722107}, {'class_name': 'daisy', 'probability': 0.010269000194966793}]"
dandelion/7193058132_36fd883048_m.jpg,1,dandelion,1,dandelion,"[{'class_name': 'dandelion', 'probability': 0.7487915754318237}, {'class_name': 'daisy', 'probability': 0.1855570673942566}, {'class_name': 'sunflower', 'probability': 0.02259405516088009}]"
dandelion/7232035352_84a39e99ba_n.jpg,1,dandelion,1,dandelion,"[{'class_name': 'dandelion', 'probability': 0.48497143387794495}, {'class_name': 'rose', 'probability': 0.4553014039993286}, {'class_name': 'tulip', 'probability': 0.040776576846838}]"
dandelion/7243478942_30bf542a2d_m.jpg,1,dandelion,1,dandelion,"[{'class_name': 'dandelion', 'probability': 0.9930891394615173}, {'class_name': 'rose', 'probability': 0.0022541724611073732}, {'class_name': 'daisy', 'probability': 0.001799686229787767}]"
dandelion/7280221020_98b473b20d_n.jpg,1,dandelion,1,dandelion,"[{'class_name': 'dandelion', 'probability': 0.9809984564781189}, {'class_name': 'sunflower', 'probability': 0.006637026555836201}, {'class_name': 'daisy', 'probability': 0.0062051136046648026}]"
dandelion/7280227122_7ea2bef7f4_n.jpg,1,dandelion,1,dandelion,"[{'class_name': 'dandelion', 'probability': 0.9833934903144836}, {'class_name': 'tulip', 'probability': 0.01006288267672062}, {'class_name': 'sunflower', 'probability': 0.003894312307238579}]"
dandelion/7291185504_b740bbeba4_m.jpg,1,dandelion,1,dandelion,"[{'class_name': 'dandelion', 'probability': 0.9865526556968689}, {'class_name': 'rose', 'probability': 0.00809199083596468}, {'class_name': 'sunflower', 'probability': 0.002147163962945342}]"
dandelion/7315832212_b0ceeb8de8_n.jpg,1,dandelion,1,dandelion,"[{'class_name': 'dandelion', 'probability': 0.9905868172645569}, {'class_name': 'rose', 'probability': 0.002555219689384103}, {'class_name': 'daisy', 'probability': 0.002419042866677046}]"
dandelion/7368435774_0045b9dc4e.jpg,1,dandelion,1,dandelion,"[{'class_name': 'dandelion', 'probability': 0.9401208162307739}, {'class_name': 'sunflower', 'probability': 0.024598706513643265}, {'class_name': 'daisy', 'probability': 0.018241779878735542}]"
dandelion/7469617666_0e1a014917.jpg,1,dandelion,1,dandelion,"[{'class_name': 'dandelion', 'probability': 0.8589773774147034}, {'class_name': 'daisy', 'probability': 0.053005632013082504}, {'class_name': 'tulip', 'probability': 0.05046529695391655}]"
dandelion/80846315_d997645bea_n.jpg,1,dandelion,1,dandelion,"[{'class_name': 'dandelion', 'probability': 0.988058865070343}, {'class_name': 'tulip', 'probability': 0.0033770345617085695}, {'class_name': 'rose', 'probability': 0.002895505866035819}]"
dandelion/8681169825_19a21c6bf5_m.jpg,1,dandelion,1,dandelion,"[{'class_name': 'dandelion', 'probability': 0.9928168058395386}, {'class_name': 'daisy', 'probability': 0.0031364415772259235}, {'class_name': 'sunflower', 'probability': 0.002067720517516136}]"
dandelion/8689302100_be76a16ccc_n.jpg,1,dandelion,1,dandelion,"[{'class_name': 'dandelion', 'probability': 0.988092839717865}, {'class_name': 'sunflower', 'probability': 0.005638797767460346}, {'class_name': 'daisy', 'probability': 0.002729998202994466}]"
dandelion/8733226215_161309f8ec.jpg,1,dandelion,1,dandelion,"[{'class_name': 'dandelion', 'probability': 0.9750728011131287}, {'class_name': 'daisy', 'probability': 0.008212747983634472}, {'class_name': 'tulip', 'probability': 0.007795213256031275}]"
dandelion/8735646181_fa9787d4e0.jpg,1,dandelion,1,dandelion,"[{'class_name': 'dandelion', 'probability': 0.9836033582687378}, {'class_name': 'daisy', 'probability': 0.013916226103901863}, {'class_name': 'sunflower', 'probability': 0.001582112512551248}]"
dandelion/8738317694_eca2ce3bfc_n.jpg,1,dandelion,1,dandelion,"[{'class_name': 'dandelion', 'probability': 0.9774343967437744}, {'class_name': 'daisy', 'probability': 0.011257274076342583}, {'class_name': 'sunflower', 'probability': 0.0059828562662005424}]"
dandelion/8880158802_6e10a452c7_m.jpg,1,dandelion,1,dandelion,"[{'class_name': 'dandelion', 'probability': 0.6423726081848145}, {'class_name': 'daisy', 'probability': 0.3448227047920227}, {'class_name': 'rose', 'probability': 0.005288958549499512}]"
dandelion/8905148527_ba9f55cd78.jpg,1,dandelion,1,dandelion,"[{'class_name': 'dandelion', 'probability': 0.5184311270713806}, {'class_name': 'tulip', 'probability': 0.317902535200119}, {'class_name': 'sunflower', 'probability': 0.09844598919153214}]"
dandelion/8935477500_89f22cca03_n.jpg,1,dandelion,1,dandelion,"[{'class_name': 'dandelion', 'probability': 0.9773659706115723}, {'class_name': 'sunflower', 'probability': 0.007893417961895466}, {'class_name': 'daisy', 'probability': 0.007393300533294678}]"
dandelion/8963359346_65ca69c59d_n.jpg,1,dandelion,1,dandelion,"[{'class_name': 'dandelion', 'probability': 0.9555161595344543}, {'class_name': 'tulip', 'probability': 0.016627341508865356}, {'class_name': 'rose', 'probability': 0.013801926746964455}]"
dandelion/8981659922_7b1be892e7_m.jpg,1,dandelion,1,dandelion,"[{'class_name': 'dandelion', 'probability': 0.9879395961761475}, {'class_name': 'sunflower', 'probability': 0.006172708235681057}, {'class_name': 'daisy', 'probability': 0.0031560759525746107}]"
dandelion/8989067485_aab399460b_n.jpg,1,dandelion,1,dandelion,"[{'class_name': 'dandelion', 'probability': 0.5705588459968567}, {'class_name': 'sunflower', 'probability': 0.2827751934528351}, {'class_name': 'daisy', 'probability': 0.1017460748553276}]"
dandelion/9029297232_de50698e2f_n.jpg,1,dandelion,1,dandelion,"[{'class_name': 'dandelion', 'probability': 0.9938621520996094}, {'class_name': 'tulip', 'probability': 0.0020493725314736366}, {'class_name': 'daisy', 'probability': 0.001869057072326541}]"
dandelion/9262004825_710346cde9_n.jpg,1,dandelion,1,dandelion,"[{'class_name': 'dandelion', 'probability': 0.9734513759613037}, {'class_name': 'tulip', 'probability': 0.009749076329171658}, {'class_name': 'sunflower', 'probability': 0.009511671029031277}]"
dandelion/9646730031_f3d5014416_n.jpg,1,dandelion,1,dandelion,"[{'class_name': 'dandelion', 'probability': 0.8904309272766113}, {'class_name': 'tulip', 'probability': 0.08260110765695572}, {'class_name': 'daisy', 'probability': 0.012498438358306885}]"
dandelion/9818247_e2eac18894.jpg,1,dandelion,1,dandelion,"[{'class_name': 'dandelion', 'probability': 0.8378046751022339}, {'class_name': 'daisy', 'probability': 0.07062707096338272}, {'class_name': 'sunflower', 'probability': 0.04442833364009857}]"
rose/10894627425_ec76bbc757_n.jpg,2,rose,4,tulip,"[{'class_name': 'tulip', 'probability': 0.8586061596870422}, {'class_name': 'rose', 'probability': 0.09384170174598694}, {'class_name': 'sunflower', 'probability': 0.02057778649032116}]"
rose/12165480946_c4a3fe182d_n.jpg,2,rose,2,rose,"[{'class_name': 'rose', 'probability': 0.6064099073410034}, {'class_name': 'tulip', 'probability': 0.35579565167427063}, {'class_name': 'daisy', 'probability': 0.020371967926621437}]"
rose/123128873_546b8b7355_n.jpg,2,rose,2,rose,"[{'class_name': 'rose', 'probability': 0.4571499824523926}, {'class_name': 'dandelion', 'probability': 0.22282278537750244}, {'class_name': 'sunflower', 'probability': 0.16191764175891876}]"
rose/12406418663_af20dc225f_n.jpg,2,rose,2,rose,"[{'class_name': 'rose', 'probability': 0.9826635718345642}, {'class_name': 'tulip', 'probability': 0.01245044730603695}, {'class_name': 'daisy', 'probability': 0.00287179765291512}]"
rose/14414117598_cf70df30de.jpg,2,rose,1,dandelion,"[{'class_name': 'dandelion', 'probability': 0.733269453048706}, {'class_name': 'rose', 'probability': 0.14115817844867706}, {'class_name': 'daisy', 'probability': 0.06392905861139297}]"
rose/14414123198_24606fb32d.jpg,2,rose,0,daisy,"[{'class_name': 'daisy', 'probability': 0.9467912316322327}, {'class_name': 'dandelion', 'probability': 0.02723127417266369}, {'class_name': 'tulip', 'probability': 0.014086108654737473}]"
rose/14597445311_8acb60247e.jpg,2,rose,2,rose,"[{'class_name': 'rose', 'probability': 0.7751362323760986}, {'class_name': 'tulip', 'probability': 0.155687153339386}, {'class_name': 'daisy', 'probability': 0.04088315740227699}]"
rose/14683774134_6367640585.jpg,2,rose,2,rose,"[{'class_name': 'rose', 'probability': 0.7291513681411743}, {'class_name': 'tulip', 'probability': 0.23309513926506042}, {'class_name': 'daisy', 'probability': 0.019080400466918945}]"
rose/14870567200_80cda4362e_n.jpg,2,rose,2,rose,"[{'class_name': 'rose', 'probability': 0.7742878794670105}, {'class_name': 'tulip', 'probability': 0.17964999377727509}, {'class_name': 'daisy', 'probability': 0.02417754754424095}]"
rose/14880561916_79aeb812fd_n.jpg,2,rose,1,dandelion,"[{'class_name': 'dandelion', 'probability': 0.6450592875480652}, {'class_name': 'rose', 'probability': 0.23444119095802307}, {'class_name': 'tulip', 'probability': 0.07152418792247772}]"
rose/15011625580_7974c44bce.jpg,2,rose,2,rose,"[{'class_name': 'rose', 'probability': 0.6057676076889038}, {'class_name': 'sunflower', 'probability': 0.19394943118095398}, {'class_name': 'dandelion', 'probability': 0.11399105191230774}]"
rose/15255964274_cf2ecdf702.jpg,2,rose,3,sunflower,"[{'class_name': 'sunflower', 'probability': 0.6782355904579163}, {'class_name': 'rose', 'probability': 0.11571090668439865}, {'class_name': 'tulip', 'probability': 0.09303290396928787}]"
rose/15312360171_57bde98799_n.jpg,2,rose,4,tulip,"[{'class_name': 'tulip', 'probability': 0.4853997230529785}, {'class_name': 'rose', 'probability': 0.4576369822025299}, {'class_name': 'daisy', 'probability': 0.022574592381715775}]"
rose/15681454551_b6f73ce443_n.jpg,2,rose,2,rose,"[{'class_name': 'rose', 'probability': 0.9180575013160706}, {'class_name': 'tulip', 'probability': 0.0478195883333683}, {'class_name': 'daisy', 'probability': 0.01437250804156065}]"
rose/15699509054_d3e125286f_n.jpg,2,rose,2,rose,"[{'class_name': 'rose', 'probability': 0.9786540865898132}, {'class_name': 'daisy', 'probability': 0.010549076832830906}, {'class_name': 'tulip', 'probability': 0.004607923794537783}]"
rose/15821959372_518b9dcf57_n.jpg,2,rose,2,rose,"[{'class_name': 'rose', 'probability': 0.9704486727714539}, {'class_name': 'tulip', 'probability': 0.01714361272752285}, {'class_name': 'daisy', 'probability': 0.009166309610009193}]"
rose/15822837396_96b392fda8_m.jpg,2,rose,2,rose,"[{'class_name': 'rose', 'probability': 0.4679153263568878}, {'class_name': 'daisy', 'probability': 0.17892047762870789}, {'class_name': 'sunflower', 'probability': 0.17727480828762054}]"
rose/15949087094_a8f565295c_m.jpg,2,rose,2,rose,"[{'class_name': 'rose', 'probability': 0.8556554913520813}, {'class_name': 'tulip', 'probability': 0.11596699059009552}, {'class_name': 'sunflower', 'probability': 0.016222519800066948}]"
rose/15978010566_5fa5905af1_n.jpg,2,rose,2,rose,"[{'class_name': 'rose', 'probability': 0.9659639000892639}, {'class_name': 'tulip', 'probability': 0.02565174177289009}, {'class_name': 'daisy', 'probability': 0.0041982512921094894}]"
rose/15996816031_7f2fea25cb_n.jpg,2,rose,2,rose,"[{'class_name': 'rose', 'probability': 0.7791374921798706}, {'class_name': 'tulip', 'probability': 0.16843023896217346}, {'class_name': 'daisy', 'probability': 0.02863338775932789}]"
rose/16018886851_c32746cb72.jpg,2,rose,2,rose,"[{'class_name': 'rose', 'probability': 0.42344164848327637}, {'class_name': 'tulip', 'probability': 0.3387317657470703}, {'class_name': 'sunflower', 'probability': 0.1936991810798645}]"
rose/1645761726_2b1be95472.jpg,2,rose,0,daisy,"[{'class_name': 'daisy', 'probability': 0.7916573882102966}, {'class_name': 'rose', 'probability': 0.16085606813430786}, {'class_name': 'tulip', 'probability': 0.030272461473941803}]"
rose/16545641666_2781e542a0_m.jpg,2,rose,2,rose,"[{'class_name': 'rose', 'probability': 0.6170640587806702}, {'class_name': 'tulip', 'probability': 0.3124067783355713}, {'class_name': 'sunflower', 'probability': 0.050490088760852814}]"
rose/1667199972_7ba7d999c1_m.jpg,2,rose,4,tulip,"[{'class_name': 'tulip', 'probability': 0.3754913806915283}, {'class_name': 'daisy', 'probability': 0.3479871451854706}, {'class_name': 'rose', 'probability': 0.22492210566997528}]"
rose/17291451621_0e39f08b9e_n.jpg,2,rose,4,tulip,"[{'class_name': 'tulip', 'probability': 0.5481922030448914}, {'class_name': 'rose', 'probability': 0.4156075417995453}, {'class_name': 'daisy', 'probability': 0.019575798884034157}]"
rose/1775233884_12ff5a124f.jpg,2,rose,2,rose,"[{'class_name': 'rose', 'probability': 0.94989413022995}, {'class_name': 'daisy', 'probability': 0.02333184704184532}, {'class_name': 'tulip', 'probability': 0.014160347171127796}]"
rose/17869839663_1445f1efd0_n.jpg,2,rose,4,tulip,"[{'class_name': 'tulip', 'probability': 0.49249354004859924}, {'class_name': 'rose', 'probability': 0.4406847655773163}, {'class_name': 'sunflower', 'probability': 0.04343051835894585}]"
rose/1788484468_f73afa6c32_n.jpg,2,rose,4,tulip,"[{'class_name': 'tulip', 'probability': 0.5134420990943909}, {'class_name': 'rose', 'probability': 0.44245967268943787}, {'class_name': 'sunflower', 'probability': 0.0350288487970829}]"
rose/180613732_3a7aba0b80_n.jpg,2,rose,1,dandelion,"[{'class_name': 'dandelion', 'probability': 0.5225335359573364}, {'class_name': 'sunflower', 'probability': 0.3182818293571472}, {'class_name': 'tulip', 'probability': 0.08176413923501968}]"
rose/18464055536_709c8af0b7_n.jpg,2,rose,2,rose,"[{'class_name': 'rose', 'probability': 0.7511479258537292}, {'class_name': 'sunflower', 'probability': 0.12092465907335281}, {'class_name': 'tulip', 'probability': 0.07310102134943008}]"
rose/18464084356_0d2d93f896_n.jpg,2,rose,2,rose,"[{'class_name': 'rose', 'probability': 0.8507862091064453}, {'class_name': 'tulip', 'probability': 0.07498297095298767}, {'class_name': 'sunflower', 'probability': 0.03323212265968323}]"
rose/18486151112_6f83e92223_n.jpg,2,rose,2,rose,"[{'class_name': 'rose', 'probability': 0.43005499243736267}, {'class_name': 'daisy', 'probability': 0.2570880055427551}, {'class_name': 'dandelion', 'probability': 0.1561693698167801}]"
rose/19988406792_68201f76e3_n.jpg,2,rose,2,rose,"[{'class_name': 'rose', 'probability': 0.9855101108551025}, {'class_name': 'tulip', 'probability': 0.006346710491925478}, {'class_name': 'daisy', 'probability': 0.004165334161370993}]"
rose/2053476785_c162a3e358.jpg,2,rose,4,tulip,"[{'class_name': 'tulip', 'probability': 0.835914134979248}, {'class_name': 'dandelion', 'probability': 0.09565074741840363}, {'class_name': 'rose', 'probability': 0.057473015040159225}]"
rose/22506717337_0fd63e53e9.jpg,2,rose,2,rose,"[{'class_name': 'rose', 'probability': 0.8837025165557861}, {'class_name': 'tulip', 'probability': 0.09690441936254501}, {'class_name': 'dandelion', 'probability': 0.010755309835076332}]"
rose/2273917656_6d6c038283.jpg,2,rose,0,daisy,"[{'class_name': 'daisy', 'probability': 0.36287733912467957}, {'class_name': 'rose', 'probability': 0.33337128162384033}, {'class_name': 'tulip', 'probability': 0.268216609954834}]"
rose/2331651885_619653a5d3.jpg,2,rose,4,tulip,"[{'class_name': 'tulip', 'probability': 0.7175143957138062}, {'class_name': 'rose', 'probability': 0.2239152491092682}, {'class_name': 'dandelion', 'probability': 0.039814118295907974}]"
rose/2332478138_28f1d586e4_n.jpg,2,rose,2,rose,"[{'class_name': 'rose', 'probability': 0.7185919880867004}, {'class_name': 'tulip', 'probability': 0.23000016808509827}, {'class_name': 'dandelion', 'probability': 0.026586003601551056}]"
rose/26723815164_d03d4d69cb_n.jpg,2,rose,4,tulip,"[{'class_name': 'tulip', 'probability': 0.7865045070648193}, {'class_name': 'rose', 'probability': 0.13453102111816406}, {'class_name': 'dandelion', 'probability': 0.06095922365784645}]"
rose/26811158051_8f264eea6b_n.jpg,2,rose,2,rose,"[{'class_name': 'rose', 'probability': 0.9042681455612183}, {'class_name': 'tulip', 'probability': 0.04935035482048988}, {'class_name': 'daisy', 'probability': 0.03553227707743645}]"
rose/2713683760_d98cd2a05b_m.jpg,2,rose,4,tulip,"[{'class_name': 'tulip', 'probability': 0.6820201277732849}, {'class_name': 'rose', 'probability': 0.2595374584197998}, {'class_name': 'daisy', 'probability': 0.026859620586037636}]"
rose/27619697563_228f5c4677_n.jpg,2,rose,2,rose,"[{'class_name': 'rose', 'probability': 0.930762529373169}, {'class_name': 'daisy', 'probability': 0.03608633577823639}, {'class_name': 'tulip', 'probability': 0.027392378076910973}]"
rose/2850381271_d2f9a470b1_n.jpg,2,rose,2,rose,"[{'class_name': 'rose', 'probability': 0.4318424463272095}, {'class_name': 'tulip', 'probability': 0.3741276264190674}, {'class_name': 'daisy', 'probability': 0.1891392022371292}]"
rose/3026375835_a20ecdd140_m.jpg,2,rose,2,rose,"[{'class_name': 'rose', 'probability': 0.959894597530365}, {'class_name': 'sunflower', 'probability': 0.013263185508549213}, {'class_name': 'daisy', 'probability': 0.012217949144542217}]"
rose/326541992_d542103ca8_n.jpg,2,rose,2,rose,"[{'class_name': 'rose', 'probability': 0.7126607298851013}, {'class_name': 'tulip', 'probability': 0.24743683636188507}, {'class_name': 'daisy', 'probability': 0.01580924354493618}]"
rose/3268459296_a7346c6b2c.jpg,2,rose,2,rose,"[{'class_name': 'rose', 'probability': 0.9664411544799805}, {'class_name': 'tulip', 'probability': 0.016926085576415062}, {'class_name': 'sunflower', 'probability': 0.0073207588866353035}]"
rose/3451177763_729a4d54af_n.jpg,2,rose,2,rose,"[{'class_name': 'rose', 'probability': 0.9201827049255371}, {'class_name': 'tulip', 'probability': 0.05729575455188751}, {'class_name': 'dandelion', 'probability': 0.014738528989255428}]"
rose/3494252600_29f26e3ff0_n.jpg,2,rose,2,rose,"[{'class_name': 'rose', 'probability': 0.9116849303245544}, {'class_name': 'tulip', 'probability': 0.051487185060977936}, {'class_name': 'daisy', 'probability': 0.02985275164246559}]"
rose/3526860692_4c551191b1_m.jpg,2,rose,1,dandelion,"[{'class_name': 'dandelion', 'probability': 0.48127102851867676}, {'class_name': 'daisy', 'probability': 0.4217953681945801}, {'class_name': 'tulip', 'probability': 0.05282503738999367}]"
rose/3550491463_3eb092054c_m.jpg,2,rose,0,daisy,"[{'class_name': 'daisy', 'probability': 0.8802922964096069}, {'class_name': 'dandelion', 'probability': 0.07261869311332703}, {'class_name': 'rose', 'probability': 0.024860674515366554}]"
rose/3576488381_611f3446e0_n.jpg,2,rose,2,rose,"[{'class_name': 'rose', 'probability': 0.8159710764884949}, {'class_name': 'tulip', 'probability': 0.10253900289535522}, {'class_name': 'daisy', 'probability': 0.05415242910385132}]"
rose/3753920123_c7ebc18ee3.jpg,2,rose,2,rose,"[{'class_name': 'rose', 'probability': 0.8946335315704346}, {'class_name': 'daisy', 'probability': 0.046544600278139114}, {'class_name': 'tulip', 'probability': 0.036758653819561005}]"
rose/394990940_7af082cf8d_n.jpg,2,rose,2,rose,"[{'class_name': 'rose', 'probability': 0.864169716835022}, {'class_name': 'tulip', 'probability': 0.10831942409276962}, {'class_name': 'daisy', 'probability': 0.013418314047157764}]"
rose/410425647_4586667858.jpg,2,rose,1,dandelion,"[{'class_name': 'dandelion', 'probability': 0.7886154055595398}, {'class_name': 'rose', 'probability': 0.12150167673826218}, {'class_name': 'daisy', 'probability': 0.052845243364572525}]"
rose/4609166128_b7ed49b40b_m.jpg,2,rose,2,rose,"[{'class_name': 'rose', 'probability': 0.9122224450111389}, {'class_name': 'tulip', 'probability': 0.07276780903339386}, {'class_name': 'daisy', 'probability': 0.008048798888921738}]"
rose/4609168052_3d4e1d3804_n.jpg,2,rose,4,tulip,"[{'class_name': 'tulip', 'probability': 0.5113731026649475}, {'class_name': 'rose', 'probability': 0.30344679951667786}, {'class_name': 'daisy', 'probability': 0.10642435401678085}]"
rose/483444865_65962cea07_m.jpg,2,rose,2,rose,"[{'class_name': 'rose', 'probability': 0.9813206791877747}, {'class_name': 'sunflower', 'probability': 0.010009217076003551}, {'class_name': 'tulip', 'probability': 0.003991507925093174}]"
rose/4900231976_f8ced2b42a_n.jpg,2,rose,2,rose,"[{'class_name': 'rose', 'probability': 0.9930506944656372}, {'class_name': 'daisy', 'probability': 0.003868180327117443}, {'class_name': 'tulip', 'probability': 0.0020582620054483414}]"
rose/4998708839_c53ee536a8_n.jpg,2,rose,2,rose,"[{'class_name': 'rose', 'probability': 0.924055814743042}, {'class_name': 'daisy', 'probability': 0.033049263060092926}, {'class_name': 'tulip', 'probability': 0.03161222115159035}]"
rose/5001846301_9380fbe900_n.jpg,2,rose,2,rose,"[{'class_name': 'rose', 'probability': 0.9152956008911133}, {'class_name': 'tulip', 'probability': 0.02886340580880642}, {'class_name': 'dandelion', 'probability': 0.02762160263955593}]"
rose/5001846495_56068de2da_n.jpg,2,rose,2,rose,"[{'class_name': 'rose', 'probability': 0.6470618844032288}, {'class_name': 'daisy', 'probability': 0.29386770725250244}, {'class_name': 'tulip', 'probability': 0.04736095294356346}]"
rose/5001852101_877cb2ae9b_n.jpg,2,rose,2,rose,"[{'class_name': 'rose', 'probability': 0.8817551732063293}, {'class_name': 'tulip', 'probability': 0.06408335268497467}, {'class_name': 'daisy', 'probability': 0.0228834617882967}]"
rose/5001855107_71351ce785_n.jpg,2,rose,2,rose,"[{'class_name': 'rose', 'probability': 0.673753559589386}, {'class_name': 'daisy', 'probability': 0.17987479269504547}, {'class_name': 'tulip', 'probability': 0.06568644195795059}]"
rose/5002447916_8a7b7b689a_n.jpg,2,rose,2,rose,"[{'class_name': 'rose', 'probability': 0.7961733937263489}, {'class_name': 'tulip', 'probability': 0.14435161650180817}, {'class_name': 'daisy', 'probability': 0.03555917739868164}]"
rose/5002449706_647ffe5249_n.jpg,2,rose,2,rose,"[{'class_name': 'rose', 'probability': 0.9542250633239746}, {'class_name': 'tulip', 'probability': 0.022997673600912094}, {'class_name': 'daisy', 'probability': 0.010838343761861324}]"
rose/5002454522_300a419273_n.jpg,2,rose,2,rose,"[{'class_name': 'rose', 'probability': 0.551446795463562}, {'class_name': 'daisy', 'probability': 0.18796950578689575}, {'class_name': 'dandelion', 'probability': 0.13926641643047333}]"
rose/5002461124_dc5988bbc9_n.jpg,2,rose,0,daisy,"[{'class_name': 'daisy', 'probability': 0.32429495453834534}, {'class_name': 'rose', 'probability': 0.261915385723114}, {'class_name': 'tulip', 'probability': 0.22441504895687103}]"
rose/5060536705_b370a5c543_n.jpg,2,rose,2,rose,"[{'class_name': 'rose', 'probability': 0.6966602802276611}, {'class_name': 'tulip', 'probability': 0.27330127358436584}, {'class_name': 'dandelion', 'probability': 0.013428548350930214}]"
rose/515121050_dcb99890be.jpg,2,rose,4,tulip,"[{'class_name': 'tulip', 'probability': 0.33764249086380005}, {'class_name': 'rose', 'probability': 0.3365488052368164}, {'class_name': 'dandelion', 'probability': 0.22716541588306427}]"
rose/5156037859_1673720a11_m.jpg,2,rose,2,rose,"[{'class_name': 'rose', 'probability': 0.4496912360191345}, {'class_name': 'daisy', 'probability': 0.4024779498577118}, {'class_name': 'tulip', 'probability': 0.12584561109542847}]"
rose/5172171681_5934378f08.jpg,2,rose,2,rose,"[{'class_name': 'rose', 'probability': 0.6714369654655457}, {'class_name': 'tulip', 'probability': 0.2585744559764862}, {'class_name': 'dandelion', 'probability': 0.03928631544113159}]"
rose/5335937199_2c83d46a57_n.jpg,2,rose,4,tulip,"[{'class_name': 'tulip', 'probability': 0.753899097442627}, {'class_name': 'rose', 'probability': 0.24006928503513336}, {'class_name': 'daisy', 'probability': 0.003021260956302285}]"
rose/5336546068_8fd643243c_n.jpg,2,rose,2,rose,"[{'class_name': 'rose', 'probability': 0.9808756113052368}, {'class_name': 'tulip', 'probability': 0.010482142679393291}, {'class_name': 'daisy', 'probability': 0.006669803988188505}]"
rose/5349248481_6445341842_n.jpg,2,rose,2,rose,"[{'class_name': 'rose', 'probability': 0.9039908051490784}, {'class_name': 'tulip', 'probability': 0.04323844611644745}, {'class_name': 'daisy', 'probability': 0.043088097125291824}]"
rose/5349249547_5cde2db97c_n.jpg,2,rose,2,rose,"[{'class_name': 'rose', 'probability': 0.7049201726913452}, {'class_name': 'tulip', 'probability': 0.27986371517181396}, {'class_name': 'daisy', 'probability': 0.008016929030418396}]"
rose/5349251139_92539c279a_n.jpg,2,rose,2,rose,"[{'class_name': 'rose', 'probability': 0.9860803484916687}, {'class_name': 'tulip', 'probability': 0.005529523361474276}, {'class_name': 'daisy', 'probability': 0.005324006080627441}]"
rose/5349860036_389d912fb7_n.jpg,2,rose,2,rose,"[{'class_name': 'rose', 'probability': 0.575859785079956}, {'class_name': 'tulip', 'probability': 0.2217884659767151}, {'class_name': 'daisy', 'probability': 0.10335838794708252}]"
rose/5419629292_2f06e4b295.jpg,2,rose,2,rose,"[{'class_name': 'rose', 'probability': 0.9836635589599609}, {'class_name': 'tulip', 'probability': 0.009860091842710972}, {'class_name': 'sunflower', 'probability': 0.0028161071240901947}]"
rose/5487945052_bcb8e9fc8b_m.jpg,2,rose,2,rose,"[{'class_name': 'rose', 'probability': 0.5113133192062378}, {'class_name': 'tulip', 'probability': 0.4478018581867218}, {'class_name': 'sunflower', 'probability': 0.018765674903988838}]"
rose/5602220566_5cdde8fa6c_n.jpg,2,rose,2,rose,"[{'class_name': 'rose', 'probability': 0.8576971292495728}, {'class_name': 'daisy', 'probability': 0.07381127774715424}, {'class_name': 'sunflower', 'probability': 0.03297054395079613}]"
rose/5693486585_cf64d87519_n.jpg,2,rose,2,rose,"[{'class_name': 'rose', 'probability': 0.5655385851860046}, {'class_name': 'tulip', 'probability': 0.41788312792778015}, {'class_name': 'daisy', 'probability': 0.007186852861195803}]"
rose/5961803532_9368212949_m.jpg,2,rose,2,rose,"[{'class_name': 'rose', 'probability': 0.8191686272621155}, {'class_name': 'tulip', 'probability': 0.13511386513710022}, {'class_name': 'sunflower', 'probability': 0.024220457300543785}]"
rose/6108118824_5b0231a56d.jpg,2,rose,4,tulip,"[{'class_name': 'tulip', 'probability': 0.6460580229759216}, {'class_name': 'rose', 'probability': 0.3222624659538269}, {'class_name': 'dandelion', 'probability': 0.014386902563273907}]"
rose/6280787884_141cd7b382_n.jpg,2,rose,2,rose,"[{'class_name': 'rose', 'probability': 0.7188448905944824}, {'class_name': 'tulip', 'probability': 0.12278839200735092}, {'class_name': 'daisy', 'probability': 0.10770553350448608}]"
rose/6309548569_932fee8313_m.jpg,2,rose,4,tulip,"[{'class_name': 'tulip', 'probability': 0.58533775806427}, {'class_name': 'rose', 'probability': 0.36154094338417053}, {'class_name': 'sunflower', 'probability': 0.034143395721912384}]"
rose/6347846687_3f0a7c3176.jpg,2,rose,4,tulip,"[{'class_name': 'tulip', 'probability': 0.665259599685669}, {'class_name': 'rose', 'probability': 0.2429518699645996}, {'class_name': 'dandelion', 'probability': 0.07499748468399048}]"
rose/6363951285_a802238d4e.jpg,2,rose,2,rose,"[{'class_name': 'rose', 'probability': 0.9191147685050964}, {'class_name': 'tulip', 'probability': 0.05442531034350395}, {'class_name': 'daisy', 'probability': 0.013398769311606884}]"
rose/6409000675_6eb6806e59.jpg,2,rose,2,rose,"[{'class_name': 'rose', 'probability': 0.8767853379249573}, {'class_name': 'tulip', 'probability': 0.0700477883219719}, {'class_name': 'sunflower', 'probability': 0.03179306164383888}]"
rose/6653567281_768a1fd160.jpg,2,rose,4,tulip,"[{'class_name': 'tulip', 'probability': 0.7996768951416016}, {'class_name': 'rose', 'probability': 0.17790858447551727}, {'class_name': 'dandelion', 'probability': 0.011838610284030437}]"
rose/685724528_6cd5cbe203.jpg,2,rose,0,daisy,"[{'class_name': 'daisy', 'probability': 0.6010522842407227}, {'class_name': 'rose', 'probability': 0.31488725543022156}, {'class_name': 'sunflower', 'probability': 0.047659147530794144}]"
rose/7211616670_2d49ecb3a5_m.jpg,2,rose,0,daisy,"[{'class_name': 'daisy', 'probability': 0.697138249874115}, {'class_name': 'rose', 'probability': 0.14980120956897736}, {'class_name': 'sunflower', 'probability': 0.08056621253490448}]"
rose/7302931078_30054c1970_n.jpg,2,rose,2,rose,"[{'class_name': 'rose', 'probability': 0.37814217805862427}, {'class_name': 'daisy', 'probability': 0.3729652762413025}, {'class_name': 'tulip', 'probability': 0.16461749374866486}]"
rose/7316409504_7cf3707f8a_m.jpg,2,rose,2,rose,"[{'class_name': 'rose', 'probability': 0.8934476971626282}, {'class_name': 'tulip', 'probability': 0.05760572478175163}, {'class_name': 'daisy', 'probability': 0.03768754005432129}]"
rose/7345657862_689366e79a.jpg,2,rose,2,rose,"[{'class_name': 'rose', 'probability': 0.7867729663848877}, {'class_name': 'tulip', 'probability': 0.20527806878089905}, {'class_name': 'dandelion', 'probability': 0.00500085623934865}]"
rose/7419966772_d6c1c22a81.jpg,2,rose,2,rose,"[{'class_name': 'rose', 'probability': 0.7174354195594788}, {'class_name': 'tulip', 'probability': 0.24521654844284058}, {'class_name': 'sunflower', 'probability': 0.02700532041490078}]"
rose/7456196908_d34b9b76c4_n.jpg,2,rose,2,rose,"[{'class_name': 'rose', 'probability': 0.9980267882347107}, {'class_name': 'tulip', 'probability': 0.0009782197885215282}, {'class_name': 'dandelion', 'probability': 0.00051387760322541}]"
rose/7461898754_9032a38963_n.jpg,2,rose,2,rose,"[{'class_name': 'rose', 'probability': 0.8055025339126587}, {'class_name': 'tulip', 'probability': 0.1667310893535614}, {'class_name': 'daisy', 'probability': 0.014481102116405964}]"
rose/7474125638_332be2863e_n.jpg,2,rose,2,rose,"[{'class_name': 'rose', 'probability': 0.9132954478263855}, {'class_name': 'tulip', 'probability': 0.04622889310121536}, {'class_name': 'dandelion', 'probability': 0.02246592566370964}]"
rose/7474126248_889a026929_n.jpg,2,rose,2,rose,"[{'class_name': 'rose', 'probability': 0.9653227925300598}, {'class_name': 'tulip', 'probability': 0.01906399428844452}, {'class_name': 'daisy', 'probability': 0.007160566747188568}]"
rose/7474126688_5f888ace5b_n.jpg,2,rose,2,rose,"[{'class_name': 'rose', 'probability': 0.9872204065322876}, {'class_name': 'tulip', 'probability': 0.008981014601886272}, {'class_name': 'daisy', 'probability': 0.001772823161445558}]"
rose/7481119492_a0016cb059_n.jpg,2,rose,2,rose,"[{'class_name': 'rose', 'probability': 0.9757969379425049}, {'class_name': 'daisy', 'probability': 0.015316094271838665}, {'class_name': 'tulip', 'probability': 0.0048440080136060715}]"
rose/8060338380_eb6c806624_n.jpg,2,rose,2,rose,"[{'class_name': 'rose', 'probability': 0.7310124039649963}, {'class_name': 'tulip', 'probability': 0.18374131619930267}, {'class_name': 'sunflower', 'probability': 0.03943038359284401}]"
rose/8063462557_e0a8bd6c64_n.jpg,2,rose,2,rose,"[{'class_name': 'rose', 'probability': 0.9585736989974976}, {'class_name': 'tulip', 'probability': 0.025027528405189514}, {'class_name': 'daisy', 'probability': 0.007614733651280403}]"
rose/8181940917_1ac63937d5_n.jpg,2,rose,2,rose,"[{'class_name': 'rose', 'probability': 0.8358790278434753}, {'class_name': 'daisy', 'probability': 0.1128191128373146}, {'class_name': 'tulip', 'probability': 0.03583584725856781}]"
rose/8241471746_5d81fdd3c0_n.jpg,2,rose,2,rose,"[{'class_name': 'rose', 'probability': 0.3451024889945984}, {'class_name': 'tulip', 'probability': 0.3193957805633545}, {'class_name': 'dandelion', 'probability': 0.20094510912895203}]"
rose/8516036987_8a06dfe1b5_n.jpg,2,rose,4,tulip,"[{'class_name': 'tulip', 'probability': 0.5972349643707275}, {'class_name': 'rose', 'probability': 0.333869993686676}, {'class_name': 'daisy', 'probability': 0.0314137227833271}]"
rose/8667101118_87ea757b15.jpg,2,rose,2,rose,"[{'class_name': 'rose', 'probability': 0.8341047167778015}, {'class_name': 'tulip', 'probability': 0.12628081440925598}, {'class_name': 'daisy', 'probability': 0.028646085411310196}]"
rose/8671682526_7058143c99.jpg,2,rose,2,rose,"[{'class_name': 'rose', 'probability': 0.701592743396759}, {'class_name': 'tulip', 'probability': 0.18428459763526917}, {'class_name': 'daisy', 'probability': 0.07816217839717865}]"
rose/8692051081_dffa8709e7_m.jpg,2,rose,2,rose,"[{'class_name': 'rose', 'probability': 0.8583016991615295}, {'class_name': 'tulip', 'probability': 0.08852460235357285}, {'class_name': 'daisy', 'probability': 0.030974382534623146}]"
rose/8747396730_966149e6fe_n.jpg,2,rose,2,rose,"[{'class_name': 'rose', 'probability': 0.7272809743881226}, {'class_name': 'tulip', 'probability': 0.19184671342372894}, {'class_name': 'dandelion', 'probability': 0.033849213272333145}]"
rose/8926641787_d2515dfe8f_m.jpg,2,rose,2,rose,"[{'class_name': 'rose', 'probability': 0.9253382682800293}, {'class_name': 'tulip', 'probability': 0.04517674073576927}, {'class_name': 'sunflower', 'probability': 0.015228789299726486}]"
rose/9167147034_0a66ee3616_n.jpg,2,rose,0,daisy,"[{'class_name': 'daisy', 'probability': 0.5481153130531311}, {'class_name': 'tulip', 'probability': 0.2704586684703827}, {'class_name': 'rose', 'probability': 0.10767332464456558}]"
rose/921138131_9e1393eb2b_m.jpg,2,rose,2,rose,"[{'class_name': 'rose', 'probability': 0.4063752591609955}, {'class_name': 'tulip', 'probability': 0.28616395592689514}, {'class_name': 'daisy', 'probability': 0.2511444389820099}]"
rose/9216323421_f737c1d50e.jpg,2,rose,2,rose,"[{'class_name': 'rose', 'probability': 0.5873169898986816}, {'class_name': 'daisy', 'probability': 0.38719049096107483}, {'class_name': 'tulip', 'probability': 0.015784766525030136}]"
rose/9300754115_dd79670066_n.jpg,2,rose,2,rose,"[{'class_name': 'rose', 'probability': 0.4054271876811981}, {'class_name': 'tulip', 'probability': 0.3409365117549896}, {'class_name': 'dandelion', 'probability': 0.11469309777021408}]"
rose/9320934277_4fb95aef5d_n.jpg,2,rose,2,rose,"[{'class_name': 'rose', 'probability': 0.4598415493965149}, {'class_name': 'daisy', 'probability': 0.36404484510421753}, {'class_name': 'dandelion', 'probability': 0.10034722089767456}]"
rose/9369421752_db1ab2a6a4_m.jpg,2,rose,2,rose,"[{'class_name': 'rose', 'probability': 0.5267592668533325}, {'class_name': 'tulip', 'probability': 0.3727441132068634}, {'class_name': 'daisy', 'probability': 0.05452687665820122}]"
rose/9633056561_6f1b7e8faf_m.jpg,2,rose,4,tulip,"[{'class_name': 'tulip', 'probability': 0.5369421243667603}, {'class_name': 'rose', 'probability': 0.4492141902446747}, {'class_name': 'daisy', 'probability': 0.0075203427113592625}]"
sunflower/1008566138_6927679c8a.jpg,3,sunflower,3,sunflower,"[{'class_name': 'sunflower', 'probability': 0.7777757048606873}, {'class_name': 'dandelion', 'probability': 0.0929594561457634}, {'class_name': 'daisy', 'probability': 0.07978285104036331}]"
sunflower/10386702973_e74a34c806_n.jpg,3,sunflower,3,sunflower,"[{'class_name': 'sunflower', 'probability': 0.9843912124633789}, {'class_name': 'rose', 'probability': 0.009199248626828194}, {'class_name': 'tulip', 'probability': 0.003155565820634365}]"
sunflower/1043442695_4556c4c13d_n.jpg,3,sunflower,3,sunflower,"[{'class_name': 'sunflower', 'probability': 0.8806747198104858}, {'class_name': 'dandelion', 'probability': 0.10416581481695175}, {'class_name': 'rose', 'probability': 0.0077708144672214985}]"
sunflower/1240624822_4111dde542.jpg,3,sunflower,3,sunflower,"[{'class_name': 'sunflower', 'probability': 0.5105136632919312}, {'class_name': 'dandelion', 'probability': 0.3766075074672699}, {'class_name': 'daisy', 'probability': 0.038482267409563065}]"
sunflower/1240626292_52cd5d7fb1_m.jpg,3,sunflower,3,sunflower,"[{'class_name': 'sunflower', 'probability': 0.6492512226104736}, {'class_name': 'tulip', 'probability': 0.1640508770942688}, {'class_name': 'daisy', 'probability': 0.10046183317899704}]"
sunflower/12471290635_1f9e3aae16_n.jpg,3,sunflower,3,sunflower,"[{'class_name': 'sunflower', 'probability': 0.9186160564422607}, {'class_name': 'tulip', 'probability': 0.030241133645176888}, {'class_name': 'daisy', 'probability': 0.02474857307970524}]"
sunflower/12471443383_b71e7a7480_m.jpg,3,sunflower,3,sunflower,"[{'class_name': 'sunflower', 'probability': 0.8029007315635681}, {'class_name': 'dandelion', 'probability': 0.13567666709423065}, {'class_name': 'daisy', 'probability': 0.023061351850628853}]"
sunflower/1379256773_bb2eb0d95b_n.jpg,3,sunflower,3,sunflower,"[{'class_name': 'sunflower', 'probability': 0.9850881695747375}, {'class_name': 'daisy', 'probability': 0.004817017819732428}, {'class_name': 'dandelion', 'probability': 0.00442479969933629}]"
sunflower/1419608016_707b887337_n.jpg,3,sunflower,3,sunflower,"[{'class_name': 'sunflower', 'probability': 0.7906508445739746}, {'class_name': 'dandelion', 'probability': 0.11819031089544296}, {'class_name': 'tulip', 'probability': 0.04221133515238762}]"
sunflower/14266917699_91b207888e.jpg,3,sunflower,3,sunflower,"[{'class_name': 'sunflower', 'probability': 0.9519073367118835}, {'class_name': 'dandelion', 'probability': 0.02189716324210167}, {'class_name': 'daisy', 'probability': 0.013928146101534367}]"
sunflower/14460075029_5cd715bb72_m.jpg,3,sunflower,3,sunflower,"[{'class_name': 'sunflower', 'probability': 0.8914583325386047}, {'class_name': 'dandelion', 'probability': 0.061567507684230804}, {'class_name': 'daisy', 'probability': 0.023537911474704742}]"
sunflower/14623719696_1bb7970208_n.jpg,3,sunflower,3,sunflower,"[{'class_name': 'sunflower', 'probability': 0.9927983283996582}, {'class_name': 'daisy', 'probability': 0.0030141884926706553}, {'class_name': 'tulip', 'probability': 0.002041733358055353}]"
sunflower/14646280372_dd50be16e4_n.jpg,3,sunflower,3,sunflower,"[{'class_name': 'sunflower', 'probability': 0.9760979413986206}, {'class_name': 'daisy', 'probability': 0.008405698463320732}, {'class_name': 'dandelion', 'probability': 0.007918436080217361}]"
sunflower/14741813010_5d44e33088_n.jpg,3,sunflower,3,sunflower,"[{'class_name': 'sunflower', 'probability': 0.6416195034980774}, {'class_name': 'dandelion', 'probability': 0.3405427634716034}, {'class_name': 'rose', 'probability': 0.008420580066740513}]"
sunflower/14741907467_fab96f3b2b_n.jpg,3,sunflower,3,sunflower,"[{'class_name': 'sunflower', 'probability': 0.8285478353500366}, {'class_name': 'dandelion', 'probability': 0.15455485880374908}, {'class_name': 'daisy', 'probability': 0.006992822978645563}]"
sunflower/14889779907_3d401bbac7_m.jpg,3,sunflower,3,sunflower,"[{'class_name': 'sunflower', 'probability': 0.9059669375419617}, {'class_name': 'daisy', 'probability': 0.03374554589390755}, {'class_name': 'dandelion', 'probability': 0.027326904237270355}]"
sunflower/15043962658_dcf9dff5e9_n.jpg,3,sunflower,3,sunflower,"[{'class_name': 'sunflower', 'probability': 0.9456209540367126}, {'class_name': 'daisy', 'probability': 0.033392030745744705}, {'class_name': 'rose', 'probability': 0.009526253677904606}]"
sunflower/15118243470_7e0a7f159c_n.jpg,3,sunflower,3,sunflower,"[{'class_name': 'sunflower', 'probability': 0.8552749156951904}, {'class_name': 'daisy', 'probability': 0.05451631173491478}, {'class_name': 'rose', 'probability': 0.038742076605558395}]"
sunflower/15218421476_9d5f38e732_m.jpg,3,sunflower,3,sunflower,"[{'class_name': 'sunflower', 'probability': 0.8511252403259277}, {'class_name': 'dandelion', 'probability': 0.07967209815979004}, {'class_name': 'daisy', 'probability': 0.03500702977180481}]"
sunflower/15243175532_ac28c48e14_m.jpg,3,sunflower,3,sunflower,"[{'class_name': 'sunflower', 'probability': 0.9833170771598816}, {'class_name': 'dandelion', 'probability': 0.008451279252767563}, {'class_name': 'daisy', 'probability': 0.00491355499252677}]"
sunflower/15266715291_dfa3f1d49f_n.jpg,3,sunflower,3,sunflower,"[{'class_name': 'sunflower', 'probability': 0.7711056470870972}, {'class_name': 'dandelion', 'probability': 0.09669650346040726}, {'class_name': 'daisy', 'probability': 0.09629315882921219}]"
sunflower/15460162172_014bcce403.jpg,3,sunflower,3,sunflower,"[{'class_name': 'sunflower', 'probability': 0.9881356954574585}, {'class_name': 'daisy', 'probability': 0.0046770088374614716}, {'class_name': 'tulip', 'probability': 0.004070333670824766}]"
sunflower/15495578821_92c6d14252_n.jpg,3,sunflower,3,sunflower,"[{'class_name': 'sunflower', 'probability': 0.9102495908737183}, {'class_name': 'dandelion', 'probability': 0.03768220171332359}, {'class_name': 'daisy', 'probability': 0.02696477435529232}]"
sunflower/16975010069_7afd290657_m.jpg,3,sunflower,3,sunflower,"[{'class_name': 'sunflower', 'probability': 0.9293069839477539}, {'class_name': 'daisy', 'probability': 0.04645903781056404}, {'class_name': 'dandelion', 'probability': 0.01839565485715866}]"
sunflower/18237215308_a158d49f28_n.jpg,3,sunflower,3,sunflower,"[{'class_name': 'sunflower', 'probability': 0.7465048432350159}, {'class_name': 'dandelion', 'probability': 0.15136303007602692}, {'class_name': 'tulip', 'probability': 0.05523232743144035}]"
sunflower/18828277053_1493158b28.jpg,3,sunflower,3,sunflower,"[{'class_name': 'sunflower', 'probability': 0.7054111957550049}, {'class_name': 'dandelion', 'probability': 0.13995352387428284}, {'class_name': 'tulip', 'probability': 0.1026851013302803}]"
sunflower/19359539074_d7e32e6616_n.jpg,3,sunflower,3,sunflower,"[{'class_name': 'sunflower', 'probability': 0.8538022637367249}, {'class_name': 'rose', 'probability': 0.05745292082428932}, {'class_name': 'tulip', 'probability': 0.033008258789777756}]"
sunflower/193878348_43571127b9_n.jpg,3,sunflower,3,sunflower,"[{'class_name': 'sunflower', 'probability': 0.9683171510696411}, {'class_name': 'dandelion', 'probability': 0.015571395866572857}, {'class_name': 'tulip', 'probability': 0.006486346013844013}]"
sunflower/19442589512_e733cfea0f.jpg,3,sunflower,1,dandelion,"[{'class_name': 'dandelion', 'probability': 0.6857513785362244}, {'class_name': 'sunflower', 'probability': 0.2180478423833847}, {'class_name': 'tulip', 'probability': 0.06034691259264946}]"
sunflower/19504937128_a4ae90fcbd_m.jpg,3,sunflower,1,dandelion,"[{'class_name': 'dandelion', 'probability': 0.5503445267677307}, {'class_name': 'sunflower', 'probability': 0.2864188849925995}, {'class_name': 'rose', 'probability': 0.1279830038547516}]"
sunflower/19508264965_d1dfb565ea_n.jpg,3,sunflower,3,sunflower,"[{'class_name': 'sunflower', 'probability': 0.9563203454017639}, {'class_name': 'daisy', 'probability': 0.017930425703525543}, {'class_name': 'dandelion', 'probability': 0.01131092943251133}]"
sunflower/19756232959_17cde3b9f0_m.jpg,3,sunflower,3,sunflower,"[{'class_name': 'sunflower', 'probability': 0.8301371932029724}, {'class_name': 'daisy', 'probability': 0.0901661142706871}, {'class_name': 'dandelion', 'probability': 0.046393007040023804}]"
sunflower/20481273479_d459834a3e_n.jpg,3,sunflower,1,dandelion,"[{'class_name': 'dandelion', 'probability': 0.8211268186569214}, {'class_name': 'sunflower', 'probability': 0.14993314445018768}, {'class_name': 'daisy', 'probability': 0.019070260226726532}]"
sunflower/20704967595_a9c9b8d431.jpg,3,sunflower,3,sunflower,"[{'class_name': 'sunflower', 'probability': 0.9442504644393921}, {'class_name': 'daisy', 'probability': 0.023730158805847168}, {'class_name': 'tulip', 'probability': 0.015715334564447403}]"
sunflower/20871601265_daa4be4291_n.jpg,3,sunflower,3,sunflower,"[{'class_name': 'sunflower', 'probability': 0.79597008228302}, {'class_name': 'dandelion', 'probability': 0.08211705088615417}, {'class_name': 'daisy', 'probability': 0.07637721300125122}]"
sunflower/20972866151_e6a928b00a.jpg,3,sunflower,4,tulip,"[{'class_name': 'tulip', 'probability': 0.6862079501152039}, {'class_name': 'sunflower', 'probability': 0.1559733748435974}, {'class_name': 'dandelion', 'probability': 0.08118205517530441}]"
sunflower/22429946721_e17a12cb39_n.jpg,3,sunflower,3,sunflower,"[{'class_name': 'sunflower', 'probability': 0.7097744345664978}, {'class_name': 'daisy', 'probability': 0.14427518844604492}, {'class_name': 'tulip', 'probability': 0.07309428602457047}]"
sunflower/2307673262_e1e1aefd29.jpg,3,sunflower,2,rose,"[{'class_name': 'rose', 'probability': 0.3472140431404114}, {'class_name': 'tulip', 'probability': 0.314170241355896}, {'class_name': 'daisy', 'probability': 0.18494200706481934}]"
sunflower/235651658_a7b3e7cbdd.jpg,3,sunflower,4,tulip,"[{'class_name': 'tulip', 'probability': 0.7716957926750183}, {'class_name': 'dandelion', 'probability': 0.10347886383533478}, {'class_name': 'sunflower', 'probability': 0.10230964422225952}]"
sunflower/2443921986_d4582c123a.jpg,3,sunflower,3,sunflower,"[{'class_name': 'sunflower', 'probability': 0.724707841873169}, {'class_name': 'dandelion', 'probability': 0.11934999376535416}, {'class_name': 'tulip', 'probability': 0.078047014772892}]"
sunflower/24459750_eb49f6e4cb_m.jpg,3,sunflower,3,sunflower,"[{'class_name': 'sunflower', 'probability': 0.9679745435714722}, {'class_name': 'daisy', 'probability': 0.015275940299034119}, {'class_name': 'dandelion', 'probability': 0.007214780431240797}]"
sunflower/253586685_ee5b5f5232.jpg,3,sunflower,0,daisy,"[{'class_name': 'daisy', 'probability': 0.8159691095352173}, {'class_name': 'sunflower', 'probability': 0.13827161490917206}, {'class_name': 'dandelion', 'probability': 0.03377283364534378}]"
sunflower/26254755_1bfc494ef1_n.jpg,3,sunflower,3,sunflower,"[{'class_name': 'sunflower', 'probability': 0.5612453818321228}, {'class_name': 'dandelion', 'probability': 0.4133681058883667}, {'class_name': 'tulip', 'probability': 0.01573137566447258}]"
sunflower/2678588376_6ca64a4a54_n.jpg,3,sunflower,3,sunflower,"[{'class_name': 'sunflower', 'probability': 0.8535003066062927}, {'class_name': 'dandelion', 'probability': 0.13721825182437897}, {'class_name': 'daisy', 'probability': 0.0034999363124370575}]"
sunflower/2706736074_b0fba20b3e.jpg,3,sunflower,3,sunflower,"[{'class_name': 'sunflower', 'probability': 0.9288454651832581}, {'class_name': 'daisy', 'probability': 0.030958546325564384}, {'class_name': 'dandelion', 'probability': 0.023813754320144653}]"
sunflower/2767658405_1e2043f44c_n.jpg,3,sunflower,3,sunflower,"[{'class_name': 'sunflower', 'probability': 0.7637035846710205}, {'class_name': 'dandelion', 'probability': 0.16905468702316284}, {'class_name': 'tulip', 'probability': 0.04452011361718178}]"
sunflower/2807106374_f422b5f00c.jpg,3,sunflower,4,tulip,"[{'class_name': 'tulip', 'probability': 0.4703073501586914}, {'class_name': 'sunflower', 'probability': 0.23720204830169678}, {'class_name': 'daisy', 'probability': 0.1047685369849205}]"
sunflower/2883115621_4837267ea1_m.jpg,3,sunflower,3,sunflower,"[{'class_name': 'sunflower', 'probability': 0.47817158699035645}, {'class_name': 'dandelion', 'probability': 0.31149888038635254}, {'class_name': 'daisy', 'probability': 0.11018965393304825}]"
sunflower/2895404754_6d9f9416d7_n.jpg,3,sunflower,3,sunflower,"[{'class_name': 'sunflower', 'probability': 0.8033658266067505}, {'class_name': 'tulip', 'probability': 0.06817374378442764}, {'class_name': 'daisy', 'probability': 0.049030642956495285}]"
sunflower/29744655960_c0868b43da_n.jpg,3,sunflower,3,sunflower,"[{'class_name': 'sunflower', 'probability': 0.7448365092277527}, {'class_name': 'rose', 'probability': 0.09861469268798828}, {'class_name': 'tulip', 'probability': 0.07539195567369461}]"
sunflower/3840761441_7c648abf4d_n.jpg,3,sunflower,3,sunflower,"[{'class_name': 'sunflower', 'probability': 0.8873832821846008}, {'class_name': 'daisy', 'probability': 0.04040759801864624}, {'class_name': 'tulip', 'probability': 0.02779582142829895}]"
sunflower/3912497870_a2f91c3a65_n.jpg,3,sunflower,3,sunflower,"[{'class_name': 'sunflower', 'probability': 0.9721425175666809}, {'class_name': 'daisy', 'probability': 0.009956480003893375}, {'class_name': 'dandelion', 'probability': 0.009501857683062553}]"
sunflower/3946535709_78613461cb_n.jpg,3,sunflower,0,daisy,"[{'class_name': 'daisy', 'probability': 0.46781104803085327}, {'class_name': 'sunflower', 'probability': 0.3690457046031952}, {'class_name': 'dandelion', 'probability': 0.07658305019140244}]"
sunflower/40410814_fba3837226_n.jpg,3,sunflower,3,sunflower,"[{'class_name': 'sunflower', 'probability': 0.9923090934753418}, {'class_name': 'daisy', 'probability': 0.0029908677097409964}, {'class_name': 'dandelion', 'probability': 0.00202328828163445}]"
sunflower/40411019_526f3fc8d9_m.jpg,3,sunflower,3,sunflower,"[{'class_name': 'sunflower', 'probability': 0.9543917179107666}, {'class_name': 'dandelion', 'probability': 0.0348062627017498}, {'class_name': 'tulip', 'probability': 0.0054364558309316635}]"
sunflower/40411100_7fbe10ec0f_n.jpg,3,sunflower,3,sunflower,"[{'class_name': 'sunflower', 'probability': 0.9940832257270813}, {'class_name': 'daisy', 'probability': 0.004581578075885773}, {'class_name': 'tulip', 'probability': 0.000836024119053036}]"
sunflower/4080112931_cb20b3d51a_n.jpg,3,sunflower,3,sunflower,"[{'class_name': 'sunflower', 'probability': 0.8825498223304749}, {'class_name': 'tulip', 'probability': 0.04448305815458298}, {'class_name': 'daisy', 'probability': 0.03978540375828743}]"
sunflower/4235259239_21f2eb4f2e.jpg,3,sunflower,3,sunflower,"[{'class_name': 'sunflower', 'probability': 0.9760457873344421}, {'class_name': 'dandelion', 'probability': 0.014640895649790764}, {'class_name': 'rose', 'probability': 0.004076123703271151}]"
sunflower/45045003_30bbd0a142_m.jpg,3,sunflower,3,sunflower,"[{'class_name': 'sunflower', 'probability': 0.8048586845397949}, {'class_name': 'dandelion', 'probability': 0.17254219949245453}, {'class_name': 'daisy', 'probability': 0.015455292537808418}]"
sunflower/4626721387_88f89d5cc9_n.jpg,3,sunflower,3,sunflower,"[{'class_name': 'sunflower', 'probability': 0.7610095739364624}, {'class_name': 'tulip', 'probability': 0.1434815227985382}, {'class_name': 'daisy', 'probability': 0.0430755577981472}]"
sunflower/4664737020_b4c61aacd3_n.jpg,3,sunflower,3,sunflower,"[{'class_name': 'sunflower', 'probability': 0.959068775177002}, {'class_name': 'rose', 'probability': 0.01963724009692669}, {'class_name': 'daisy', 'probability': 0.012075859121978283}]"
sunflower/4689061249_6498da5013.jpg,3,sunflower,3,sunflower,"[{'class_name': 'sunflower', 'probability': 0.9559926390647888}, {'class_name': 'tulip', 'probability': 0.026471560820937157}, {'class_name': 'daisy', 'probability': 0.009456288069486618}]"
sunflower/4818994715_9d90527d18_n.jpg,3,sunflower,3,sunflower,"[{'class_name': 'sunflower', 'probability': 0.9319503307342529}, {'class_name': 'tulip', 'probability': 0.03034633956849575}, {'class_name': 'rose', 'probability': 0.014614271000027657}]"
sunflower/4847062576_bae870479c_n.jpg,3,sunflower,3,sunflower,"[{'class_name': 'sunflower', 'probability': 0.6018824577331543}, {'class_name': 'dandelion', 'probability': 0.32842081785202026}, {'class_name': 'daisy', 'probability': 0.048948436975479126}]"
sunflower/4895718876_0246882882_n.jpg,3,sunflower,3,sunflower,"[{'class_name': 'sunflower', 'probability': 0.9750077724456787}, {'class_name': 'daisy', 'probability': 0.01936131902039051}, {'class_name': 'rose', 'probability': 0.003334564156830311}]"
sunflower/4940287066_385afd9c18_m.jpg,3,sunflower,3,sunflower,"[{'class_name': 'sunflower', 'probability': 0.9895415306091309}, {'class_name': 'daisy', 'probability': 0.0037506893277168274}, {'class_name': 'dandelion', 'probability': 0.003383082803338766}]"
sunflower/5015462205_440898fe41_n.jpg,3,sunflower,3,sunflower,"[{'class_name': 'sunflower', 'probability': 0.8990897536277771}, {'class_name': 'dandelion', 'probability': 0.05139570310711861}, {'class_name': 'daisy', 'probability': 0.03807641565799713}]"
sunflower/5018120483_cc0421b176_m.jpg,3,sunflower,3,sunflower,"[{'class_name': 'sunflower', 'probability': 0.5807034373283386}, {'class_name': 'dandelion', 'probability': 0.1519584357738495}, {'class_name': 'daisy', 'probability': 0.14837758243083954}]"
sunflower/5020805135_1219d7523d.jpg,3,sunflower,3,sunflower,"[{'class_name': 'sunflower', 'probability': 0.949366569519043}, {'class_name': 'daisy', 'probability': 0.034284282475709915}, {'class_name': 'dandelion', 'probability': 0.00894162803888321}]"
sunflower/5115925320_ed9ca5b2d1_n.jpg,3,sunflower,3,sunflower,"[{'class_name': 'sunflower', 'probability': 0.7476512789726257}, {'class_name': 'tulip', 'probability': 0.15331155061721802}, {'class_name': 'daisy', 'probability': 0.05509508028626442}]"
sunflower/5180861654_0741222c62_n.jpg,3,sunflower,3,sunflower,"[{'class_name': 'sunflower', 'probability': 0.9220175743103027}, {'class_name': 'dandelion', 'probability': 0.04789790138602257}, {'class_name': 'daisy', 'probability': 0.013318655081093311}]"
sunflower/5933438337_b26a81ea81_n.jpg,3,sunflower,3,sunflower,"[{'class_name': 'sunflower', 'probability': 0.9858059287071228}, {'class_name': 'dandelion', 'probability': 0.005540647078305483}, {'class_name': 'rose', 'probability': 0.0036289989948272705}]"
sunflower/5955500463_6c08cb199e.jpg,3,sunflower,3,sunflower,"[{'class_name': 'sunflower', 'probability': 0.9731745719909668}, {'class_name': 'tulip', 'probability': 0.009315752424299717}, {'class_name': 'daisy', 'probability': 0.007065138779580593}]"
sunflower/5955501969_e42f038a6f_n.jpg,3,sunflower,3,sunflower,"[{'class_name': 'sunflower', 'probability': 0.9180959463119507}, {'class_name': 'daisy', 'probability': 0.03845495730638504}, {'class_name': 'dandelion', 'probability': 0.029743477702140808}]"
sunflower/5956627065_075880a1cc_n.jpg,3,sunflower,3,sunflower,"[{'class_name': 'sunflower', 'probability': 0.9955490827560425}, {'class_name': 'rose', 'probability': 0.0017439158400520682}, {'class_name': 'daisy', 'probability': 0.0010410905815660954}]"
sunflower/5956627147_4d51393479_n.jpg,3,sunflower,3,sunflower,"[{'class_name': 'sunflower', 'probability': 0.9683200716972351}, {'class_name': 'dandelion', 'probability': 0.019620100036263466}, {'class_name': 'rose', 'probability': 0.008350645191967487}]"
sunflower/5967284308_85714d8cf7_m.jpg,3,sunflower,1,dandelion,"[{'class_name': 'dandelion', 'probability': 0.5310732126235962}, {'class_name': 'sunflower', 'probability': 0.37958642840385437}, {'class_name': 'tulip', 'probability': 0.056640446186065674}]"
sunflower/5970301989_fe3a68aac8_m.jpg,3,sunflower,3,sunflower,"[{'class_name': 'sunflower', 'probability': 0.9300426244735718}, {'class_name': 'tulip', 'probability': 0.03259558975696564}, {'class_name': 'dandelion', 'probability': 0.022772276774048805}]"
sunflower/5994569021_749d5e2da3_n.jpg,3,sunflower,3,sunflower,"[{'class_name': 'sunflower', 'probability': 0.9604723453521729}, {'class_name': 'tulip', 'probability': 0.013076831586658955}, {'class_name': 'dandelion', 'probability': 0.011460359208285809}]"
sunflower/6140808687_88df0fd733.jpg,3,sunflower,3,sunflower,"[{'class_name': 'sunflower', 'probability': 0.6126659512519836}, {'class_name': 'dandelion', 'probability': 0.20589475333690643}, {'class_name': 'daisy', 'probability': 0.1272158920764923}]"
sunflower/6199086734_b7ddc65816_m.jpg,3,sunflower,3,sunflower,"[{'class_name': 'sunflower', 'probability': 0.9861714243888855}, {'class_name': 'daisy', 'probability': 0.007148777134716511}, {'class_name': 'dandelion', 'probability': 0.004254545550793409}]"
sunflower/6204049536_1ac4f09232_n.jpg,3,sunflower,3,sunflower,"[{'class_name': 'sunflower', 'probability': 0.9776531457901001}, {'class_name': 'daisy', 'probability': 0.014069399796426296}, {'class_name': 'tulip', 'probability': 0.003515644231811166}]"
sunflower/6250692311_cb60c85ee9_n.jpg,3,sunflower,3,sunflower,"[{'class_name': 'sunflower', 'probability': 0.9302343726158142}, {'class_name': 'dandelion', 'probability': 0.025351986289024353}, {'class_name': 'daisy', 'probability': 0.018075987696647644}]"
sunflower/6606749757_b98a4ba403.jpg,3,sunflower,3,sunflower,"[{'class_name': 'sunflower', 'probability': 0.8676201701164246}, {'class_name': 'dandelion', 'probability': 0.10254783928394318}, {'class_name': 'tulip', 'probability': 0.013120358809828758}]"
sunflower/6606820461_952c450f90_n.jpg,3,sunflower,3,sunflower,"[{'class_name': 'sunflower', 'probability': 0.9861853718757629}, {'class_name': 'dandelion', 'probability': 0.007604731246829033}, {'class_name': 'daisy', 'probability': 0.002848035888746381}]"
sunflower/678714585_addc9aaaef.jpg,3,sunflower,3,sunflower,"[{'class_name': 'sunflower', 'probability': 0.9852651953697205}, {'class_name': 'dandelion', 'probability': 0.006005741190165281}, {'class_name': 'daisy', 'probability': 0.004569075535982847}]"
sunflower/6866250080_ae80df0cd5_m.jpg,3,sunflower,3,sunflower,"[{'class_name': 'sunflower', 'probability': 0.6460367441177368}, {'class_name': 'dandelion', 'probability': 0.24878694117069244}, {'class_name': 'daisy', 'probability': 0.0689794197678566}]"
sunflower/7510240282_87554c7418_n.jpg,3,sunflower,3,sunflower,"[{'class_name': 'sunflower', 'probability': 0.48339417576789856}, {'class_name': 'dandelion', 'probability': 0.39336633682250977}, {'class_name': 'daisy', 'probability': 0.08975861966609955}]"
sunflower/7510262868_cf7d6f6f25_n.jpg,3,sunflower,3,sunflower,"[{'class_name': 'sunflower', 'probability': 0.7729602456092834}, {'class_name': 'tulip', 'probability': 0.08584251999855042}, {'class_name': 'dandelion', 'probability': 0.0761571153998375}]"
sunflower/7820626738_3be6a52e4e_n.jpg,3,sunflower,3,sunflower,"[{'class_name': 'sunflower', 'probability': 0.6805692911148071}, {'class_name': 'tulip', 'probability': 0.1372450590133667}, {'class_name': 'dandelion', 'probability': 0.10719083249568939}]"
sunflower/7857605684_fc86440c23.jpg,3,sunflower,3,sunflower,"[{'class_name': 'sunflower', 'probability': 0.7613949775695801}, {'class_name': 'daisy', 'probability': 0.09001106768846512}, {'class_name': 'tulip', 'probability': 0.07178178429603577}]"
sunflower/8014735546_3db46bb1fe_n.jpg,3,sunflower,3,sunflower,"[{'class_name': 'sunflower', 'probability': 0.5911506414413452}, {'class_name': 'rose', 'probability': 0.16179169714450836}, {'class_name': 'dandelion', 'probability': 0.10074050724506378}]"
sunflower/8038712786_5bdeed3c7f_m.jpg,3,sunflower,3,sunflower,"[{'class_name': 'sunflower', 'probability': 0.9796526432037354}, {'class_name': 'dandelion', 'probability': 0.009111350402235985}, {'class_name': 'rose', 'probability': 0.004846016876399517}]"
sunflower/8174935717_d19367d502.jpg,3,sunflower,3,sunflower,"[{'class_name': 'sunflower', 'probability': 0.6374761462211609}, {'class_name': 'dandelion', 'probability': 0.34350067377090454}, {'class_name': 'daisy', 'probability': 0.007615153677761555}]"
sunflower/8174941335_56389b53e9_n.jpg,3,sunflower,3,sunflower,"[{'class_name': 'sunflower', 'probability': 0.8859928846359253}, {'class_name': 'dandelion', 'probability': 0.07418156415224075}, {'class_name': 'daisy', 'probability': 0.022747529670596123}]"
sunflower/8174970894_7f9a26be7e.jpg,3,sunflower,3,sunflower,"[{'class_name': 'sunflower', 'probability': 0.9523269534111023}, {'class_name': 'dandelion', 'probability': 0.03154071792960167}, {'class_name': 'tulip', 'probability': 0.010323833674192429}]"
sunflower/8234846550_fdaf326dbe.jpg,3,sunflower,3,sunflower,"[{'class_name': 'sunflower', 'probability': 0.971495509147644}, {'class_name': 'tulip', 'probability': 0.015394975431263447}, {'class_name': 'rose', 'probability': 0.007917383685708046}]"
sunflower/8433716268_8b7b4083bc_n.jpg,3,sunflower,1,dandelion,"[{'class_name': 'dandelion', 'probability': 0.9502952694892883}, {'class_name': 'sunflower', 'probability': 0.01566808484494686}, {'class_name': 'daisy', 'probability': 0.01563084125518799}]"
sunflower/8543642705_b841b0e5f6.jpg,3,sunflower,3,sunflower,"[{'class_name': 'sunflower', 'probability': 0.9811409711837769}, {'class_name': 'dandelion', 'probability': 0.011970967054367065}, {'class_name': 'tulip', 'probability': 0.003031427040696144}]"
sunflower/864957037_c75373d1c5.jpg,3,sunflower,3,sunflower,"[{'class_name': 'sunflower', 'probability': 0.9875471591949463}, {'class_name': 'daisy', 'probability': 0.004172964952886105}, {'class_name': 'dandelion', 'probability': 0.0034817298874258995}]"
sunflower/9111896677_ff0b6fa6f6_n.jpg,3,sunflower,3,sunflower,"[{'class_name': 'sunflower', 'probability': 0.952497661113739}, {'class_name': 'dandelion', 'probability': 0.03917454555630684}, {'class_name': 'rose', 'probability': 0.0029726659413427114}]"
sunflower/9231555352_d2dd8f8e68_m.jpg,3,sunflower,3,sunflower,"[{'class_name': 'sunflower', 'probability': 0.5148558616638184}, {'class_name': 'tulip', 'probability': 0.2733139991760254}, {'class_name': 'dandelion', 'probability': 0.09713146090507507}]"
sunflower/9375675309_987d32f99e_n.jpg,3,sunflower,3,sunflower,"[{'class_name': 'sunflower', 'probability': 0.8762146234512329}, {'class_name': 'dandelion', 'probability': 0.0776134803891182}, {'class_name': 'daisy', 'probability': 0.020757004618644714}]"
sunflower/9400904374_37723396e3_n.jpg,3,sunflower,1,dandelion,"[{'class_name': 'dandelion', 'probability': 0.8686540722846985}, {'class_name': 'sunflower', 'probability': 0.09568016976118088}, {'class_name': 'daisy', 'probability': 0.025412393733859062}]"
sunflower/9535500195_543d0b729b.jpg,3,sunflower,3,sunflower,"[{'class_name': 'sunflower', 'probability': 0.9930145740509033}, {'class_name': 'dandelion', 'probability': 0.0029175353702157736}, {'class_name': 'daisy', 'probability': 0.0023419256322085857}]"
sunflower/9555827829_74e6f60f1d_m.jpg,3,sunflower,3,sunflower,"[{'class_name': 'sunflower', 'probability': 0.9040812253952026}, {'class_name': 'dandelion', 'probability': 0.04373525455594063}, {'class_name': 'daisy', 'probability': 0.032653529196977615}]"
sunflower/9558630626_52a1b7d702_m.jpg,3,sunflower,3,sunflower,"[{'class_name': 'sunflower', 'probability': 0.973126232624054}, {'class_name': 'dandelion', 'probability': 0.00960863009095192}, {'class_name': 'daisy', 'probability': 0.007192845921963453}]"
sunflower/9564240106_0577e919da_n.jpg,3,sunflower,3,sunflower,"[{'class_name': 'sunflower', 'probability': 0.9802077412605286}, {'class_name': 'dandelion', 'probability': 0.008777115494012833}, {'class_name': 'daisy', 'probability': 0.006603492423892021}]"
sunflower/9588522189_db6166f67f.jpg,3,sunflower,3,sunflower,"[{'class_name': 'sunflower', 'probability': 0.88496994972229}, {'class_name': 'daisy', 'probability': 0.08216921985149384}, {'class_name': 'dandelion', 'probability': 0.018715400248765945}]"
sunflower/9610373748_b9cb67bd55.jpg,3,sunflower,3,sunflower,"[{'class_name': 'sunflower', 'probability': 0.9292500615119934}, {'class_name': 'dandelion', 'probability': 0.025372395291924477}, {'class_name': 'tulip', 'probability': 0.020806780084967613}]"
tulip/112951022_4892b1348b_n.jpg,4,tulip,4,tulip,"[{'class_name': 'tulip', 'probability': 0.9855239987373352}, {'class_name': 'dandelion', 'probability': 0.008256055414676666}, {'class_name': 'sunflower', 'probability': 0.003229803405702114}]"
tulip/11746452_5bc1749a36.jpg,4,tulip,4,tulip,"[{'class_name': 'tulip', 'probability': 0.9832930564880371}, {'class_name': 'dandelion', 'probability': 0.01015443541109562}, {'class_name': 'daisy', 'probability': 0.003271232359111309}]"
tulip/12873145295_438b8197a7_n.jpg,4,tulip,4,tulip,"[{'class_name': 'tulip', 'probability': 0.9317651391029358}, {'class_name': 'rose', 'probability': 0.028900042176246643}, {'class_name': 'sunflower', 'probability': 0.028133803978562355}]"
tulip/12883412424_cb5086b43f_n.jpg,4,tulip,4,tulip,"[{'class_name': 'tulip', 'probability': 0.8094533681869507}, {'class_name': 'rose', 'probability': 0.0938548743724823}, {'class_name': 'sunflower', 'probability': 0.07058057934045792}]"
tulip/13510068773_c925c5517c.jpg,4,tulip,4,tulip,"[{'class_name': 'tulip', 'probability': 0.9842809438705444}, {'class_name': 'rose', 'probability': 0.005671553313732147}, {'class_name': 'dandelion', 'probability': 0.004986965097486973}]"
tulip/1353748522_b9c630b162.jpg,4,tulip,4,tulip,"[{'class_name': 'tulip', 'probability': 0.9825114607810974}, {'class_name': 'dandelion', 'probability': 0.009100589901208878}, {'class_name': 'sunflower', 'probability': 0.005416629370301962}]"
tulip/13926327692_a07357ff0d.jpg,4,tulip,4,tulip,"[{'class_name': 'tulip', 'probability': 0.9571354389190674}, {'class_name': 'dandelion', 'probability': 0.021981503814458847}, {'class_name': 'rose', 'probability': 0.01116020604968071}]"
tulip/13954659583_03981dea99_n.jpg,4,tulip,4,tulip,"[{'class_name': 'tulip', 'probability': 0.9926718473434448}, {'class_name': 'sunflower', 'probability': 0.0035710118245333433}, {'class_name': 'dandelion', 'probability': 0.002092020818963647}]"
tulip/13974542496_e4b5d1c913_n.jpg,4,tulip,4,tulip,"[{'class_name': 'tulip', 'probability': 0.9600759744644165}, {'class_name': 'sunflower', 'probability': 0.021737923845648766}, {'class_name': 'rose', 'probability': 0.013183173723518848}]"
tulip/13979840624_28466cb3ec_n.jpg,4,tulip,4,tulip,"[{'class_name': 'tulip', 'probability': 0.9903072118759155}, {'class_name': 'sunflower', 'probability': 0.004625180270522833}, {'class_name': 'dandelion', 'probability': 0.003636860055848956}]"
tulip/13999402743_f563f6b685_n.jpg,4,tulip,4,tulip,"[{'class_name': 'tulip', 'probability': 0.9597874879837036}, {'class_name': 'dandelion', 'probability': 0.013947461731731892}, {'class_name': 'rose', 'probability': 0.010045764967799187}]"
tulip/14017640283_c417141832_n.jpg,4,tulip,4,tulip,"[{'class_name': 'tulip', 'probability': 0.8872548937797546}, {'class_name': 'sunflower', 'probability': 0.06520994007587433}, {'class_name': 'rose', 'probability': 0.027618784457445145}]"
tulip/14022473102_3b24ca08cb_m.jpg,4,tulip,4,tulip,"[{'class_name': 'tulip', 'probability': 0.754172146320343}, {'class_name': 'sunflower', 'probability': 0.15609776973724365}, {'class_name': 'dandelion', 'probability': 0.04555810987949371}]"
tulip/14039129738_cc3ac0a623_n.jpg,4,tulip,4,tulip,"[{'class_name': 'tulip', 'probability': 0.9859689474105835}, {'class_name': 'dandelion', 'probability': 0.007827849127352238}, {'class_name': 'sunflower', 'probability': 0.003906881902366877}]"
tulip/14046760909_0c73e84a1f_n.jpg,4,tulip,4,tulip,"[{'class_name': 'tulip', 'probability': 0.7449684143066406}, {'class_name': 'dandelion', 'probability': 0.17231065034866333}, {'class_name': 'sunflower', 'probability': 0.04344162717461586}]"
tulip/14054827092_f359f5fcbd_m.jpg,4,tulip,4,tulip,"[{'class_name': 'tulip', 'probability': 0.7435100674629211}, {'class_name': 'rose', 'probability': 0.21974386274814606}, {'class_name': 'sunflower', 'probability': 0.022993966937065125}]"
tulip/14055601247_2e647ba9b0_n.jpg,4,tulip,4,tulip,"[{'class_name': 'tulip', 'probability': 0.9758114218711853}, {'class_name': 'rose', 'probability': 0.01162369828671217}, {'class_name': 'sunflower', 'probability': 0.0064232018776237965}]"
tulip/14057246122_8598b665bd.jpg,4,tulip,4,tulip,"[{'class_name': 'tulip', 'probability': 0.9759318828582764}, {'class_name': 'dandelion', 'probability': 0.012329495511949062}, {'class_name': 'daisy', 'probability': 0.0068788472563028336}]"
tulip/14066056226_d8564a083e_m.jpg,4,tulip,4,tulip,"[{'class_name': 'tulip', 'probability': 0.9865133166313171}, {'class_name': 'dandelion', 'probability': 0.0046349638141691685}, {'class_name': 'daisy', 'probability': 0.0037712256889790297}]"
tulip/14067456066_87e15792d0.jpg,4,tulip,4,tulip,"[{'class_name': 'tulip', 'probability': 0.9467331767082214}, {'class_name': 'rose', 'probability': 0.027863670140504837}, {'class_name': 'daisy', 'probability': 0.012676496990025043}]"
tulip/14069914457_6805909b1c_n.jpg,4,tulip,4,tulip,"[{'class_name': 'tulip', 'probability': 0.9900912046432495}, {'class_name': 'dandelion', 'probability': 0.006391347385942936}, {'class_name': 'sunflower', 'probability': 0.0017303036293014884}]"
tulip/14069914547_1fa90bec99_n.jpg,4,tulip,4,tulip,"[{'class_name': 'tulip', 'probability': 0.8342673182487488}, {'class_name': 'rose', 'probability': 0.07580213248729706}, {'class_name': 'daisy', 'probability': 0.04104616120457649}]"
tulip/14087361621_9fefb8dbef.jpg,4,tulip,4,tulip,"[{'class_name': 'tulip', 'probability': 0.9772103428840637}, {'class_name': 'dandelion', 'probability': 0.015900202095508575}, {'class_name': 'sunflower', 'probability': 0.0036402016412466764}]"
tulip/14087425312_2b5846b570_n.jpg,4,tulip,4,tulip,"[{'class_name': 'tulip', 'probability': 0.9516997337341309}, {'class_name': 'rose', 'probability': 0.02031106874346733}, {'class_name': 'sunflower', 'probability': 0.019039466977119446}]"
tulip/14093884601_c87b5cd663_n.jpg,4,tulip,4,tulip,"[{'class_name': 'tulip', 'probability': 0.791644275188446}, {'class_name': 'rose', 'probability': 0.11253493279218674}, {'class_name': 'dandelion', 'probability': 0.04588423669338226}]"
tulip/14097676864_4ca8e8b20d_n.jpg,4,tulip,4,tulip,"[{'class_name': 'tulip', 'probability': 0.9932126998901367}, {'class_name': 'dandelion', 'probability': 0.0038499117363244295}, {'class_name': 'daisy', 'probability': 0.0017398539930582047}]"
tulip/14127532150_112823a8f6.jpg,4,tulip,4,tulip,"[{'class_name': 'tulip', 'probability': 0.9157184958457947}, {'class_name': 'dandelion', 'probability': 0.0312812477350235}, {'class_name': 'rose', 'probability': 0.025015920400619507}]"
tulip/14254329512_8b4229b898_n.jpg,4,tulip,4,tulip,"[{'class_name': 'tulip', 'probability': 0.954804539680481}, {'class_name': 'rose', 'probability': 0.0183419156819582}, {'class_name': 'dandelion', 'probability': 0.01315518282353878}]"
tulip/14254839301_ffb19c6445_n.jpg,4,tulip,4,tulip,"[{'class_name': 'tulip', 'probability': 0.9824166297912598}, {'class_name': 'rose', 'probability': 0.0059975190088152885}, {'class_name': 'dandelion', 'probability': 0.004754436202347279}]"
tulip/14262354955_cc2ab3b112_m.jpg,4,tulip,4,tulip,"[{'class_name': 'tulip', 'probability': 0.7603349685668945}, {'class_name': 'rose', 'probability': 0.1650550663471222}, {'class_name': 'sunflower', 'probability': 0.037888411432504654}]"
tulip/14270573963_f122c40438.jpg,4,tulip,4,tulip,"[{'class_name': 'tulip', 'probability': 0.9172897934913635}, {'class_name': 'dandelion', 'probability': 0.0359109491109848}, {'class_name': 'sunflower', 'probability': 0.02187470532953739}]"
tulip/14487705209_ea723109e1_m.jpg,4,tulip,2,rose,"[{'class_name': 'rose', 'probability': 0.9450425505638123}, {'class_name': 'tulip', 'probability': 0.019193969666957855}, {'class_name': 'daisy', 'probability': 0.016202956438064575}]"
tulip/14674388855_2da18e375a_m.jpg,4,tulip,4,tulip,"[{'class_name': 'tulip', 'probability': 0.8897792100906372}, {'class_name': 'rose', 'probability': 0.07924257963895798}, {'class_name': 'daisy', 'probability': 0.024482768028974533}]"
tulip/14861513337_4ef0bfa40d.jpg,4,tulip,4,tulip,"[{'class_name': 'tulip', 'probability': 0.9443312883377075}, {'class_name': 'rose', 'probability': 0.029233910143375397}, {'class_name': 'dandelion', 'probability': 0.013627007603645325}]"
tulip/15096307668_589504b03f_n.jpg,4,tulip,4,tulip,"[{'class_name': 'tulip', 'probability': 0.8028627634048462}, {'class_name': 'rose', 'probability': 0.12035993486642838}, {'class_name': 'daisy', 'probability': 0.05393020063638687}]"
tulip/15149373026_93aacc65c5.jpg,4,tulip,4,tulip,"[{'class_name': 'tulip', 'probability': 0.9667757749557495}, {'class_name': 'dandelion', 'probability': 0.0174078568816185}, {'class_name': 'daisy', 'probability': 0.0073292008601129055}]"
tulip/15458787091_3edc6cd1eb.jpg,4,tulip,0,daisy,"[{'class_name': 'daisy', 'probability': 0.44148170948028564}, {'class_name': 'dandelion', 'probability': 0.24881777167320251}, {'class_name': 'tulip', 'probability': 0.13582384586334229}]"
tulip/15632065904_0d9caf174b.jpg,4,tulip,3,sunflower,"[{'class_name': 'sunflower', 'probability': 0.33691534399986267}, {'class_name': 'rose', 'probability': 0.2907484769821167}, {'class_name': 'tulip', 'probability': 0.1577233374118805}]"
tulip/15756524087_823cf86bd8_m.jpg,4,tulip,4,tulip,"[{'class_name': 'tulip', 'probability': 0.8500877618789673}, {'class_name': 'rose', 'probability': 0.1025712788105011}, {'class_name': 'sunflower', 'probability': 0.0336357019841671}]"
tulip/15976769174_1d50f46ca1_m.jpg,4,tulip,4,tulip,"[{'class_name': 'tulip', 'probability': 0.9918361306190491}, {'class_name': 'dandelion', 'probability': 0.0049665141850709915}, {'class_name': 'daisy', 'probability': 0.0023414050228893757}]"
tulip/16062072523_1be3c0b61f.jpg,4,tulip,0,daisy,"[{'class_name': 'daisy', 'probability': 0.45451509952545166}, {'class_name': 'tulip', 'probability': 0.2739598751068115}, {'class_name': 'rose', 'probability': 0.21065795421600342}]"
tulip/16074109313_2cc14c7d16.jpg,4,tulip,4,tulip,"[{'class_name': 'tulip', 'probability': 0.9856650829315186}, {'class_name': 'dandelion', 'probability': 0.006967888213694096}, {'class_name': 'sunflower', 'probability': 0.005068779923021793}]"
tulip/16098264209_38fe491093.jpg,4,tulip,4,tulip,"[{'class_name': 'tulip', 'probability': 0.7476109862327576}, {'class_name': 'dandelion', 'probability': 0.1754915714263916}, {'class_name': 'rose', 'probability': 0.035132866352796555}]"
tulip/16110795216_b3e44697b4_m.jpg,4,tulip,0,daisy,"[{'class_name': 'daisy', 'probability': 0.8886526226997375}, {'class_name': 'rose', 'probability': 0.042469125241041183}, {'class_name': 'tulip', 'probability': 0.03724779933691025}]"
tulip/16133651784_c244d86f82_n.jpg,4,tulip,4,tulip,"[{'class_name': 'tulip', 'probability': 0.8943734169006348}, {'class_name': 'dandelion', 'probability': 0.07097596675157547}, {'class_name': 'rose', 'probability': 0.014962629415094852}]"
tulip/16265876844_0a149c4f76.jpg,4,tulip,4,tulip,"[{'class_name': 'tulip', 'probability': 0.975573718547821}, {'class_name': 'dandelion', 'probability': 0.009912146255373955}, {'class_name': 'daisy', 'probability': 0.00780605198815465}]"
tulip/16309287412_5cc4d58bd1_n.jpg,4,tulip,4,tulip,"[{'class_name': 'tulip', 'probability': 0.9888618588447571}, {'class_name': 'sunflower', 'probability': 0.007049746345728636}, {'class_name': 'dandelion', 'probability': 0.0024807832669466734}]"
tulip/16485607329_e66d5960bc_m.jpg,4,tulip,4,tulip,"[{'class_name': 'tulip', 'probability': 0.9757118225097656}, {'class_name': 'rose', 'probability': 0.010403984226286411}, {'class_name': 'sunflower', 'probability': 0.006289693992584944}]"
tulip/16644790896_7b296ecd67_n.jpg,4,tulip,4,tulip,"[{'class_name': 'tulip', 'probability': 0.9783651828765869}, {'class_name': 'dandelion', 'probability': 0.007299069780856371}, {'class_name': 'sunflower', 'probability': 0.006711916532367468}]"
tulip/16645809126_613b1e3ebe_m.jpg,4,tulip,4,tulip,"[{'class_name': 'tulip', 'probability': 0.9757086038589478}, {'class_name': 'rose', 'probability': 0.014641311019659042}, {'class_name': 'daisy', 'probability': 0.003767195390537381}]"
tulip/16700863150_ddaa4d89b4_n.jpg,4,tulip,4,tulip,"[{'class_name': 'tulip', 'probability': 0.9915907382965088}, {'class_name': 'daisy', 'probability': 0.004799326416105032}, {'class_name': 'dandelion', 'probability': 0.0024308147840201855}]"
tulip/16755061382_f6531150c1_n.jpg,4,tulip,4,tulip,"[{'class_name': 'tulip', 'probability': 0.6362559199333191}, {'class_name': 'dandelion', 'probability': 0.19940295815467834}, {'class_name': 'daisy', 'probability': 0.12563133239746094}]"
tulip/16862374316_4135908d4c_m.jpg,4,tulip,4,tulip,"[{'class_name': 'tulip', 'probability': 0.5798835158348083}, {'class_name': 'rose', 'probability': 0.2376163750886917}, {'class_name': 'sunflower', 'probability': 0.11018802970647812}]"
tulip/16862422576_5226e8d1d0.jpg,4,tulip,1,dandelion,"[{'class_name': 'dandelion', 'probability': 0.7407477498054504}, {'class_name': 'tulip', 'probability': 0.1226535215973854}, {'class_name': 'daisy', 'probability': 0.0755426213145256}]"
tulip/17012955700_7141d29eee.jpg,4,tulip,4,tulip,"[{'class_name': 'tulip', 'probability': 0.6804254651069641}, {'class_name': 'rose', 'probability': 0.1672908514738083}, {'class_name': 'dandelion', 'probability': 0.11523307859897614}]"
tulip/17105644339_e301a8a6be_n.jpg,4,tulip,4,tulip,"[{'class_name': 'tulip', 'probability': 0.5928731560707092}, {'class_name': 'rose', 'probability': 0.30476683378219604}, {'class_name': 'daisy', 'probability': 0.05445605516433716}]"
tulip/17224410762_402455ed8f.jpg,4,tulip,1,dandelion,"[{'class_name': 'dandelion', 'probability': 0.4867343604564667}, {'class_name': 'tulip', 'probability': 0.4457987844944}, {'class_name': 'sunflower', 'probability': 0.04417823627591133}]"
tulip/17291930305_79deae6a90_n.jpg,4,tulip,4,tulip,"[{'class_name': 'tulip', 'probability': 0.4358803927898407}, {'class_name': 'rose', 'probability': 0.41031813621520996}, {'class_name': 'daisy', 'probability': 0.10282028466463089}]"
tulip/17324469461_2b318aff8d_m.jpg,4,tulip,4,tulip,"[{'class_name': 'tulip', 'probability': 0.43647944927215576}, {'class_name': 'dandelion', 'probability': 0.3453955054283142}, {'class_name': 'daisy', 'probability': 0.16039669513702393}]"
tulip/17408197905_829c4d7940_m.jpg,4,tulip,4,tulip,"[{'class_name': 'tulip', 'probability': 0.5217131972312927}, {'class_name': 'rose', 'probability': 0.2647045850753784}, {'class_name': 'sunflower', 'probability': 0.14135195314884186}]"
tulip/17545306218_5bf0ee38cd_n.jpg,4,tulip,4,tulip,"[{'class_name': 'tulip', 'probability': 0.987676739692688}, {'class_name': 'rose', 'probability': 0.005596169736236334}, {'class_name': 'daisy', 'probability': 0.003964399453252554}]"
tulip/17730239562_9aa0fc0738_n.jpg,4,tulip,4,tulip,"[{'class_name': 'tulip', 'probability': 0.9244127869606018}, {'class_name': 'rose', 'probability': 0.031703270971775055}, {'class_name': 'daisy', 'probability': 0.02738211117684841}]"
tulip/17862445825_f7031d6f26.jpg,4,tulip,4,tulip,"[{'class_name': 'tulip', 'probability': 0.9594950675964355}, {'class_name': 'sunflower', 'probability': 0.012937990948557854}, {'class_name': 'rose', 'probability': 0.010235447436571121}]"
tulip/17970201501_6ee7401206_n.jpg,4,tulip,4,tulip,"[{'class_name': 'tulip', 'probability': 0.7910062074661255}, {'class_name': 'rose', 'probability': 0.10191789269447327}, {'class_name': 'daisy', 'probability': 0.04335963353514671}]"
tulip/17994129033_bbd0acba62_n.jpg,4,tulip,4,tulip,"[{'class_name': 'tulip', 'probability': 0.6552363038063049}, {'class_name': 'rose', 'probability': 0.2954864501953125}, {'class_name': 'sunflower', 'probability': 0.026825565844774246}]"
tulip/18378581986_5cd1494d08_n.jpg,4,tulip,4,tulip,"[{'class_name': 'tulip', 'probability': 0.9725915789604187}, {'class_name': 'dandelion', 'probability': 0.01065057422965765}, {'class_name': 'daisy', 'probability': 0.009725164622068405}]"
tulip/18378582936_ee7085c850.jpg,4,tulip,4,tulip,"[{'class_name': 'tulip', 'probability': 0.9732128381729126}, {'class_name': 'dandelion', 'probability': 0.015050338581204414}, {'class_name': 'sunflower', 'probability': 0.006609974429011345}]"
tulip/19903091702_3522e9ef3c_n.jpg,4,tulip,4,tulip,"[{'class_name': 'tulip', 'probability': 0.7127437591552734}, {'class_name': 'rose', 'probability': 0.1227991133928299}, {'class_name': 'daisy', 'probability': 0.0866047665476799}]"
tulip/20093632966_0d53e13036_n.jpg,4,tulip,4,tulip,"[{'class_name': 'tulip', 'probability': 0.6279175281524658}, {'class_name': 'rose', 'probability': 0.3235809803009033}, {'class_name': 'sunflower', 'probability': 0.02655082941055298}]"
tulip/20111973586_2987a89bed_n.jpg,4,tulip,4,tulip,"[{'class_name': 'tulip', 'probability': 0.6548513770103455}, {'class_name': 'rose', 'probability': 0.31901121139526367}, {'class_name': 'sunflower', 'probability': 0.014828179031610489}]"
tulip/20152653918_009a39f323_n.jpg,4,tulip,4,tulip,"[{'class_name': 'tulip', 'probability': 0.62800532579422}, {'class_name': 'rose', 'probability': 0.3521415889263153}, {'class_name': 'dandelion', 'probability': 0.012241031043231487}]"
tulip/20265958876_edb70c4553_n.jpg,4,tulip,4,tulip,"[{'class_name': 'tulip', 'probability': 0.794227123260498}, {'class_name': 'daisy', 'probability': 0.12457752972841263}, {'class_name': 'rose', 'probability': 0.05469038337469101}]"
tulip/20340657765_ddb2d2154e_n.jpg,4,tulip,4,tulip,"[{'class_name': 'tulip', 'probability': 0.8099071979522705}, {'class_name': 'rose', 'probability': 0.17612983286380768}, {'class_name': 'dandelion', 'probability': 0.007739004213362932}]"
tulip/20526614232_78ac8344bd_n.jpg,4,tulip,1,dandelion,"[{'class_name': 'dandelion', 'probability': 0.37936004996299744}, {'class_name': 'sunflower', 'probability': 0.326590895652771}, {'class_name': 'tulip', 'probability': 0.17892760038375854}]"
tulip/20742669999_53de71a4c9_n.jpg,4,tulip,4,tulip,"[{'class_name': 'tulip', 'probability': 0.9039989113807678}, {'class_name': 'sunflower', 'probability': 0.05148616433143616}, {'class_name': 'rose', 'probability': 0.023782407864928246}]"
tulip/20921546830_1d79fd07f7_n.jpg,4,tulip,4,tulip,"[{'class_name': 'tulip', 'probability': 0.9391834139823914}, {'class_name': 'rose', 'probability': 0.021510053426027298}, {'class_name': 'dandelion', 'probability': 0.01624929904937744}]"
tulip/20929606590_f92d4e59b7_n.jpg,4,tulip,4,tulip,"[{'class_name': 'tulip', 'probability': 0.876888632774353}, {'class_name': 'rose', 'probability': 0.058237552642822266}, {'class_name': 'sunflower', 'probability': 0.03953196108341217}]"
tulip/21046610012_8942d32007_n.jpg,4,tulip,4,tulip,"[{'class_name': 'tulip', 'probability': 0.9274857640266418}, {'class_name': 'rose', 'probability': 0.027537068352103233}, {'class_name': 'sunflower', 'probability': 0.018731461837887764}]"
tulip/2271507463_15c48d41c4_n.jpg,4,tulip,3,sunflower,"[{'class_name': 'sunflower', 'probability': 0.42555931210517883}, {'class_name': 'tulip', 'probability': 0.4071989059448242}, {'class_name': 'daisy', 'probability': 0.06598175317049026}]"
tulip/2361075034_cf730b8682.jpg,4,tulip,4,tulip,"[{'class_name': 'tulip', 'probability': 0.9910193085670471}, {'class_name': 'rose', 'probability': 0.004176676273345947}, {'class_name': 'sunflower', 'probability': 0.0023711659014225006}]"
tulip/2374855021_21959b40c0_n.jpg,4,tulip,4,tulip,"[{'class_name': 'tulip', 'probability': 0.9468296766281128}, {'class_name': 'rose', 'probability': 0.025200238451361656}, {'class_name': 'dandelion', 'probability': 0.016321515664458275}]"
tulip/2399982682_16929d1f6d_n.jpg,4,tulip,4,tulip,"[{'class_name': 'tulip', 'probability': 0.914806604385376}, {'class_name': 'sunflower', 'probability': 0.03656208887696266}, {'class_name': 'rose', 'probability': 0.026125112548470497}]"
tulip/2402342888_dd65677013.jpg,4,tulip,4,tulip,"[{'class_name': 'tulip', 'probability': 0.9418805837631226}, {'class_name': 'rose', 'probability': 0.03627629205584526}, {'class_name': 'dandelion', 'probability': 0.00971655361354351}]"
tulip/2431737309_1468526f8b.jpg,4,tulip,4,tulip,"[{'class_name': 'tulip', 'probability': 0.9830092787742615}, {'class_name': 'daisy', 'probability': 0.006196457426995039}, {'class_name': 'sunflower', 'probability': 0.004949104506522417}]"
tulip/303858799_942b9c09e7_m.jpg,4,tulip,4,tulip,"[{'class_name': 'tulip', 'probability': 0.8417733311653137}, {'class_name': 'rose', 'probability': 0.07229558378458023}, {'class_name': 'daisy', 'probability': 0.03834265470504761}]"
tulip/3404038663_f62cf8eba3_n.jpg,4,tulip,4,tulip,"[{'class_name': 'tulip', 'probability': 0.7579153180122375}, {'class_name': 'rose', 'probability': 0.19146813452243805}, {'class_name': 'sunflower', 'probability': 0.04178463667631149}]"
tulip/3449794006_8c289840aa.jpg,4,tulip,4,tulip,"[{'class_name': 'tulip', 'probability': 0.9881894588470459}, {'class_name': 'sunflower', 'probability': 0.005019114352762699}, {'class_name': 'daisy', 'probability': 0.003051161300390959}]"
tulip/3454461550_64d6e726bf_m.jpg,4,tulip,4,tulip,"[{'class_name': 'tulip', 'probability': 0.9102937579154968}, {'class_name': 'rose', 'probability': 0.08055388927459717}, {'class_name': 'sunflower', 'probability': 0.0054159825667738914}]"
tulip/3524204544_7233737b4f_m.jpg,4,tulip,4,tulip,"[{'class_name': 'tulip', 'probability': 0.6304481029510498}, {'class_name': 'rose', 'probability': 0.3059829771518707}, {'class_name': 'sunflower', 'probability': 0.02717404253780842}]"
tulip/3540595981_73f14d1227_n.jpg,4,tulip,4,tulip,"[{'class_name': 'tulip', 'probability': 0.9524697661399841}, {'class_name': 'daisy', 'probability': 0.020137114450335503}, {'class_name': 'rose', 'probability': 0.014498007483780384}]"
tulip/3600510954_a51bfc5440_n.jpg,4,tulip,4,tulip,"[{'class_name': 'tulip', 'probability': 0.9548594355583191}, {'class_name': 'dandelion', 'probability': 0.039425816386938095}, {'class_name': 'daisy', 'probability': 0.0028112009167671204}]"
tulip/38287568_627de6ca20.jpg,4,tulip,4,tulip,"[{'class_name': 'tulip', 'probability': 0.9932975172996521}, {'class_name': 'dandelion', 'probability': 0.004260913468897343}, {'class_name': 'sunflower', 'probability': 0.001447620103135705}]"
tulip/4312181724_16dab26afb_n.jpg,4,tulip,4,tulip,"[{'class_name': 'tulip', 'probability': 0.9911525845527649}, {'class_name': 'dandelion', 'probability': 0.0037027373909950256}, {'class_name': 'sunflower', 'probability': 0.0028554529417306185}]"
tulip/4516198427_0e5099cd8e.jpg,4,tulip,4,tulip,"[{'class_name': 'tulip', 'probability': 0.8217511177062988}, {'class_name': 'sunflower', 'probability': 0.06745726615190506}, {'class_name': 'rose', 'probability': 0.045599643141031265}]"
tulip/4521037085_70d5802e1d_m.jpg,4,tulip,4,tulip,"[{'class_name': 'tulip', 'probability': 0.8860357403755188}, {'class_name': 'rose', 'probability': 0.05048167333006859}, {'class_name': 'sunflower', 'probability': 0.04227812588214874}]"
tulip/4522130258_9ee44cf73f_m.jpg,4,tulip,4,tulip,"[{'class_name': 'tulip', 'probability': 0.9293627142906189}, {'class_name': 'rose', 'probability': 0.04536351561546326}, {'class_name': 'sunflower', 'probability': 0.008641967549920082}]"
tulip/4573822295_5c5c6a5f6a.jpg,4,tulip,4,tulip,"[{'class_name': 'tulip', 'probability': 0.992926299571991}, {'class_name': 'dandelion', 'probability': 0.0029769809916615486}, {'class_name': 'rose', 'probability': 0.0019247514428570867}]"
tulip/4575963749_2418ff8768.jpg,4,tulip,4,tulip,"[{'class_name': 'tulip', 'probability': 0.9775632619857788}, {'class_name': 'dandelion', 'probability': 0.01231207326054573}, {'class_name': 'sunflower', 'probability': 0.005666092503815889}]"
tulip/4580206494_9386c81ed8_n.jpg,4,tulip,1,dandelion,"[{'class_name': 'dandelion', 'probability': 0.705380916595459}, {'class_name': 'sunflower', 'probability': 0.2082768976688385}, {'class_name': 'tulip', 'probability': 0.05300554260611534}]"
tulip/4589624702_b6baa83699_m.jpg,4,tulip,0,daisy,"[{'class_name': 'daisy', 'probability': 0.7976023554801941}, {'class_name': 'tulip', 'probability': 0.1009957566857338}, {'class_name': 'dandelion', 'probability': 0.06120045483112335}]"
tulip/4604272150_0c92385530_n.jpg,4,tulip,4,tulip,"[{'class_name': 'tulip', 'probability': 0.780382513999939}, {'class_name': 'rose', 'probability': 0.1806357502937317}, {'class_name': 'sunflower', 'probability': 0.025503579527139664}]"
tulip/490541142_c37e2b4191_n.jpg,4,tulip,4,tulip,"[{'class_name': 'tulip', 'probability': 0.9764508008956909}, {'class_name': 'dandelion', 'probability': 0.009880579076707363}, {'class_name': 'sunflower', 'probability': 0.007630410138517618}]"
tulip/5430796647_f21b7b0fea.jpg,4,tulip,4,tulip,"[{'class_name': 'tulip', 'probability': 0.8721022605895996}, {'class_name': 'dandelion', 'probability': 0.052280545234680176}, {'class_name': 'daisy', 'probability': 0.03254860267043114}]"
tulip/5524946579_307dc74476.jpg,4,tulip,4,tulip,"[{'class_name': 'tulip', 'probability': 0.5879777669906616}, {'class_name': 'rose', 'probability': 0.13220371305942535}, {'class_name': 'sunflower', 'probability': 0.12648504972457886}]"
tulip/5543457754_89c44c88de_n.jpg,4,tulip,4,tulip,"[{'class_name': 'tulip', 'probability': 0.9930201172828674}, {'class_name': 'dandelion', 'probability': 0.0027944224420934916}, {'class_name': 'daisy', 'probability': 0.002629912691190839}]"
tulip/5565089564_a30c318f44.jpg,4,tulip,4,tulip,"[{'class_name': 'tulip', 'probability': 0.8213310241699219}, {'class_name': 'dandelion', 'probability': 0.1221938282251358}, {'class_name': 'daisy', 'probability': 0.040668975561857224}]"
tulip/5634767665_0ae724774d.jpg,4,tulip,4,tulip,"[{'class_name': 'tulip', 'probability': 0.9745751619338989}, {'class_name': 'dandelion', 'probability': 0.021066581830382347}, {'class_name': 'sunflower', 'probability': 0.003639325499534607}]"
tulip/5660551500_b57307ef4d_n.jpg,4,tulip,4,tulip,"[{'class_name': 'tulip', 'probability': 0.45525649189949036}, {'class_name': 'daisy', 'probability': 0.2022613137960434}, {'class_name': 'sunflower', 'probability': 0.19996052980422974}]"
tulip/5665080897_0796f726c9_m.jpg,4,tulip,0,daisy,"[{'class_name': 'daisy', 'probability': 0.7793216109275818}, {'class_name': 'tulip', 'probability': 0.1255284547805786}, {'class_name': 'rose', 'probability': 0.05632854253053665}]"
tulip/5687705933_55a8c2dbac.jpg,4,tulip,1,dandelion,"[{'class_name': 'dandelion', 'probability': 0.6513088941574097}, {'class_name': 'tulip', 'probability': 0.20439137518405914}, {'class_name': 'daisy', 'probability': 0.08755232393741608}]"
tulip/5691100579_4a2767360a.jpg,4,tulip,4,tulip,"[{'class_name': 'tulip', 'probability': 0.9919143915176392}, {'class_name': 'dandelion', 'probability': 0.00335525069385767}, {'class_name': 'sunflower', 'probability': 0.0020584827288985252}]"
tulip/5717949231_23e2d4c297_n.jpg,4,tulip,4,tulip,"[{'class_name': 'tulip', 'probability': 0.4489072263240814}, {'class_name': 'dandelion', 'probability': 0.19898241758346558}, {'class_name': 'sunflower', 'probability': 0.19073662161827087}]"
tulip/5717950215_5d0bf2e8b3_n.jpg,4,tulip,4,tulip,"[{'class_name': 'tulip', 'probability': 0.9750927686691284}, {'class_name': 'daisy', 'probability': 0.012013878673315048}, {'class_name': 'dandelion', 'probability': 0.00710303196683526}]"
tulip/5717950861_69c8846479_n.jpg,4,tulip,4,tulip,"[{'class_name': 'tulip', 'probability': 0.9872073531150818}, {'class_name': 'dandelion', 'probability': 0.007043994497507811}, {'class_name': 'daisy', 'probability': 0.003853559959679842}]"
tulip/5718781677_d5e9267115_n.jpg,4,tulip,4,tulip,"[{'class_name': 'tulip', 'probability': 0.9793559908866882}, {'class_name': 'sunflower', 'probability': 0.007118574343621731}, {'class_name': 'dandelion', 'probability': 0.0059786830097436905}]"
tulip/5738195260_b3fc107aa7_n.jpg,4,tulip,0,daisy,"[{'class_name': 'daisy', 'probability': 0.4702395498752594}, {'class_name': 'tulip', 'probability': 0.4113095998764038}, {'class_name': 'rose', 'probability': 0.09664919972419739}]"
tulip/5755467567_903c31e3d0.jpg,4,tulip,4,tulip,"[{'class_name': 'tulip', 'probability': 0.9804368615150452}, {'class_name': 'dandelion', 'probability': 0.01092903409153223}, {'class_name': 'sunflower', 'probability': 0.003988263197243214}]"
tulip/5811022098_2523ca4e82.jpg,4,tulip,4,tulip,"[{'class_name': 'tulip', 'probability': 0.7055467963218689}, {'class_name': 'dandelion', 'probability': 0.13445352017879486}, {'class_name': 'sunflower', 'probability': 0.07954329997301102}]"
tulip/6187740107_9813ccc41e.jpg,4,tulip,4,tulip,"[{'class_name': 'tulip', 'probability': 0.7474360466003418}, {'class_name': 'dandelion', 'probability': 0.22125041484832764}, {'class_name': 'sunflower', 'probability': 0.012800421565771103}]"
tulip/6267021825_a8316e0dcc_m.jpg,4,tulip,2,rose,"[{'class_name': 'rose', 'probability': 0.41113781929016113}, {'class_name': 'tulip', 'probability': 0.22256185114383698}, {'class_name': 'dandelion', 'probability': 0.19806891679763794}]"
tulip/6539831765_c21b68910e_n.jpg,4,tulip,4,tulip,"[{'class_name': 'tulip', 'probability': 0.8851568102836609}, {'class_name': 'rose', 'probability': 0.0687677413225174}, {'class_name': 'daisy', 'probability': 0.022883525118231773}]"
tulip/6931489544_2f35025f7b_m.jpg,4,tulip,2,rose,"[{'class_name': 'rose', 'probability': 0.3735852837562561}, {'class_name': 'tulip', 'probability': 0.3373287320137024}, {'class_name': 'daisy', 'probability': 0.1387643963098526}]"
tulip/6994351792_343e18cbf6_n.jpg,4,tulip,4,tulip,"[{'class_name': 'tulip', 'probability': 0.9886899590492249}, {'class_name': 'dandelion', 'probability': 0.004803960677236319}, {'class_name': 'daisy', 'probability': 0.004621157888323069}]"
tulip/7094415739_6b29e5215c_m.jpg,4,tulip,1,dandelion,"[{'class_name': 'dandelion', 'probability': 0.8302479982376099}, {'class_name': 'tulip', 'probability': 0.05752810835838318}, {'class_name': 'rose', 'probability': 0.0525430366396904}]"
tulip/7166544280_9d975c4d9a_n.jpg,4,tulip,4,tulip,"[{'class_name': 'tulip', 'probability': 0.49114152789115906}, {'class_name': 'rose', 'probability': 0.2547464072704315}, {'class_name': 'dandelion', 'probability': 0.1740240752696991}]"
tulip/7166554924_432aaae4b2_n.jpg,4,tulip,2,rose,"[{'class_name': 'rose', 'probability': 0.91599440574646}, {'class_name': 'tulip', 'probability': 0.07455721497535706}, {'class_name': 'dandelion', 'probability': 0.005276354029774666}]"
tulip/7166560822_27b1d1d132_n.jpg,4,tulip,4,tulip,"[{'class_name': 'tulip', 'probability': 0.981903612613678}, {'class_name': 'rose', 'probability': 0.0076991962268948555}, {'class_name': 'daisy', 'probability': 0.005797042045742273}]"
tulip/7166581866_861cd081b8_n.jpg,4,tulip,4,tulip,"[{'class_name': 'tulip', 'probability': 0.6538709402084351}, {'class_name': 'sunflower', 'probability': 0.11281964182853699}, {'class_name': 'dandelion', 'probability': 0.0997307077050209}]"
tulip/7166589802_8238cec83b_n.jpg,4,tulip,4,tulip,"[{'class_name': 'tulip', 'probability': 0.9183850288391113}, {'class_name': 'rose', 'probability': 0.03334566205739975}, {'class_name': 'daisy', 'probability': 0.03040933422744274}]"
tulip/7166606598_5d2cd307c3.jpg,4,tulip,4,tulip,"[{'class_name': 'tulip', 'probability': 0.9719722867012024}, {'class_name': 'daisy', 'probability': 0.01396253053098917}, {'class_name': 'sunflower', 'probability': 0.006776619236916304}]"
tulip/7166614014_5f0f8d715b_n.jpg,4,tulip,4,tulip,"[{'class_name': 'tulip', 'probability': 0.6813748478889465}, {'class_name': 'rose', 'probability': 0.23185142874717712}, {'class_name': 'daisy', 'probability': 0.04331492632627487}]"
tulip/7481217920_6f65766a1c_n.jpg,4,tulip,4,tulip,"[{'class_name': 'tulip', 'probability': 0.9861389994621277}, {'class_name': 'dandelion', 'probability': 0.007849062792956829}, {'class_name': 'sunflower', 'probability': 0.003829768393188715}]"
tulip/7775145448_c42e638a6a_n.jpg,4,tulip,4,tulip,"[{'class_name': 'tulip', 'probability': 0.420387327671051}, {'class_name': 'dandelion', 'probability': 0.2866424024105072}, {'class_name': 'daisy', 'probability': 0.10698933899402618}]"
tulip/8520482921_21dd204ebd_n.jpg,4,tulip,4,tulip,"[{'class_name': 'tulip', 'probability': 0.9831353425979614}, {'class_name': 'sunflower', 'probability': 0.00594899570569396}, {'class_name': 'rose', 'probability': 0.004132151138037443}]"
tulip/8521597402_4b6169ba05.jpg,4,tulip,4,tulip,"[{'class_name': 'tulip', 'probability': 0.8206837177276611}, {'class_name': 'dandelion', 'probability': 0.14721758663654327}, {'class_name': 'daisy', 'probability': 0.018067670986056328}]"
tulip/8562853756_73778dac25_n.jpg,4,tulip,4,tulip,"[{'class_name': 'tulip', 'probability': 0.9783076047897339}, {'class_name': 'dandelion', 'probability': 0.007450801786035299}, {'class_name': 'rose', 'probability': 0.0053137000650167465}]"
tulip/8586205946_cda045f3f8_n.jpg,4,tulip,4,tulip,"[{'class_name': 'tulip', 'probability': 0.9949350953102112}, {'class_name': 'dandelion', 'probability': 0.0026515740901231766}, {'class_name': 'sunflower', 'probability': 0.0016315625980496407}]"
tulip/8619064872_dea79a9eb9.jpg,4,tulip,4,tulip,"[{'class_name': 'tulip', 'probability': 0.9806187748908997}, {'class_name': 'sunflower', 'probability': 0.00964535865932703}, {'class_name': 'dandelion', 'probability': 0.004757771268486977}]"
tulip/8623173256_3f0eb4c506.jpg,4,tulip,4,tulip,"[{'class_name': 'tulip', 'probability': 0.7767852544784546}, {'class_name': 'rose', 'probability': 0.1429349035024643}, {'class_name': 'dandelion', 'probability': 0.05632242560386658}]"
tulip/8628453641_6f87755815_m.jpg,4,tulip,4,tulip,"[{'class_name': 'tulip', 'probability': 0.8314436674118042}, {'class_name': 'rose', 'probability': 0.06784731894731522}, {'class_name': 'sunflower', 'probability': 0.05933729559183121}]"
tulip/8669794378_97dda6036f_n.jpg,4,tulip,4,tulip,"[{'class_name': 'tulip', 'probability': 0.4464733898639679}, {'class_name': 'dandelion', 'probability': 0.18863317370414734}, {'class_name': 'sunflower', 'probability': 0.1828209012746811}]"
tulip/8673416556_639f5c88f1_n.jpg,4,tulip,4,tulip,"[{'class_name': 'tulip', 'probability': 0.9760673642158508}, {'class_name': 'dandelion', 'probability': 0.010743972845375538}, {'class_name': 'daisy', 'probability': 0.00782441534101963}]"
tulip/8712267391_c756f18ee7_n.jpg,4,tulip,4,tulip,"[{'class_name': 'tulip', 'probability': 0.9753980040550232}, {'class_name': 'dandelion', 'probability': 0.010818171314895153}, {'class_name': 'daisy', 'probability': 0.008633997291326523}]"
tulip/8748266132_5298a91dcf_n.jpg,4,tulip,4,tulip,"[{'class_name': 'tulip', 'probability': 0.9617563486099243}, {'class_name': 'dandelion', 'probability': 0.025003572925925255}, {'class_name': 'sunflower', 'probability': 0.00682580703869462}]"
tulip/8759601388_36e2a50d98_n.jpg,4,tulip,4,tulip,"[{'class_name': 'tulip', 'probability': 0.8675515055656433}, {'class_name': 'rose', 'probability': 0.059564799070358276}, {'class_name': 'daisy', 'probability': 0.03969614952802658}]"
tulip/8759606166_8e475013fa_n.jpg,4,tulip,4,tulip,"[{'class_name': 'tulip', 'probability': 0.9695701003074646}, {'class_name': 'sunflower', 'probability': 0.011314739473164082}, {'class_name': 'rose', 'probability': 0.009661944583058357}]"
tulip/8892851067_79242a7362_n.jpg,4,tulip,4,tulip,"[{'class_name': 'tulip', 'probability': 0.9546671509742737}, {'class_name': 'dandelion', 'probability': 0.03293222561478615}, {'class_name': 'sunflower', 'probability': 0.006849251221865416}]"
tulip/9446982168_06c4d71da3_n.jpg,4,tulip,4,tulip,"[{'class_name': 'tulip', 'probability': 0.9557443261146545}, {'class_name': 'rose', 'probability': 0.020032500848174095}, {'class_name': 'daisy', 'probability': 0.01373723242431879}]"
