relative_path,label,label_name,prediction,prediction_name,top_predictions
daisy/102841525_bd6628ae3c.jpg,0,daisy,0,daisy,"[{'class_name': 'daisy', 'probability': 0.9407135248184204}, {'class_name': 'tulip', 'probability': 0.022680850699543953}, {'class_name': 'sunflower', 'probability': 0.018539510667324066}]"
daisy/10300722094_28fa978807_n.jpg,0,daisy,1,dandelion,"[{'class_name': 'dandelion', 'probability': 0.4892083406448364}, {'class_name': 'tulip', 'probability': 0.3820669651031494}, {'class_name': 'daisy', 'probability': 0.09261486679315567}]"
daisy/10437929963_bc13eebe0c.jpg,0,daisy,0,daisy,"[{'class_name': 'daisy', 'probability': 0.9429237246513367}, {'class_name': 'dandelion', 'probability': 0.022517850622534752}, {'class_name': 'sunflower', 'probability': 0.01614273339509964}]"
daisy/10466290366_cc72e33532.jpg,0,daisy,0,daisy,"[{'class_name': 'daisy', 'probability': 0.9891228079795837}, {'class_name': 'dandelion', 'probability': 0.008296466432511806}, {'class_name': 'tulip', 'probability': 0.000956426840275526}]"
daisy/10770585085_4742b9dac3_n.jpg,0,daisy,0,daisy,"[{'class_name': 'daisy', 'probability': 0.9675830006599426}, {'class_name': 'tulip', 'probability': 0.010416101664304733}, {'class_name': 'sunflower', 'probability': 0.010273830033838749}]"
daisy/11642632_1e7627a2cc.jpg,0,daisy,0,daisy,"[{'class_name': 'daisy', 'probability': 0.8575952053070068}, {'class_name': 'tulip', 'probability': 0.07971575856208801}, {'class_name': 'dandelion', 'probability': 0.02459390088915825}]"
daisy/12585131704_0f64b17059_m.jpg,0,daisy,0,daisy,"[{'class_name': 'daisy', 'probability': 0.9698865413665771}, {'class_name': 'rose', 'probability': 0.024610506370663643}, {'class_name': 'sunflower', 'probability': 0.003049959894269705}]"
daisy/14147016029_8d3cf2414e.jpg,0,daisy,0,daisy,"[{'class_name': 'daisy', 'probability': 0.9812557101249695}, {'class_name': 'rose', 'probability': 0.005963778123259544}, {'class_name': 'dandelion', 'probability': 0.005571558605879545}]"
daisy/14221848160_7f0a37c395.jpg,0,daisy,4,tulip,"[{'class_name': 'tulip', 'probability': 0.6187243461608887}, {'class_name': 'daisy', 'probability': 0.17489205300807953}, {'class_name': 'rose', 'probability': 0.11396832764148712}]"
daisy/14264136211_9531fbc144.jpg,0,daisy,0,daisy,"[{'class_name': 'daisy', 'probability': 0.9497109651565552}, {'class_name': 'sunflower', 'probability': 0.021906927227973938}, {'class_name': 'tulip', 'probability': 0.020360857248306274}]"
daisy/14372713423_61e2daae88.jpg,0,daisy,0,daisy,"[{'class_name': 'daisy', 'probability': 0.9059628248214722}, {'class_name': 'tulip', 'probability': 0.043252941220998764}, {'class_name': 'sunflower', 'probability': 0.022279042750597}]"
daisy/14569895116_32f0dcb0f9.jpg,0,daisy,0,daisy,"[{'class_name': 'daisy', 'probability': 0.8115237951278687}, {'class_name': 'tulip', 'probability': 0.10988567769527435}, {'class_name': 'dandelion', 'probability': 0.04878009855747223}]"
daisy/14907815010_bff495449f.jpg,0,daisy,0,daisy,"[{'class_name': 'daisy', 'probability': 0.976291835308075}, {'class_name': 'rose', 'probability': 0.014181436039507389}, {'class_name': 'sunflower', 'probability': 0.006103703286498785}]"
daisy/15784493690_b1858cdb2b_n.jpg,0,daisy,0,daisy,"[{'class_name': 'daisy', 'probability': 0.9652396440505981}, {'class_name': 'tulip', 'probability': 0.020741047337651253}, {'class_name': 'sunflower', 'probability': 0.005151644814759493}]"
daisy/16121105382_b96251e506_m.jpg,0,daisy,0,daisy,"[{'class_name': 'daisy', 'probability': 0.981507420539856}, {'class_name': 'tulip', 'probability': 0.011014754883944988}, {'class_name': 'rose', 'probability': 0.002796815475448966}]"
daisy/16819071290_471d99e166_m.jpg,0,daisy,0,daisy,"[{'class_name': 'daisy', 'probability': 0.9690684080123901}, {'class_name': 'rose', 'probability': 0.0121081518009305}, {'class_name': 'dandelion', 'probability': 0.008082357235252857}]"
daisy/17821980772_35164ae1e8_n.jpg,0,daisy,1,dandelion,"[{'class_name': 'dandelion', 'probability': 0.5618959069252014}, {'class_name': 'sunflower', 'probability': 0.24644911289215088}, {'class_name': 'daisy', 'probability': 0.14725139737129211}]"
daisy/18354545086_693ea7bc2a.jpg,0,daisy,0,daisy,"[{'class_name': 'daisy', 'probability': 0.6078006625175476}, {'class_name': 'dandelion', 'probability': 0.3160826563835144}, {'class_name': 'tulip', 'probability': 0.04266348481178284}]"
daisy/18635898912_eb8e058ef0.jpg,0,daisy,0,daisy,"[{'class_name': 'daisy', 'probability': 0.5300480723381042}, {'class_name': 'tulip', 'probability': 0.4531027674674988}, {'class_name': 'rose', 'probability': 0.007301385514438152}]"
daisy/18684594849_7dd3634f5e_n.jpg,0,daisy,0,daisy,"[{'class_name': 'daisy', 'probability': 0.9897021055221558}, {'class_name': 'sunflower', 'probability': 0.004136738833039999}, {'class_name': 'rose', 'probability': 0.003462911117821932}]"
daisy/19813618946_93818db7aa_m.jpg,0,daisy,0,daisy,"[{'class_name': 'daisy', 'probability': 0.9323122501373291}, {'class_name': 'rose', 'probability': 0.021456215530633926}, {'class_name': 'sunflower', 'probability': 0.017870502546429634}]"
daisy/19834392829_7d697871f6.jpg,0,daisy,0,daisy,"[{'class_name': 'daisy', 'probability': 0.9747788906097412}, {'class_name': 'dandelion', 'probability': 0.008685830049216747}, {'class_name': 'tulip', 'probability': 0.007648431695997715}]"
daisy/19865728236_a62f8f445b_n.jpg,0,daisy,0,daisy,"[{'class_name': 'daisy', 'probability': 0.8053690195083618}, {'class_name': 'dandelion', 'probability': 0.13626399636268616}, {'class_name': 'sunflower', 'probability': 0.042695559561252594}]"
daisy/20329326505_a777c71cc2.jpg,0,daisy,0,daisy,"[{'class_name': 'daisy', 'probability': 0.9645993113517761}, {'class_name': 'sunflower', 'probability': 0.025550562888383865}, {'class_name': 'tulip', 'probability': 0.004287671763449907}]"
daisy/2045022175_ad087f5f60_n.jpg,0,daisy,0,daisy,"[{'class_name': 'daisy', 'probability': 0.5582913160324097}, {'class_name': 'rose', 'probability': 0.26989462971687317}, {'class_name': 'dandelion', 'probability': 0.1370537430047989}]"
daisy/20773528301_008fcbc5a1_n.jpg,0,daisy,0,daisy,"[{'class_name': 'daisy', 'probability': 0.9632473587989807}, {'class_name': 'sunflower', 'probability': 0.013225806877017021}, {'class_name': 'tulip', 'probability': 0.01091272197663784}]"
daisy/2077865117_9ed85191ae_n.jpg,0,daisy,0,daisy,"[{'class_name': 'daisy', 'probability': 0.9751551151275635}, {'class_name': 'sunflower', 'probability': 0.009762213565409184}, {'class_name': 'tulip', 'probability': 0.007081725634634495}]"
daisy/21626652132_97e1318bb8_m.jpg,0,daisy,0,daisy,"[{'class_name': 'daisy', 'probability': 0.9593424201011658}, {'class_name': 'tulip', 'probability': 0.015669243410229683}, {'class_name': 'dandelion', 'probability': 0.011502336710691452}]"
daisy/21805938544_bf6bb0e4bc.jpg,0,daisy,0,daisy,"[{'class_name': 'daisy', 'probability': 0.7592348456382751}, {'class_name': 'tulip', 'probability': 0.125414177775383}, {'class_name': 'rose', 'probability': 0.06483373790979385}]"
daisy/2349640101_212c275aa7.jpg,0,daisy,4,tulip,"[{'class_name': 'tulip', 'probability': 0.7158017158508301}, {'class_name': 'daisy', 'probability': 0.20198844373226166}, {'class_name': 'dandelion', 'probability': 0.058632317930459976}]"
daisy/2365428551_39f83f10bf_n.jpg,0,daisy,0,daisy,"[{'class_name': 'daisy', 'probability': 0.9587573409080505}, {'class_name': 'dandelion', 'probability': 0.014125886373221874}, {'class_name': 'tulip', 'probability': 0.013060237281024456}]"
daisy/2481823240_eab0d86921.jpg,0,daisy,1,dandelion,"[{'class_name': 'dandelion', 'probability': 0.4306868314743042}, {'class_name': 'daisy', 'probability': 0.3250238597393036}, {'class_name': 'sunflower', 'probability': 0.18078172206878662}]"
daisy/2511306240_9047015f2d_n.jpg,0,daisy,2,rose,"[{'class_name': 'rose', 'probability': 0.41796639561653137}, {'class_name': 'dandelion', 'probability': 0.2585611939430237}, {'class_name': 'daisy', 'probability': 0.20975658297538757}]"
daisy/2536529152_33ef3ee078_n.jpg,0,daisy,0,daisy,"[{'class_name': 'daisy', 'probability': 0.9045054912567139}, {'class_name': 'dandelion', 'probability': 0.03457927331328392}, {'class_name': 'sunflower', 'probability': 0.026514047756791115}]"
daisy/2561371688_c80a4fe957_n.jpg,0,daisy,1,dandelion,"[{'class_name': 'dandelion', 'probability': 0.7462800145149231}, {'class_name': 'daisy', 'probability': 0.15002503991127014}, {'class_name': 'tulip', 'probability': 0.05010877922177315}]"
daisy/2621723097_736febb4a4_n.jpg,0,daisy,0,daisy,"[{'class_name': 'daisy', 'probability': 0.9796149134635925}, {'class_name': 'rose', 'probability': 0.009827331639826298}, {'class_name': 'sunflower', 'probability': 0.005942202638834715}]"
daisy/2635314490_e12d3b0f36_m.jpg,0,daisy,0,daisy,"[{'class_name': 'daisy', 'probability': 0.8198076486587524}, {'class_name': 'sunflower', 'probability': 0.0787234678864479}, {'class_name': 'tulip', 'probability': 0.06991005688905716}]"
daisy/2666572212_2caca8de9f_n.jpg,0,daisy,0,daisy,"[{'class_name': 'daisy', 'probability': 0.8535489439964294}, {'class_name': 'dandelion', 'probability': 0.13025088608264923}, {'class_name': 'tulip', 'probability': 0.006046968046575785}]"
daisy/2901376034_cdb4bac26b_m.jpg,0,daisy,0,daisy,"[{'class_name': 'daisy', 'probability': 0.9165427684783936}, {'class_name': 'tulip', 'probability': 0.052944619208574295}, {'class_name': 'rose', 'probability': 0.01593417301774025}]"
daisy/294451721_5106537b34.jpg,0,daisy,0,daisy,"[{'class_name': 'daisy', 'probability': 0.7608574032783508}, {'class_name': 'sunflower', 'probability': 0.08891095966100693}, {'class_name': 'dandelion', 'probability': 0.08197669684886932}]"
daisy/3275951182_d27921af97_n.jpg,0,daisy,0,daisy,"[{'class_name': 'daisy', 'probability': 0.8948507905006409}, {'class_name': 'sunflower', 'probability': 0.062068648636341095}, {'class_name': 'rose', 'probability': 0.020276637747883797}]"
daisy/3356112863_75da8bca2c_m.jpg,0,daisy,0,daisy,"[{'class_name': 'daisy', 'probability': 0.983808696269989}, {'class_name': 'dandelion', 'probability': 0.0084189148619771}, {'class_name': 'sunflower', 'probability': 0.003585095051676035}]"
daisy/33855966243_01b2486428_n.jpg,0,daisy,0,daisy,"[{'class_name': 'daisy', 'probability': 0.9513975381851196}, {'class_name': 'dandelion', 'probability': 0.0214981809258461}, {'class_name': 'rose', 'probability': 0.01062122080475092}]"
daisy/33901756843_94e198d40e_n.jpg,0,daisy,0,daisy,"[{'class_name': 'daisy', 'probability': 0.46352681517601013}, {'class_name': 'sunflower', 'probability': 0.4042140245437622}, {'class_name': 'dandelion', 'probability': 0.10497456043958664}]"
daisy/34295444880_b4376b3a8b_n.jpg,0,daisy,0,daisy,"[{'class_name': 'daisy', 'probability': 0.5279479622840881}, {'class_name': 'tulip', 'probability': 0.3314032256603241}, {'class_name': 'dandelion', 'probability': 0.11103305220603943}]"
daisy/34508227161_a9ff840f71_n.jpg,0,daisy,4,tulip,"[{'class_name': 'tulip', 'probability': 0.5857187509536743}, {'class_name': 'dandelion', 'probability': 0.28350239992141724}, {'class_name': 'daisy', 'probability': 0.073333740234375}]"
daisy/34520699571_f880744f46_n.jpg,0,daisy,0,daisy,"[{'class_name': 'daisy', 'probability': 0.9321272373199463}, {'class_name': 'dandelion', 'probability': 0.04052378982305527}, {'class_name': 'sunflower', 'probability': 0.012990524992346764}]"
daisy/34524085651_1f0b7e9497_n.jpg,0,daisy,0,daisy,"[{'class_name': 'daisy', 'probability': 0.9268735647201538}, {'class_name': 'tulip', 'probability': 0.02825270965695381}, {'class_name': 'rose', 'probability': 0.022110506892204285}]"
daisy/34637394046_f85541735d_n.jpg,0,daisy,0,daisy,"[{'class_name': 'daisy', 'probability': 0.9419733285903931}, {'class_name': 'dandelion', 'probability': 0.04261869192123413}, {'class_name': 'tulip', 'probability': 0.0070725418627262115}]"
daisy/34638378196_216d5bbc2e_n.jpg,0,daisy,1,dandelion,"[{'class_name': 'dandelion', 'probability': 0.9045464396476746}, {'class_name': 'daisy', 'probability': 0.05226244777441025}, {'class_name': 'sunflower', 'probability': 0.03241625800728798}]"
daisy/34664107325_701d5c6f08_n.jpg,0,daisy,0,daisy,"[{'class_name': 'daisy', 'probability': 0.9496506452560425}, {'class_name': 'sunflower', 'probability': 0.022008422762155533}, {'class_name': 'dandelion', 'probability': 0.016765901818871498}]"
daisy/34696730126_056ffea63c_n.jpg,0,daisy,0,daisy,"[{'class_name': 'daisy', 'probability': 0.6779871582984924}, {'class_name': 'sunflower', 'probability': 0.1737602800130844}, {'class_name': 'tulip', 'probability': 0.1365830898284912}]"
daisy/34729724865_787c98299d_n.jpg,0,daisy,0,daisy,"[{'class_name': 'daisy', 'probability': 0.9339948296546936}, {'class_name': 'dandelion', 'probability': 0.031000293791294098}, {'class_name': 'tulip', 'probability': 0.02896934747695923}]"
daisy/3474942718_c418dae6f1.jpg,0,daisy,4,tulip,"[{'class_name': 'tulip', 'probability': 0.6783955097198486}, {'class_name': 'daisy', 'probability': 0.2901473343372345}, {'class_name': 'rose', 'probability': 0.02209550142288208}]"
daisy/3506866918_61dd5fc53b_n.jpg,0,daisy,0,daisy,"[{'class_name': 'daisy', 'probability': 0.9868783354759216}, {'class_name': 'rose', 'probability': 0.005606548860669136}, {'class_name': 'tulip', 'probability': 0.004192205145955086}]"
daisy/3611577717_f3a7a8c416_n.jpg,0,daisy,0,daisy,"[{'class_name': 'daisy', 'probability': 0.9137043356895447}, {'class_name': 'rose', 'probability': 0.047767430543899536}, {'class_name': 'tulip', 'probability': 0.015051047317683697}]"
daisy/3640845041_80a92c4205_n.jpg,0,daisy,0,daisy,"[{'class_name': 'daisy', 'probability': 0.9728883504867554}, {'class_name': 'sunflower', 'probability': 0.01693924330174923}, {'class_name': 'dandelion', 'probability': 0.005422920919954777}]"
daisy/367020749_3c9a652d75.jpg,0,daisy,0,daisy,"[{'class_name': 'daisy', 'probability': 0.961846649646759}, {'class_name': 'sunflower', 'probability': 0.01853291317820549}, {'class_name': 'dandelion', 'probability': 0.010417900048196316}]"
daisy/3704305945_a80e60e2f6_m.jpg,0,daisy,0,daisy,"[{'class_name': 'daisy', 'probability': 0.9561518430709839}, {'class_name': 'rose', 'probability': 0.015259087085723877}, {'class_name': 'sunflower', 'probability': 0.011831595562398434}]"
daisy/3750250718_eb61146c5f.jpg,0,daisy,0,daisy,"[{'class_name': 'daisy', 'probability': 0.9851928949356079}, {'class_name': 'rose', 'probability': 0.00816701352596283}, {'class_name': 'tulip', 'probability': 0.0027311218436807394}]"
daisy/3963330924_6c6a3fa7be_n.jpg,0,daisy,0,daisy,"[{'class_name': 'daisy', 'probability': 0.9581612944602966}, {'class_name': 'tulip', 'probability': 0.020403383299708366}, {'class_name': 'rose', 'probability': 0.009229730814695358}]"
daisy/4276898893_609d11db8b.jpg,0,daisy,0,daisy,"[{'class_name': 'daisy', 'probability': 0.8010931611061096}, {'class_name': 'sunflower', 'probability': 0.10314180701971054}, {'class_name': 'rose', 'probability': 0.043176084756851196}]"
daisy/4278442064_a5a598524b_m.jpg,0,daisy,0,daisy,"[{'class_name': 'daisy', 'probability': 0.9519617557525635}, {'class_name': 'sunflower', 'probability': 0.018695829436182976}, {'class_name': 'tulip', 'probability': 0.01815825328230858}]"
daisy/4413849849_b8d2f3bcf1_n.jpg,0,daisy,0,daisy,"[{'class_name': 'daisy', 'probability': 0.8807514309883118}, {'class_name': 'dandelion', 'probability': 0.07543725520372391}, {'class_name': 'rose', 'probability': 0.031253471970558167}]"
daisy/4434592930_6610d51fca_m.jpg,0,daisy,0,daisy,"[{'class_name': 'daisy', 'probability': 0.9234651923179626}, {'class_name': 'rose', 'probability': 0.04236774891614914}, {'class_name': 'dandelion', 'probability': 0.018151385709643364}]"
daisy/4534460263_8e9611db3c_n.jpg,0,daisy,0,daisy,"[{'class_name': 'daisy', 'probability': 0.6633939743041992}, {'class_name': 'dandelion', 'probability': 0.18491356074810028}, {'class_name': 'rose', 'probability': 0.08189576119184494}]"
daisy/4540555191_3254dc4608_n.jpg,0,daisy,0,daisy,"[{'class_name': 'daisy', 'probability': 0.8582479953765869}, {'class_name': 'dandelion', 'probability': 0.1018381267786026}, {'class_name': 'rose', 'probability': 0.021147457882761955}]"
daisy/4724713781_d169f98a35.jpg,0,daisy,0,daisy,"[{'class_name': 'daisy', 'probability': 0.9737926125526428}, {'class_name': 'sunflower', 'probability': 0.016242286190390587}, {'class_name': 'dandelion', 'probability': 0.003775965655222535}]"
daisy/4746633946_23933c0810.jpg,0,daisy,0,daisy,"[{'class_name': 'daisy', 'probability': 0.927162230014801}, {'class_name': 'dandelion', 'probability': 0.033932145684957504}, {'class_name': 'sunflower', 'probability': 0.017870794981718063}]"
daisy/4785888250_b661eac225_n.jpg,0,daisy,0,daisy,"[{'class_name': 'daisy', 'probability': 0.9465157985687256}, {'class_name': 'tulip', 'probability': 0.019223583862185478}, {'class_name': 'sunflower', 'probability': 0.014888185076415539}]"
daisy/4837182901_69a6cc782b_n.jpg,0,daisy,0,daisy,"[{'class_name': 'daisy', 'probability': 0.9811041355133057}, {'class_name': 'tulip', 'probability': 0.009582976810634136}, {'class_name': 'sunflower', 'probability': 0.004690100904554129}]"
daisy/4890424315_6a59696357_n.jpg,0,daisy,0,daisy,"[{'class_name': 'daisy', 'probability': 0.9591527581214905}, {'class_name': 'sunflower', 'probability': 0.0215785913169384}, {'class_name': 'rose', 'probability': 0.01392481941729784}]"
daisy/4923279674_e7f8e70794_n.jpg,0,daisy,0,daisy,"[{'class_name': 'daisy', 'probability': 0.8996366262435913}, {'class_name': 'tulip', 'probability': 0.06709008663892746}, {'class_name': 'rose', 'probability': 0.01842024177312851}]"
daisy/4955671608_8d3862db05_n.jpg,0,daisy,0,daisy,"[{'class_name': 'daisy', 'probability': 0.9956039190292358}, {'class_name': 'dandelion', 'probability': 0.0015982385957613587}, {'class_name': 'sunflower', 'probability': 0.001277502509765327}]"
daisy/5110105726_53eb7a93be_m.jpg,0,daisy,0,daisy,"[{'class_name': 'daisy', 'probability': 0.8299102187156677}, {'class_name': 'dandelion', 'probability': 0.12941980361938477}, {'class_name': 'sunflower', 'probability': 0.02234276384115219}]"
daisy/512477177_d9004cbcf1_n.jpg,0,daisy,0,daisy,"[{'class_name': 'daisy', 'probability': 0.5176487565040588}, {'class_name': 'tulip', 'probability': 0.25429072976112366}, {'class_name': 'dandelion', 'probability': 0.1457275152206421}]"
daisy/534547364_3f6b7279d2_n.jpg,0,daisy,0,daisy,"[{'class_name': 'daisy', 'probability': 0.940659761428833}, {'class_name': 'sunflower', 'probability': 0.029175741598010063}, {'class_name': 'tulip', 'probability': 0.014960157684981823}]"
daisy/54377391_15648e8d18.jpg,0,daisy,0,daisy,"[{'class_name': 'daisy', 'probability': 0.9482806324958801}, {'class_name': 'rose', 'probability': 0.025663267821073532}, {'class_name': 'tulip', 'probability': 0.012728800065815449}]"
daisy/5459481183_18d2d49e44_m.jpg,0,daisy,0,daisy,"[{'class_name': 'daisy', 'probability': 0.9862818121910095}, {'class_name': 'tulip', 'probability': 0.008408039808273315}, {'class_name': 'dandelion', 'probability': 0.002269580727443099}]"
daisy/5561775629_a2b709b3a4_n.jpg,0,daisy,0,daisy,"[{'class_name': 'daisy', 'probability': 0.92726731300354}, {'class_name': 'tulip', 'probability': 0.04455847665667534}, {'class_name': 'rose', 'probability': 0.015013951808214188}]"
daisy/5608389827_a42a46f760.jpg,0,daisy,0,daisy,"[{'class_name': 'daisy', 'probability': 0.8867107033729553}, {'class_name': 'tulip', 'probability': 0.039069000631570816}, {'class_name': 'sunflower', 'probability': 0.0299400482326746}]"
daisy/5665834973_76bd6c6523_m.jpg,0,daisy,0,daisy,"[{'class_name': 'daisy', 'probability': 0.43172112107276917}, {'class_name': 'dandelion', 'probability': 0.33869031071662903}, {'class_name': 'tulip', 'probability': 0.14792343974113464}]"
daisy/5665838969_fe217988b9_m.jpg,0,daisy,1,dandelion,"[{'class_name': 'dandelion', 'probability': 0.33722320199012756}, {'class_name': 'daisy', 'probability': 0.33121445775032043}, {'class_name': 'tulip', 'probability': 0.22809074819087982}]"
daisy/5773652803_574b51414f_n.jpg,0,daisy,0,daisy,"[{'class_name': 'daisy', 'probability': 0.8849090933799744}, {'class_name': 'tulip', 'probability': 0.0719844251871109}, {'class_name': 'sunflower', 'probability': 0.015427039004862309}]"
daisy/5794835_d15905c7c8_n.jpg,0,daisy,0,daisy,"[{'class_name': 'daisy', 'probability': 0.9701743721961975}, {'class_name': 'tulip', 'probability': 0.008048352785408497}, {'class_name': 'sunflower', 'probability': 0.00773367565125227}]"
daisy/5869147563_66fb88119d.jpg,0,daisy,0,daisy,"[{'class_name': 'daisy', 'probability': 0.9751704335212708}, {'class_name': 'rose', 'probability': 0.018684573471546173}, {'class_name': 'sunflower', 'probability': 0.00263905874453485}]"
daisy/5884807222_22f5326ba8_m.jpg,0,daisy,0,daisy,"[{'class_name': 'daisy', 'probability': 0.989231526851654}, {'class_name': 'sunflower', 'probability': 0.006316257640719414}, {'class_name': 'rose', 'probability': 0.0019406919600442052}]"
daisy/5885826924_38fdc6bcaa_n.jpg,0,daisy,0,daisy,"[{'class_name': 'daisy', 'probability': 0.9801053404808044}, {'class_name': 'sunflower', 'probability': 0.00825048889964819}, {'class_name': 'tulip', 'probability': 0.006282377988100052}]"
daisy/5896675418_e6ff20a739_n.jpg,0,daisy,0,daisy,"[{'class_name': 'daisy', 'probability': 0.8621734380722046}, {'class_name': 'sunflower', 'probability': 0.050596341490745544}, {'class_name': 'tulip', 'probability': 0.0434022918343544}]"
daisy/5896680664_641de2de5a_n.jpg,0,daisy,0,daisy,"[{'class_name': 'daisy', 'probability': 0.6785883903503418}, {'class_name': 'sunflower', 'probability': 0.15526938438415527}, {'class_name': 'dandelion', 'probability': 0.07402379810810089}]"
daisy/5905504340_1d60fa9611_n.jpg,0,daisy,0,daisy,"[{'class_name': 'daisy', 'probability': 0.9708331227302551}, {'class_name': 'tulip', 'probability': 0.01409268006682396}, {'class_name': 'sunflower', 'probability': 0.005682955030351877}]"
daisy/5944315415_2be8abeb2f_m.jpg,0,daisy,0,daisy,"[{'class_name': 'daisy', 'probability': 0.832520067691803}, {'class_name': 'rose', 'probability': 0.05065189674496651}, {'class_name': 'sunflower', 'probability': 0.04077714681625366}]"
daisy/5948835387_5a98d39eff_m.jpg,0,daisy,0,daisy,"[{'class_name': 'daisy', 'probability': 0.9292761087417603}, {'class_name': 'dandelion', 'probability': 0.03507189825177193}, {'class_name': 'rose', 'probability': 0.016386115923523903}]"
daisy/6323721068_3d3394af6d_n.jpg,0,daisy,0,daisy,"[{'class_name': 'daisy', 'probability': 0.9021385312080383}, {'class_name': 'dandelion', 'probability': 0.07354919612407684}, {'class_name': 'sunflower', 'probability': 0.018293775618076324}]"
daisy/6480809573_76a0074b69_n.jpg,0,daisy,0,daisy,"[{'class_name': 'daisy', 'probability': 0.8700436949729919}, {'class_name': 'tulip', 'probability': 0.03843091055750847}, {'class_name': 'sunflower', 'probability': 0.032218921929597855}]"
daisy/6529588249_d9cbe68aab_n.jpg,0,daisy,0,daisy,"[{'class_name': 'daisy', 'probability': 0.8692799210548401}, {'class_name': 'dandelion', 'probability': 0.0814555287361145}, {'class_name': 'tulip', 'probability': 0.0295456163585186}]"
daisy/6864242336_0d12713fe5_n.jpg,0,daisy,0,daisy,"[{'class_name': 'daisy', 'probability': 0.9539810419082642}, {'class_name': 'tulip', 'probability': 0.016265839338302612}, {'class_name': 'rose', 'probability': 0.01351476926356554}]"
daisy/7066602021_2647457985_m.jpg,0,daisy,0,daisy,"[{'class_name': 'daisy', 'probability': 0.9762071967124939}, {'class_name': 'sunflower', 'probability': 0.010260090231895447}, {'class_name': 'tulip', 'probability': 0.00949916336685419}]"
daisy/7133935763_82b17c8e1b_n.jpg,0,daisy,0,daisy,"[{'class_name': 'daisy', 'probability': 0.537178635597229}, {'class_name': 'sunflower', 'probability': 0.3029633164405823}, {'class_name': 'dandelion', 'probability': 0.1440197229385376}]"
daisy/7358085448_b317d11cd5.jpg,0,daisy,0,daisy,"[{'class_name': 'daisy', 'probability': 0.9546788930892944}, {'class_name': 'sunflower', 'probability': 0.02377474494278431}, {'class_name': 'dandelion', 'probability': 0.012486147694289684}]"
daisy/7454630692_ab2d67dd18_m.jpg,0,daisy,0,daisy,"[{'class_name': 'daisy', 'probability': 0.9509749412536621}, {'class_name': 'sunflower', 'probability': 0.019374731928110123}, {'class_name': 'rose', 'probability': 0.015093158930540085}]"
daisy/7630520686_e3a61ac763.jpg,0,daisy,0,daisy,"[{'class_name': 'daisy', 'probability': 0.9815524220466614}, {'class_name': 'tulip', 'probability': 0.008462893776595592}, {'class_name': 'dandelion', 'probability': 0.007112840656191111}]"
daisy/8085329197_41d53a21e2_n.jpg,0,daisy,0,daisy,"[{'class_name': 'daisy', 'probability': 0.9261915683746338}, {'class_name': 'dandelion', 'probability': 0.04356052353978157}, {'class_name': 'sunflower', 'probability': 0.011875206604599953}]"
daisy/8348621545_8f02b82662_n.jpg,0,daisy,0,daisy,"[{'class_name': 'daisy', 'probability': 0.9531049132347107}, {'class_name': 'dandelion', 'probability': 0.0194705780595541}, {'class_name': 'tulip', 'probability': 0.01508115604519844}]"
daisy/8706810197_17b6c1f1e7.jpg,0,daisy,0,daisy,"[{'class_name': 'daisy', 'probability': 0.8699293732643127}, {'class_name': 'dandelion', 'probability': 0.057354431599378586}, {'class_name': 'tulip', 'probability': 0.0275813527405262}]"
daisy/8938566373_d129e7af75.jpg,0,daisy,0,daisy,"[{'class_name': 'daisy', 'probability': 0.9143769145011902}, {'class_name': 'tulip', 'probability': 0.040848445147275925}, {'class_name': 'dandelion', 'probability': 0.02108529582619667}]"
daisy/9094631844_1a6abca29e.jpg,0,daisy,0,daisy,"[{'class_name': 'daisy', 'probability': 0.8876281380653381}, {'class_name': 'dandelion', 'probability': 0.04638929292559624}, {'class_name': 'sunflower', 'probability': 0.028780216351151466}]"
daisy/9146733107_98b15d3892_m.jpg,0,daisy,0,daisy,"[{'class_name': 'daisy', 'probability': 0.8198829889297485}, {'class_name': 'rose', 'probability': 0.06590112298727036}, {'class_name': 'tulip', 'probability': 0.04979283735156059}]"
daisy/9158041313_7a6a102f7a_n.jpg,0,daisy,0,daisy,"[{'class_name': 'daisy', 'probability': 0.9399237632751465}, {'class_name': 'sunflower', 'probability': 0.03229917958378792}, {'class_name': 'rose', 'probability': 0.022642221301794052}]"
daisy/9225336602_e6c392f941_n.jpg,0,daisy,0,daisy,"[{'class_name': 'daisy', 'probability': 0.9856742024421692}, {'class_name': 'sunflower', 'probability': 0.006923136301338673}, {'class_name': 'tulip', 'probability': 0.004752288572490215}]"
daisy/9244082319_b1f7e2d8b0_n.jpg,0,daisy,0,daisy,"[{'class_name': 'daisy', 'probability': 0.5850562453269958}, {'class_name': 'dandelion', 'probability': 0.3937177360057831}, {'class_name': 'rose', 'probability': 0.011618060991168022}]"
daisy/9467543719_c4800becbb_m.jpg,0,daisy,0,daisy,"[{'class_name': 'daisy', 'probability': 0.9863846898078918}, {'class_name': 'rose', 'probability': 0.006059728097170591}, {'class_name': 'sunflower', 'probability': 0.0057841413654387}]"
daisy/9529916092_de70623523_n.jpg,0,daisy,0,daisy,"[{'class_name': 'daisy', 'probability': 0.9358341693878174}, {'class_name': 'rose', 'probability': 0.022712713107466698}, {'class_name': 'sunflower', 'probability': 0.015427001751959324}]"
daisy/9593034725_0062f0d24e_n.jpg,0,daisy,0,daisy,"[{'class_name': 'daisy', 'probability': 0.9358717799186707}, {'class_name': 'sunflower', 'probability': 0.019910477101802826}, {'class_name': 'rose', 'probability': 0.017308229580521584}]"
dandelion/10486992895_20b344ce2d_n.jpg,1,dandelion,1,dandelion,"[{'class_name': 'dandelion', 'probability': 0.9699891805648804}, {'class_name': 'tulip', 'probability': 0.011061419732868671}, {'class_name': 'sunflower', 'probability': 0.010524915531277657}]"
dandelion/10617162044_8740d4dd9f_n.jpg,1,dandelion,1,dandelion,"[{'class_name': 'dandelion', 'probability': 0.8701292276382446}, {'class_name': 'rose', 'probability': 0.06032963842153549}, {'class_name': 'sunflower', 'probability': 0.04623011127114296}]"
dandelion/10617191174_9a01753241_n.jpg,1,dandelion,1,dandelion,"[{'class_name': 'dandelion', 'probability': 0.8803449273109436}, {'class_name': 'sunflower', 'probability': 0.06578516215085983}, {'class_name': 'daisy', 'probability': 0.03683542087674141}]"
dandelion/11405573_24a8a838cc_n.jpg,1,dandelion,1,dandelion,"[{'class_name': 'dandelion', 'probability': 0.9424745440483093}, {'class_name': 'tulip', 'probability': 0.02248900942504406}, {'class_name': 'rose', 'probability': 0.013536590151488781}]"
dandelion/1195255751_d58b3d3076.jpg,1,dandelion,1,dandelion,"[{'class_name': 'dandelion', 'probability': 0.9884034991264343}, {'class_name': 'daisy', 'probability': 0.0034491955302655697}, {'class_name': 'sunflower', 'probability': 0.002957745688036084}]"
dandelion/12093962485_7c3e9a2a23_n.jpg,1,dandelion,4,tulip,"[{'class_name': 'tulip', 'probability': 0.860573947429657}, {'class_name': 'daisy', 'probability': 0.062491703778505325}, {'class_name': 'rose', 'probability': 0.02952183037996292}]"
dandelion/1241011700_261ae180ca.jpg,1,dandelion,1,dandelion,"[{'class_name': 'dandelion', 'probability': 0.9814544320106506}, {'class_name': 'tulip', 'probability': 0.006171379238367081}, {'class_name': 'daisy', 'probability': 0.005603067576885223}]"
dandelion/1297972485_33266a18d9.jpg,1,dandelion,1,dandelion,"[{'class_name': 'dandelion', 'probability': 0.7547627091407776}, {'class_name': 'daisy', 'probability': 0.10699396580457687}, {'class_name': 'sunflower', 'probability': 0.08154743909835815}]"
dandelion/12998979765_3de89e7195_n.jpg,1,dandelion,1,dandelion,"[{'class_name': 'dandelion', 'probability': 0.9818468689918518}, {'class_name': 'tulip', 'probability': 0.007165613118559122}, {'class_name': 'sunflower', 'probability': 0.0064600734040141106}]"
dandelion/1353279846_7e6b87606d.jpg,1,dandelion,1,dandelion,"[{'class_name': 'dandelion', 'probability': 0.9736139178276062}, {'class_name': 'daisy', 'probability': 0.010105745866894722}, {'class_name': 'tulip', 'probability': 0.006895177997648716}]"
dandelion/136011860_44ca0b2835_n.jpg,1,dandelion,1,dandelion,"[{'class_name': 'dandelion', 'probability': 0.9766932129859924}, {'class_name': 'tulip', 'probability': 0.0067876060493290424}, {'class_name': 'rose', 'probability': 0.006144477520138025}]"
dandelion/136999986_e410a68efb_n.jpg,1,dandelion,1,dandelion,"[{'class_name': 'dandelion', 'probability': 0.9823490977287292}, {'class_name': 'daisy', 'probability': 0.006830256432294846}, {'class_name': 'sunflower', 'probability': 0.005603505298495293}]"
dandelion/13920113_f03e867ea7_m.jpg,1,dandelion,1,dandelion,"[{'class_name': 'dandelion', 'probability': 0.9817284941673279}, {'class_name': 'daisy', 'probability': 0.008088993839919567}, {'class_name': 'rose', 'probability': 0.004097461700439453}]"
dandelion/14019781123_ea0f8722d4_n.jpg,1,dandelion,1,dandelion,"[{'class_name': 'dandelion', 'probability': 0.8830172419548035}, {'class_name': 'daisy', 'probability': 0.08516641706228256}, {'class_name': 'rose', 'probability': 0.023657938465476036}]"
dandelion/14021281124_89cc388eac_n.jpg,1,dandelion,1,dandelion,"[{'class_name': 'dandelion', 'probability': 0.9856399297714233}, {'class_name': 'sunflower', 'probability': 0.007332480978220701}, {'class_name': 'rose', 'probability': 0.0029897454660385847}]"
dandelion/14128839257_23def53028.jpg,1,dandelion,1,dandelion,"[{'class_name': 'dandelion', 'probability': 0.8734270930290222}, {'class_name': 'tulip', 'probability': 0.06469963490962982}, {'class_name': 'daisy', 'probability': 0.03899085894227028}]"
dandelion/14278605962_d3cce5522f.jpg,1,dandelion,1,dandelion,"[{'class_name': 'dandelion', 'probability': 0.9600797891616821}, {'class_name': 'rose', 'probability': 0.023370584473013878}, {'class_name': 'sunflower', 'probability': 0.006450626999139786}]"
dandelion/142813254_20a7fd5fb6_n.jpg,1,dandelion,1,dandelion,"[{'class_name': 'dandelion', 'probability': 0.9792096614837646}, {'class_name': 'tulip', 'probability': 0.007010964676737785}, {'class_name': 'sunflower', 'probability': 0.006538091693073511}]"
dandelion/14313509432_6f2343d6c8_m.jpg,1,dandelion,1,dandelion,"[{'class_name': 'dandelion', 'probability': 0.9631996750831604}, {'class_name': 'sunflower', 'probability': 0.015225721523165703}, {'class_name': 'tulip', 'probability': 0.013446176424622536}]"
dandelion/148180650_19a4b410db.jpg,1,dandelion,1,dandelion,"[{'class_name': 'dandelion', 'probability': 0.9657827019691467}, {'class_name': 'sunflower', 'probability': 0.01641654223203659}, {'class_name': 'daisy', 'probability': 0.009387321770191193}]"
dandelion/160456948_38c3817c6a_m.jpg,1,dandelion,1,dandelion,"[{'class_name': 'dandelion', 'probability': 0.9848660230636597}, {'class_name': 'rose', 'probability': 0.004631051328033209}, {'class_name': 'tulip', 'probability': 0.004315488506108522}]"
dandelion/16237158409_01913cf918_n.jpg,1,dandelion,1,dandelion,"[{'class_name': 'dandelion', 'probability': 0.9856143593788147}, {'class_name': 'daisy', 'probability': 0.0059125409461557865}, {'class_name': 'rose', 'probability': 0.005634201690554619}]"
dandelion/16242239484_51286673af.jpg,1,dandelion,1,dandelion,"[{'class_name': 'dandelion', 'probability': 0.9744336605072021}, {'class_name': 'daisy', 'probability': 0.011998982168734074}, {'class_name': 'tulip', 'probability': 0.0048667206428945065}]"
dandelion/16863587471_cc3a6ffb29_m.jpg,1,dandelion,1,dandelion,"[{'class_name': 'dandelion', 'probability': 0.9834432005882263}, {'class_name': 'daisy', 'probability': 0.010427371598780155}, {'class_name': 'rose', 'probability': 0.0029438368510454893}]"
dandelion/16987075_9a690a2183.jpg,1,dandelion,1,dandelion,"[{'class_name': 'dandelion', 'probability': 0.9814320802688599}, {'class_name': 'tulip', 'probability': 0.008296096697449684}, {'class_name': 'daisy', 'probability': 0.003977791406214237}]"
dandelion/17161833794_e1d92259d2_m.jpg,1,dandelion,1,dandelion,"[{'class_name': 'dandelion', 'probability': 0.9489738345146179}, {'class_name': 'rose', 'probability': 0.030524540692567825}, {'class_name': 'daisy', 'probability': 0.015284807421267033}]"
dandelion/17220096449_0e535989f0_n.jpg,1,dandelion,1,dandelion,"[{'class_name': 'dandelion', 'probability': 0.9648771286010742}, {'class_name': 'daisy', 'probability': 0.01138874888420105}, {'class_name': 'sunflower', 'probability': 0.008903082460165024}]"
dandelion/17346385582_7ba433dbbe.jpg,1,dandelion,1,dandelion,"[{'class_name': 'dandelion', 'probability': 0.971190333366394}, {'class_name': 'tulip', 'probability': 0.010198026895523071}, {'class_name': 'rose', 'probability': 0.007381833624094725}]"
dandelion/17388697431_0d84c427d1_n.jpg,1,dandelion,1,dandelion,"[{'class_name': 'dandelion', 'probability': 0.9748708605766296}, {'class_name': 'rose', 'probability': 0.007579673547297716}, {'class_name': 'tulip', 'probability': 0.006490940228104591}]"
dandelion/17420983523_2e32d70359.jpg,1,dandelion,1,dandelion,"[{'class_name': 'dandelion', 'probability': 0.994814932346344}, {'class_name': 'rose', 'probability': 0.001560294651426375}, {'class_name': 'sunflower', 'probability': 0.0014758348697796464}]"
dandelion/17457028309_95514c8d02_n.jpg,1,dandelion,1,dandelion,"[{'class_name': 'dandelion', 'probability': 0.9807927012443542}, {'class_name': 'daisy', 'probability': 0.006530522368848324}, {'class_name': 'tulip', 'probability': 0.005755695514380932}]"
dandelion/17482158576_86c5ebc2f8.jpg,1,dandelion,1,dandelion,"[{'class_name': 'dandelion', 'probability': 0.95975661277771}, {'class_name': 'daisy', 'probability': 0.01517485547810793}, {'class_name': 'rose', 'probability': 0.010219878517091274}]"
dandelion/17649230811_9bdbbacb8c.jpg,1,dandelion,1,dandelion,"[{'class_name': 'dandelion', 'probability': 0.9730218052864075}, {'class_name': 'sunflower', 'probability': 0.012060855515301228}, {'class_name': 'rose', 'probability': 0.007163536734879017}]"
dandelion/17688233756_21879104c1_n.jpg,1,dandelion,4,tulip,"[{'class_name': 'tulip', 'probability': 0.9784293174743652}, {'class_name': 'daisy', 'probability': 0.008525104261934757}, {'class_name': 'rose', 'probability': 0.005691671743988991}]"
dandelion/177851662_b2622b4238_n.jpg,1,dandelion,1,dandelion,"[{'class_name': 'dandelion', 'probability': 0.9614198207855225}, {'class_name': 'sunflower', 'probability': 0.017057619988918304}, {'class_name': 'rose', 'probability': 0.01046373788267374}]"
dandelion/17821459748_873101edd0_m.jpg,1,dandelion,1,dandelion,"[{'class_name': 'dandelion', 'probability': 0.9764275550842285}, {'class_name': 'sunflower', 'probability': 0.011006233282387257}, {'class_name': 'tulip', 'probability': 0.006602637469768524}]"
dandelion/18010259565_d6aae33ca7_n.jpg,1,dandelion,1,dandelion,"[{'class_name': 'dandelion', 'probability': 0.9653024077415466}, {'class_name': 'tulip', 'probability': 0.011965438723564148}, {'class_name': 'daisy', 'probability': 0.011083765886723995}]"
dandelion/18204150090_fb418bbddb.jpg,1,dandelion,1,dandelion,"[{'class_name': 'dandelion', 'probability': 0.9467494487762451}, {'class_name': 'sunflower', 'probability': 0.04026658087968826}, {'class_name': 'tulip', 'probability': 0.010015308856964111}]"
dandelion/18243329421_771b4d938e.jpg,1,dandelion,1,dandelion,"[{'class_name': 'dandelion', 'probability': 0.9789137840270996}, {'class_name': 'sunflower', 'probability': 0.009393100626766682}, {'class_name': 'rose', 'probability': 0.006272511091083288}]"
dandelion/18282528206_7fb3166041.jpg,1,dandelion,1,dandelion,"[{'class_name': 'dandelion', 'probability': 0.9779399037361145}, {'class_name': 'daisy', 'probability': 0.008454135619103909}, {'class_name': 'sunflower', 'probability': 0.006688773166388273}]"
dandelion/18304194360_2a4a0be631_m.jpg,1,dandelion,1,dandelion,"[{'class_name': 'dandelion', 'probability': 0.9219922423362732}, {'class_name': 'rose', 'probability': 0.05852537974715233}, {'class_name': 'daisy', 'probability': 0.012913711369037628}]"
dandelion/18342918441_b1bb69a2fd_n.jpg,1,dandelion,1,dandelion,"[{'class_name': 'dandelion', 'probability': 0.9720008969306946}, {'class_name': 'daisy', 'probability': 0.015176097862422466}, {'class_name': 'sunflower', 'probability': 0.005412863567471504}]"
dandelion/18995294384_77543e96b6_n.jpg,1,dandelion,1,dandelion,"[{'class_name': 'dandelion', 'probability': 0.9718005657196045}, {'class_name': 'sunflower', 'probability': 0.015157937072217464}, {'class_name': 'tulip', 'probability': 0.006614491809159517}]"
dandelion/19064700925_b93d474e37.jpg,1,dandelion,1,dandelion,"[{'class_name': 'dandelion', 'probability': 0.9780601859092712}, {'class_name': 'sunflower', 'probability': 0.009040804579854012}, {'class_name': 'rose', 'probability': 0.004790578503161669}]"
dandelion/19435491090_7af558e17e.jpg,1,dandelion,1,dandelion,"[{'class_name': 'dandelion', 'probability': 0.8851163387298584}, {'class_name': 'sunflower', 'probability': 0.09319227188825607}, {'class_name': 'tulip', 'probability': 0.014833401888608932}]"
dandelion/19617501581_606be5f716_n.jpg,1,dandelion,1,dandelion,"[{'class_name': 'dandelion', 'probability': 0.9684365391731262}, {'class_name': 'sunflower', 'probability': 0.01335498783737421}, {'class_name': 'daisy', 'probability': 0.007672774605453014}]"
dandelion/20179380768_7a2990d4e3_n.jpg,1,dandelion,1,dandelion,"[{'class_name': 'dandelion', 'probability': 0.9703908562660217}, {'class_name': 'sunflower', 'probability': 0.016062239184975624}, {'class_name': 'tulip', 'probability': 0.006082836072891951}]"
dandelion/2019520447_48b2354a20_m.jpg,1,dandelion,1,dandelion,"[{'class_name': 'dandelion', 'probability': 0.9676344394683838}, {'class_name': 'rose', 'probability': 0.010351247154176235}, {'class_name': 'daisy', 'probability': 0.009698646143078804}]"
dandelion/22196426956_eca94f6faa_m.jpg,1,dandelion,1,dandelion,"[{'class_name': 'dandelion', 'probability': 0.9601279497146606}, {'class_name': 'tulip', 'probability': 0.016419947147369385}, {'class_name': 'daisy', 'probability': 0.012063801288604736}]"
dandelion/22274701614_901606ee34_n.jpg,1,dandelion,1,dandelion,"[{'class_name': 'dandelion', 'probability': 0.9695639610290527}, {'class_name': 'tulip', 'probability': 0.010870350524783134}, {'class_name': 'sunflower', 'probability': 0.010838649235665798}]"
dandelion/22679060358_561ec823ae_m.jpg,1,dandelion,1,dandelion,"[{'class_name': 'dandelion', 'probability': 0.964324951171875}, {'class_name': 'sunflower', 'probability': 0.023238468915224075}, {'class_name': 'tulip', 'probability': 0.008118254132568836}]"
dandelion/2303491518_f25fee9440.jpg,1,dandelion,1,dandelion,"[{'class_name': 'dandelion', 'probability': 0.9815623760223389}, {'class_name': 'rose', 'probability': 0.005911716725677252}, {'class_name': 'tulip', 'probability': 0.005458191968500614}]"
dandelion/2330343016_23acc484ee.jpg,1,dandelion,1,dandelion,"[{'class_name': 'dandelion', 'probability': 0.9554526805877686}, {'class_name': 'rose', 'probability': 0.021024519577622414}, {'class_name': 'tulip', 'probability': 0.011629349552094936}]"
dandelion/2444241718_3ca53ce921.jpg,1,dandelion,1,dandelion,"[{'class_name': 'dandelion', 'probability': 0.974680483341217}, {'class_name': 'tulip', 'probability': 0.007507371716201305}, {'class_name': 'daisy', 'probability': 0.0062576765194535255}]"
dandelion/2469856983_fe8e36ba57.jpg,1,dandelion,1,dandelion,"[{'class_name': 'dandelion', 'probability': 0.9678833484649658}, {'class_name': 'tulip', 'probability': 0.011930826120078564}, {'class_name': 'sunflower', 'probability': 0.00892107468098402}]"
dandelion/2502627784_4486978bcf.jpg,1,dandelion,1,dandelion,"[{'class_name': 'dandelion', 'probability': 0.8898370862007141}, {'class_name': 'daisy', 'probability': 0.06306561082601547}, {'class_name': 'tulip', 'probability': 0.028350412845611572}]"
dandelion/2503875867_2075a9225d_m.jpg,1,dandelion,1,dandelion,"[{'class_name': 'dandelion', 'probability': 0.8773568272590637}, {'class_name': 'sunflower', 'probability': 0.06919968128204346}, {'class_name': 'daisy', 'probability': 0.0434882752597332}]"
dandelion/2542908888_25a1c78ff0.jpg,1,dandelion,1,dandelion,"[{'class_name': 'dandelion', 'probability': 0.9283776879310608}, {'class_name': 'daisy', 'probability': 0.04697610065340996}, {'class_name': 'sunflower', 'probability': 0.01673143170773983}]"
dandelion/2620243133_e801981efe_n.jpg,1,dandelion,1,dandelion,"[{'class_name': 'dandelion', 'probability': 0.960259735584259}, {'class_name': 'daisy', 'probability': 0.011319594457745552}, {'class_name': 'tulip', 'probability': 0.010942872613668442}]"
dandelion/2697283969_c1f9cbb936.jpg,1,dandelion,1,dandelion,"[{'class_name': 'dandelion', 'probability': 0.8851413130760193}, {'class_name': 'daisy', 'probability': 0.047384604811668396}, {'class_name': 'tulip', 'probability': 0.03218735009431839}]"
dandelion/27186992702_449dfa54ef_n.jpg,1,dandelion,1,dandelion,"[{'class_name': 'dandelion', 'probability': 0.982671856880188}, {'class_name': 'tulip', 'probability': 0.007251073140650988}, {'class_name': 'sunflower', 'probability': 0.004629708360880613}]"
dandelion/2938040169_eb38581359.jpg,1,dandelion,1,dandelion,"[{'class_name': 'dandelion', 'probability': 0.9616454243659973}, {'class_name': 'tulip', 'probability': 0.018476959317922592}, {'class_name': 'daisy', 'probability': 0.011017062701284885}]"
dandelion/3005677730_2662753d3f_m.jpg,1,dandelion,1,dandelion,"[{'class_name': 'dandelion', 'probability': 0.9721760749816895}, {'class_name': 'daisy', 'probability': 0.012942342087626457}, {'class_name': 'sunflower', 'probability': 0.0074349441565573215}]"
dandelion/3198028825_fdfaa1d020.jpg,1,dandelion,1,dandelion,"[{'class_name': 'dandelion', 'probability': 0.9165444374084473}, {'class_name': 'sunflower', 'probability': 0.05055509880185127}, {'class_name': 'daisy', 'probability': 0.01349899172782898}]"
dandelion/3297108443_0393d04dfc_m.jpg,1,dandelion,1,dandelion,"[{'class_name': 'dandelion', 'probability': 0.970465898513794}, {'class_name': 'sunflower', 'probability': 0.01284913718700409}, {'class_name': 'rose', 'probability': 0.006294657476246357}]"
dandelion/33522989504_542fde1a1a_n.jpg,1,dandelion,1,dandelion,"[{'class_name': 'dandelion', 'probability': 0.9718483090400696}, {'class_name': 'sunflower', 'probability': 0.011509240604937077}, {'class_name': 'rose', 'probability': 0.007653691340237856}]"
dandelion/3357432116_b3dce6fed3_n.jpg,1,dandelion,1,dandelion,"[{'class_name': 'dandelion', 'probability': 0.9491596221923828}, {'class_name': 'sunflower', 'probability': 0.022427985444664955}, {'class_name': 'daisy', 'probability': 0.015670716762542725}]"
dandelion/3365850019_8158a161a8_n.jpg,1,dandelion,1,dandelion,"[{'class_name': 'dandelion', 'probability': 0.9622968435287476}, {'class_name': 'sunflower', 'probability': 0.021468356251716614}, {'class_name': 'daisy', 'probability': 0.008119232021272182}]"
dandelion/33849982914_0f017c8e3c_n.jpg,1,dandelion,1,dandelion,"[{'class_name': 'dandelion', 'probability': 0.8617284297943115}, {'class_name': 'daisy', 'probability': 0.08583078533411026}, {'class_name': 'sunflower', 'probability': 0.030986744910478592}]"
dandelion/33851560384_d2e7d933db_n.jpg,1,dandelion,1,dandelion,"[{'class_name': 'dandelion', 'probability': 0.9454993009567261}, {'class_name': 'tulip', 'probability': 0.022310491651296616}, {'class_name': 'daisy', 'probability': 0.014136455953121185}]"
dandelion/33909432943_bf810400b7_n.jpg,1,dandelion,1,dandelion,"[{'class_name': 'dandelion', 'probability': 0.9774331450462341}, {'class_name': 'tulip', 'probability': 0.010772275738418102}, {'class_name': 'sunflower', 'probability': 0.006332262419164181}]"
dandelion/33913495873_b582be4fdf_n.jpg,1,dandelion,1,dandelion,"[{'class_name': 'dandelion', 'probability': 0.8319818377494812}, {'class_name': 'sunflower', 'probability': 0.08580467849969864}, {'class_name': 'rose', 'probability': 0.06967432796955109}]"
dandelion/33924521963_48cdc4f455_n.jpg,1,dandelion,1,dandelion,"[{'class_name': 'dandelion', 'probability': 0.9454693794250488}, {'class_name': 'daisy', 'probability': 0.028271766379475594}, {'class_name': 'rose', 'probability': 0.01721234992146492}]"
dandelion/33980437760_60f3ceaf03_n.jpg,1,dandelion,1,dandelion,"[{'class_name': 'dandelion', 'probability': 0.982010543346405}, {'class_name': 'sunflower', 'probability': 0.009896418079733849}, {'class_name': 'daisy', 'probability': 0.0046458011493086815}]"
dandelion/34310456510_a4ceda64da_n.jpg,1,dandelion,1,dandelion,"[{'class_name': 'dandelion', 'probability': 0.9114782810211182}, {'class_name': 'sunflower', 'probability': 0.07416585832834244}, {'class_name': 'daisy', 'probability': 0.008225152269005775}]"
dandelion/34311470786_5b2b5bea1d_n.jpg,1,dandelion,1,dandelion,"[{'class_name': 'dandelion', 'probability': 0.9133417010307312}, {'class_name': 'sunflower', 'probability': 0.06107960641384125}, {'class_name': 'daisy', 'probability': 0.010781656950712204}]"
dandelion/34343228430_8df9f1c03a_n.jpg,1,dandelion,1,dandelion,"[{'class_name': 'dandelion', 'probability': 0.9642982482910156}, {'class_name': 'tulip', 'probability': 0.01885189674794674}, {'class_name': 'daisy', 'probability': 0.0099862702190876}]"
dandelion/344318990_7be3fb0a7d.jpg,1,dandelion,1,dandelion,"[{'class_name': 'dandelion', 'probability': 0.9290640950202942}, {'class_name': 'daisy', 'probability': 0.04627269506454468}, {'class_name': 'tulip', 'probability': 0.015522939153015614}]"
dandelion/34536491752_dd130e7b79_n.jpg,1,dandelion,1,dandelion,"[{'class_name': 'dandelion', 'probability': 0.9661731719970703}, {'class_name': 'daisy', 'probability': 0.01578480936586857}, {'class_name': 'tulip', 'probability': 0.009397415444254875}]"
dandelion/3454102259_957ecd0a9b.jpg,1,dandelion,1,dandelion,"[{'class_name': 'dandelion', 'probability': 0.9927565455436707}, {'class_name': 'rose', 'probability': 0.0038122518453747034}, {'class_name': 'daisy', 'probability': 0.002264547860249877}]"
dandelion/34551666432_c5b5f9684e_n.jpg,1,dandelion,1,dandelion,"[{'class_name': 'dandelion', 'probability': 0.9881255626678467}, {'class_name': 'daisy', 'probability': 0.007665187120437622}, {'class_name': 'sunflower', 'probability': 0.001926466473378241}]"
dandelion/34571582172_efa4946a45_n.jpg,1,dandelion,1,dandelion,"[{'class_name': 'dandelion', 'probability': 0.8686284422874451}, {'class_name': 'tulip', 'probability': 0.06781049817800522}, {'class_name': 'daisy', 'probability': 0.03602208197116852}]"
dandelion/34582964591_dc9f160fce_n.jpg,1,dandelion,1,dandelion,"[{'class_name': 'dandelion', 'probability': 0.8593214750289917}, {'class_name': 'tulip', 'probability': 0.09345857799053192}, {'class_name': 'sunflower', 'probability': 0.024921370670199394}]"
dandelion/34584449441_576a1336b1_n.jpg,1,dandelion,1,dandelion,"[{'class_name': 'dandelion', 'probability': 0.8475949168205261}, {'class_name': 'daisy', 'probability': 0.056748367846012115}, {'class_name': 'rose', 'probability': 0.04991866275668144}]"
dandelion/34599366451_2854aee943_n.jpg,1,dandelion,1,dandelion,"[{'class_name': 'dandelion', 'probability': 0.8944479823112488}, {'class_name': 'rose', 'probability': 0.03988341987133026}, {'class_name': 'tulip', 'probability': 0.03672202304005623}]"
dandelion/34653465656_31bc613631_n.jpg,1,dandelion,1,dandelion,"[{'class_name': 'dandelion', 'probability': 0.9508673548698425}, {'class_name': 'tulip', 'probability': 0.03543742746114731}, {'class_name': 'sunflower', 'probability': 0.010239768773317337}]"
dandelion/34694292346_83b4d97809_n.jpg,1,dandelion,1,dandelion,"[{'class_name': 'dandelion', 'probability': 0.9761055111885071}, {'class_name': 'tulip', 'probability': 0.009529336355626583}, {'class_name': 'daisy', 'probability': 0.005393942352384329}]"
dandelion/34721329895_529f999fb6_n.jpg,1,dandelion,1,dandelion,"[{'class_name': 'dandelion', 'probability': 0.9793508052825928}, {'class_name': 'daisy', 'probability': 0.008789470419287682}, {'class_name': 'rose', 'probability': 0.004267520736902952}]"
dandelion/34728513735_ebb4b179eb_n.jpg,1,dandelion,1,dandelion,"[{'class_name': 'dandelion', 'probability': 0.8526796102523804}, {'class_name': 'daisy', 'probability': 0.08515753597021103}, {'class_name': 'tulip', 'probability': 0.04467185214161873}]"
dandelion/3501368412_358e144d1f.jpg,1,dandelion,1,dandelion,"[{'class_name': 'dandelion', 'probability': 0.9784948825836182}, {'class_name': 'tulip', 'probability': 0.006838053464889526}, {'class_name': 'rose', 'probability': 0.006005029659718275}]"
dandelion/3517492544_0fd3ed6a66_m.jpg,1,dandelion,1,dandelion,"[{'class_name': 'dandelion', 'probability': 0.96799635887146}, {'class_name': 'sunflower', 'probability': 0.011410961858928204}, {'class_name': 'daisy', 'probability': 0.010959863662719727}]"
dandelion/3562861685_8b8d747b4d.jpg,1,dandelion,1,dandelion,"[{'class_name': 'dandelion', 'probability': 0.9419974684715271}, {'class_name': 'rose', 'probability': 0.019229203462600708}, {'class_name': 'tulip', 'probability': 0.018668847158551216}]"
dandelion/3580443099_9a6902ebd8_n.jpg,1,dandelion,1,dandelion,"[{'class_name': 'dandelion', 'probability': 0.9750366806983948}, {'class_name': 'daisy', 'probability': 0.009927949868142605}, {'class_name': 'tulip', 'probability': 0.0081529151648283}]"
dandelion/3591588855_b4fd53b000.jpg,1,dandelion,1,dandelion,"[{'class_name': 'dandelion', 'probability': 0.9852657914161682}, {'class_name': 'daisy', 'probability': 0.009778187610208988}, {'class_name': 'tulip', 'probability': 0.0026729183737188578}]"
dandelion/3844111216_742ea491a0.jpg,1,dandelion,1,dandelion,"[{'class_name': 'dandelion', 'probability': 0.9856089949607849}, {'class_name': 'daisy', 'probability': 0.005734241101890802}, {'class_name': 'sunflower', 'probability': 0.0035322026815265417}]"
dandelion/4082856478_741a411ebb.jpg,1,dandelion,1,dandelion,"[{'class_name': 'dandelion', 'probability': 0.9862165451049805}, {'class_name': 'rose', 'probability': 0.005932639818638563}, {'class_name': 'tulip', 'probability': 0.004975275136530399}]"
dandelion/4134441089_c8c1e6132a.jpg,1,dandelion,1,dandelion,"[{'class_name': 'dandelion', 'probability': 0.9595689177513123}, {'class_name': 'sunflower', 'probability': 0.02634424902498722}, {'class_name': 'daisy', 'probability': 0.0064164879731833935}]"
dandelion/4258272381_65bd4b8191_m.jpg,1,dandelion,1,dandelion,"[{'class_name': 'dandelion', 'probability': 0.7945880889892578}, {'class_name': 'daisy', 'probability': 0.1718597710132599}, {'class_name': 'rose', 'probability': 0.01781102828681469}]"
dandelion/4510350093_3700064215.jpg,1,dandelion,1,dandelion,"[{'class_name': 'dandelion', 'probability': 0.9562223553657532}, {'class_name': 'tulip', 'probability': 0.02378128468990326}, {'class_name': 'daisy', 'probability': 0.011336344294250011}]"
dandelion/4514343281_26781484df.jpg,1,dandelion,1,dandelion,"[{'class_name': 'dandelion', 'probability': 0.9899305105209351}, {'class_name': 'rose', 'probability': 0.0048700254410505295}, {'class_name': 'daisy', 'probability': 0.002166990889236331}]"
dandelion/4523862714_b41b459c88.jpg,1,dandelion,1,dandelion,"[{'class_name': 'dandelion', 'probability': 0.9860119223594666}, {'class_name': 'rose', 'probability': 0.006274861749261618}, {'class_name': 'tulip', 'probability': 0.0033355301711708307}]"
dandelion/4550784336_584d7a65de_m.jpg,1,dandelion,1,dandelion,"[{'class_name': 'dandelion', 'probability': 0.9601266384124756}, {'class_name': 'sunflower', 'probability': 0.01695149950683117}, {'class_name': 'tulip', 'probability': 0.009909123182296753}]"
dandelion/4568317687_3f89622f76.jpg,1,dandelion,1,dandelion,"[{'class_name': 'dandelion', 'probability': 0.9719018340110779}, {'class_name': 'daisy', 'probability': 0.014849483966827393}, {'class_name': 'sunflower', 'probability': 0.007408727891743183}]"
dandelion/4574451859_432c856b6e_n.jpg,1,dandelion,1,dandelion,"[{'class_name': 'dandelion', 'probability': 0.9586490988731384}, {'class_name': 'rose', 'probability': 0.01875639520585537}, {'class_name': 'sunflower', 'probability': 0.008619391359388828}]"
dandelion/4588529727_4a79c61577.jpg,1,dandelion,1,dandelion,"[{'class_name': 'dandelion', 'probability': 0.9734243750572205}, {'class_name': 'tulip', 'probability': 0.012586443684995174}, {'class_name': 'sunflower', 'probability': 0.008093232288956642}]"
dandelion/4610125337_50798408b8_m.jpg,1,dandelion,1,dandelion,"[{'class_name': 'dandelion', 'probability': 0.86677485704422}, {'class_name': 'daisy', 'probability': 0.07815751433372498}, {'class_name': 'tulip', 'probability': 0.03318985924124718}]"
dandelion/4632235020_d00ce1e497.jpg,1,dandelion,1,dandelion,"[{'class_name': 'dandelion', 'probability': 0.951953113079071}, {'class_name': 'sunflower', 'probability': 0.017064169049263}, {'class_name': 'daisy', 'probability': 0.015499187633395195}]"
dandelion/4632251871_9f324a7bb5.jpg,1,dandelion,1,dandelion,"[{'class_name': 'dandelion', 'probability': 0.954220175743103}, {'class_name': 'rose', 'probability': 0.016453800722956657}, {'class_name': 'tulip', 'probability': 0.014416438527405262}]"
dandelion/4669006062_6b3d260037_n.jpg,1,dandelion,1,dandelion,"[{'class_name': 'dandelion', 'probability': 0.9730722904205322}, {'class_name': 'rose', 'probability': 0.009478899650275707}, {'class_name': 'sunflower', 'probability': 0.009151708334684372}]"
dandelion/468749497_951c571eff_n.jpg,1,dandelion,1,dandelion,"[{'class_name': 'dandelion', 'probability': 0.9548848271369934}, {'class_name': 'rose', 'probability': 0.02505960315465927}, {'class_name': 'sunflower', 'probability': 0.009007362648844719}]"
dandelion/4721773235_429acdf496_n.jpg,1,dandelion,1,dandelion,"[{'class_name': 'dandelion', 'probability': 0.9456496834754944}, {'class_name': 'sunflower', 'probability': 0.03137023374438286}, {'class_name': 'rose', 'probability': 0.010996101424098015}]"
dandelion/477316928_a70a31a704_m.jpg,1,dandelion,1,dandelion,"[{'class_name': 'dandelion', 'probability': 0.9635295867919922}, {'class_name': 'daisy', 'probability': 0.01849658228456974}, {'class_name': 'rose', 'probability': 0.009083547629415989}]"
dandelion/4953240903_a121fba81f_m.jpg,1,dandelion,1,dandelion,"[{'class_name': 'dandelion', 'probability': 0.9258716106414795}, {'class_name': 'daisy', 'probability': 0.027282169088721275}, {'class_name': 'rose', 'probability': 0.021358676254749298}]"
dandelion/510677438_73e4b91c95_m.jpg,1,dandelion,1,dandelion,"[{'class_name': 'dandelion', 'probability': 0.9728886485099792}, {'class_name': 'daisy', 'probability': 0.01254646759480238}, {'class_name': 'sunflower', 'probability': 0.006009555421769619}]"
dandelion/5416388641_c66d52d2ff_m.jpg,1,dandelion,1,dandelion,"[{'class_name': 'dandelion', 'probability': 0.760237991809845}, {'class_name': 'tulip', 'probability': 0.1504296064376831}, {'class_name': 'daisy', 'probability': 0.04663700982928276}]"
dandelion/5607669502_ccd2a76668_n.jpg,1,dandelion,1,dandelion,"[{'class_name': 'dandelion', 'probability': 0.9698838591575623}, {'class_name': 'sunflower', 'probability': 0.00994056835770607}, {'class_name': 'tulip', 'probability': 0.008636078797280788}]"
dandelion/5623492051_8e5ce438bd.jpg,1,dandelion,1,dandelion,"[{'class_name': 'dandelion', 'probability': 0.9797414541244507}, {'class_name': 'sunflower', 'probability': 0.007784693967550993}, {'class_name': 'rose', 'probability': 0.006730881053954363}]"
dandelion/5642429835_a0cbf1bab7_n.jpg,1,dandelion,1,dandelion,"[{'class_name': 'dandelion', 'probability': 0.9558314085006714}, {'class_name': 'daisy', 'probability': 0.019155869260430336}, {'class_name': 'tulip', 'probability': 0.011806916445493698}]"
dandelion/5643666851_dc3f42399d_m.jpg,1,dandelion,1,dandelion,"[{'class_name': 'dandelion', 'probability': 0.8762856721878052}, {'class_name': 'sunflower', 'probability': 0.05228189751505852}, {'class_name': 'rose', 'probability': 0.051602113991975784}]"
dandelion/5670543216_8c4cb0caa8_m.jpg,1,dandelion,1,dandelion,"[{'class_name': 'dandelion', 'probability': 0.9072843790054321}, {'class_name': 'daisy', 'probability': 0.06904088705778122}, {'class_name': 'sunflower', 'probability': 0.014133761636912823}]"
dandelion/5675705011_82729927ca_n.jpg,1,dandelion,1,dandelion,"[{'class_name': 'dandelion', 'probability': 0.9833108186721802}, {'class_name': 'sunflower', 'probability': 0.008565777912735939}, {'class_name': 'daisy', 'probability': 0.0035513241309672594}]"
dandelion/5715788902_9dd2b4ef1d.jpg,1,dandelion,1,dandelion,"[{'class_name': 'dandelion', 'probability': 0.9837728142738342}, {'class_name': 'daisy', 'probability': 0.00658889627084136}, {'class_name': 'tulip', 'probability': 0.0063356999307870865}]"
dandelion/5727534342_419604c177_n.jpg,1,dandelion,1,dandelion,"[{'class_name': 'dandelion', 'probability': 0.9967864751815796}, {'class_name': 'daisy', 'probability': 0.0011910662287846208}, {'class_name': 'tulip', 'probability': 0.0008262054179795086}]"
dandelion/5762590366_5cf7a32b87_n.jpg,1,dandelion,1,dandelion,"[{'class_name': 'dandelion', 'probability': 0.9924939870834351}, {'class_name': 'sunflower', 'probability': 0.0033050160855054855}, {'class_name': 'rose', 'probability': 0.0016048391116783023}]"
dandelion/5772194932_60b833091f.jpg,1,dandelion,1,dandelion,"[{'class_name': 'dandelion', 'probability': 0.969296395778656}, {'class_name': 'tulip', 'probability': 0.012054985389113426}, {'class_name': 'sunflower', 'probability': 0.008496755734086037}]"
dandelion/6044710875_0459796d1b_m.jpg,1,dandelion,1,dandelion,"[{'class_name': 'dandelion', 'probability': 0.9779670238494873}, {'class_name': 'sunflower', 'probability': 0.009110848419368267}, {'class_name': 'tulip', 'probability': 0.007439806126058102}]"
dandelion/6146107825_45f708ecd7_n.jpg,1,dandelion,1,dandelion,"[{'class_name': 'dandelion', 'probability': 0.986198365688324}, {'class_name': 'tulip', 'probability': 0.005889844615012407}, {'class_name': 'sunflower', 'probability': 0.002849055454134941}]"
dandelion/6229634119_af5fec0a22.jpg,1,dandelion,1,dandelion,"[{'class_name': 'dandelion', 'probability': 0.978976845741272}, {'class_name': 'daisy', 'probability': 0.0068693640641868114}, {'class_name': 'sunflower', 'probability': 0.006702439393848181}]"
dandelion/6412422565_ce61ca48a9_n.jpg,1,dandelion,1,dandelion,"[{'class_name': 'dandelion', 'probability': 0.9753634929656982}, {'class_name': 'daisy', 'probability': 0.007777959108352661}, {'class_name': 'sunflower', 'probability': 0.007122205104678869}]"
dandelion/6495802659_98b57e0cca_m.jpg,1,dandelion,1,dandelion,"[{'class_name': 'dandelion', 'probability': 0.8824072480201721}, {'class_name': 'daisy', 'probability': 0.048621173948049545}, {'class_name': 'tulip', 'probability': 0.04298175498843193}]"
dandelion/674407101_57676c40fb.jpg,1,dandelion,1,dandelion,"[{'class_name': 'dandelion', 'probability': 0.955231249332428}, {'class_name': 'tulip', 'probability': 0.03345635160803795}, {'class_name': 'daisy', 'probability': 0.006769367028027773}]"
dandelion/6918170172_3215766bf4_m.jpg,1,dandelion,1,dandelion,"[{'class_name': 'dandelion', 'probability': 0.8593422174453735}, {'class_name': 'tulip', 'probability': 0.06492651998996735}, {'class_name': 'sunflower', 'probability': 0.051431700587272644}]"
dandelion/7153497513_076486e26b_n.jpg,1,dandelion,1,dandelion,"[{'class_name': 'dandelion', 'probability': 0.9897394776344299}, {'class_name': 'sunflower', 'probability': 0.003290786873549223}, {'class_name': 'daisy', 'probability': 0.0027550188824534416}]"
dandelion/7193058132_36fd883048_m.jpg,1,dandelion,1,dandelion,"[{'class_name': 'dandelion', 'probability': 0.9361481070518494}, {'class_name': 'daisy', 'probability': 0.044601887464523315}, {'class_name': 'sunflower', 'probability': 0.008641521446406841}]"
dandelion/7232035352_84a39e99ba_n.jpg,1,dandelion,1,dandelion,"[{'class_name': 'dandelion', 'probability': 0.9803557395935059}, {'class_name': 'sunflower', 'probability': 0.010921268723905087}, {'class_name': 'daisy', 'probability': 0.006500654388219118}]"
dandelion/7243478942_30bf542a2d_m.jpg,1,dandelion,1,dandelion,"[{'class_name': 'dandelion', 'probability': 0.9840875267982483}, {'class_name': 'rose', 'probability': 0.00608860282227397}, {'class_name': 'tulip', 'probability': 0.0036147492937743664}]"
dandelion/7280221020_98b473b20d_n.jpg,1,dandelion,1,dandelion,"[{'class_name': 'dandelion', 'probability': 0.9473122358322144}, {'class_name': 'tulip', 'probability': 0.023979835212230682}, {'class_name': 'sunflower', 'probability': 0.013543453067541122}]"
dandelion/7280227122_7ea2bef7f4_n.jpg,1,dandelion,1,dandelion,"[{'class_name': 'dandelion', 'probability': 0.9645165801048279}, {'class_name': 'sunflower', 'probability': 0.014958425424993038}, {'class_name': 'daisy', 'probability': 0.012632028199732304}]"
dandelion/7291185504_b740bbeba4_m.jpg,1,dandelion,1,dandelion,"[{'class_name': 'dandelion', 'probability': 0.9647666215896606}, {'class_name': 'tulip', 'probability': 0.011944960802793503}, {'class_name': 'daisy', 'probability': 0.010707193985581398}]"
dandelion/7315832212_b0ceeb8de8_n.jpg,1,dandelion,1,dandelion,"[{'class_name': 'dandelion', 'probability': 0.9762980937957764}, {'class_name': 'sunflower', 'probability': 0.007530818693339825}, {'class_name': 'tulip', 'probability': 0.0070463125593960285}]"
dandelion/7368435774_0045b9dc4e.jpg,1,dandelion,1,dandelion,"[{'class_name': 'dandelion', 'probability': 0.9922063946723938}, {'class_name': 'daisy', 'probability': 0.003205140819773078}, {'class_name': 'tulip', 'probability': 0.0019583236426115036}]"
dandelion/7469617666_0e1a014917.jpg,1,dandelion,1,dandelion,"[{'class_name': 'dandelion', 'probability': 0.9664927124977112}, {'class_name': 'daisy', 'probability': 0.015675976872444153}, {'class_name': 'tulip', 'probability': 0.006222976837307215}]"
dandelion/80846315_d997645bea_n.jpg,1,dandelion,1,dandelion,"[{'class_name': 'dandelion', 'probability': 0.9781398773193359}, {'class_name': 'sunflower', 'probability': 0.009016401134431362}, {'class_name': 'rose', 'probability': 0.007436811923980713}]"
dandelion/8681169825_19a21c6bf5_m.jpg,1,dandelion,1,dandelion,"[{'class_name': 'dandelion', 'probability': 0.9781699180603027}, {'class_name': 'tulip', 'probability': 0.006526566576212645}, {'class_name': 'sunflower', 'probability': 0.006119538098573685}]"
dandelion/8689302100_be76a16ccc_n.jpg,1,dandelion,1,dandelion,"[{'class_name': 'dandelion', 'probability': 0.9663436412811279}, {'class_name': 'sunflower', 'probability': 0.02399991825222969}, {'class_name': 'rose', 'probability': 0.004174202214926481}]"
dandelion/8733226215_161309f8ec.jpg,1,dandelion,1,dandelion,"[{'class_name': 'dandelion', 'probability': 0.943263590335846}, {'class_name': 'tulip', 'probability': 0.023506823927164078}, {'class_name': 'sunflower', 'probability': 0.014610471203923225}]"
dandelion/8735646181_fa9787d4e0.jpg,1,dandelion,1,dandelion,"[{'class_name': 'dandelion', 'probability': 0.3597641587257385}, {'class_name': 'daisy', 'probability': 0.22330732643604279}, {'class_name': 'sunflower', 'probability': 0.19386155903339386}]"
dandelion/8738317694_eca2ce3bfc_n.jpg,1,dandelion,1,dandelion,"[{'class_name': 'dandelion', 'probability': 0.9844381213188171}, {'class_name': 'daisy', 'probability': 0.0057586198672652245}, {'class_name': 'sunflower', 'probability': 0.004170880652964115}]"
dandelion/8880158802_6e10a452c7_m.jpg,1,dandelion,1,dandelion,"[{'class_name': 'dandelion', 'probability': 0.9742858409881592}, {'class_name': 'sunflower', 'probability': 0.007785973139107227}, {'class_name': 'rose', 'probability': 0.007608378306031227}]"
dandelion/8905148527_ba9f55cd78.jpg,1,dandelion,1,dandelion,"[{'class_name': 'dandelion', 'probability': 0.8608341217041016}, {'class_name': 'tulip', 'probability': 0.07750330120325089}, {'class_name': 'sunflower', 'probability': 0.03329218924045563}]"
dandelion/8935477500_89f22cca03_n.jpg,1,dandelion,1,dandelion,"[{'class_name': 'dandelion', 'probability': 0.9885729551315308}, {'class_name': 'tulip', 'probability': 0.004872987512499094}, {'class_name': 'rose', 'probability': 0.0023768164683133364}]"
dandelion/8963359346_65ca69c59d_n.jpg,1,dandelion,1,dandelion,"[{'class_name': 'dandelion', 'probability': 0.9677578210830688}, {'class_name': 'sunflower', 'probability': 0.010631694458425045}, {'class_name': 'rose', 'probability': 0.010512818582355976}]"
dandelion/8981659922_7b1be892e7_m.jpg,1,dandelion,1,dandelion,"[{'class_name': 'dandelion', 'probability': 0.9279161691665649}, {'class_name': 'daisy', 'probability': 0.04479154944419861}, {'class_name': 'sunflower', 'probability': 0.011380798183381557}]"
dandelion/8989067485_aab399460b_n.jpg,1,dandelion,1,dandelion,"[{'class_name': 'dandelion', 'probability': 0.9641315937042236}, {'class_name': 'sunflower', 'probability': 0.022725339978933334}, {'class_name': 'daisy', 'probability': 0.005429926794022322}]"
dandelion/9029297232_de50698e2f_n.jpg,1,dandelion,1,dandelion,"[{'class_name': 'dandelion', 'probability': 0.962407648563385}, {'class_name': 'rose', 'probability': 0.015239623375236988}, {'class_name': 'tulip', 'probability': 0.009889988228678703}]"
dandelion/9262004825_710346cde9_n.jpg,1,dandelion,1,dandelion,"[{'class_name': 'dandelion', 'probability': 0.9579886794090271}, {'class_name': 'sunflower', 'probability': 0.015063906088471413}, {'class_name': 'daisy', 'probability': 0.010808581486344337}]"
dandelion/9646730031_f3d5014416_n.jpg,1,dandelion,1,dandelion,"[{'class_name': 'dandelion', 'probability': 0.8848325610160828}, {'class_name': 'daisy', 'probability': 0.049650225788354874}, {'class_name': 'sunflower', 'probability': 0.04758907109498978}]"
dandelion/9818247_e2eac18894.jpg,1,dandelion,1,dandelion,"[{'class_name': 'dandelion', 'probability': 0.5179312229156494}, {'class_name': 'sunflower', 'probability': 0.207821786403656}, {'class_name': 'tulip', 'probability': 0.16437605023384094}]"
rose/10894627425_ec76bbc757_n.jpg,2,rose,2,rose,"[{'class_name': 'rose', 'probability': 0.5856123566627502}, {'class_name': 'tulip', 'probability': 0.3473360240459442}, {'class_name': 'sunflower', 'probability': 0.031105922535061836}]"
rose/12165480946_c4a3fe182d_n.jpg,2,rose,4,tulip,"[{'class_name': 'tulip', 'probability': 0.6052095293998718}, {'class_name': 'rose', 'probability': 0.293628066778183}, {'class_name': 'daisy', 'probability': 0.05621995031833649}]"
rose/123128873_546b8b7355_n.jpg,2,rose,2,rose,"[{'class_name': 'rose', 'probability': 0.9739253520965576}, {'class_name': 'sunflower', 'probability': 0.008371283300220966}, {'class_name': 'daisy', 'probability': 0.007536893244832754}]"
rose/12406418663_af20dc225f_n.jpg,2,rose,2,rose,"[{'class_name': 'rose', 'probability': 0.9716081023216248}, {'class_name': 'sunflower', 'probability': 0.010096676647663116}, {'class_name': 'tulip', 'probability': 0.009601314552128315}]"
rose/14414117598_cf70df30de.jpg,2,rose,2,rose,"[{'class_name': 'rose', 'probability': 0.809791088104248}, {'class_name': 'daisy', 'probability': 0.1254395693540573}, {'class_name': 'dandelion', 'probability': 0.043075080960989}]"
rose/14414123198_24606fb32d.jpg,2,rose,4,tulip,"[{'class_name': 'tulip', 'probability': 0.3730767071247101}, {'class_name': 'rose', 'probability': 0.305216521024704}, {'class_name': 'daisy', 'probability': 0.26421549916267395}]"
rose/14597445311_8acb60247e.jpg,2,rose,2,rose,"[{'class_name': 'rose', 'probability': 0.9521982073783875}, {'class_name': 'tulip', 'probability': 0.021988166496157646}, {'class_name': 'dandelion', 'probability': 0.015566926449537277}]"
rose/14683774134_6367640585.jpg,2,rose,2,rose,"[{'class_name': 'rose', 'probability': 0.9566545486450195}, {'class_name': 'sunflower', 'probability': 0.02067003957927227}, {'class_name': 'tulip', 'probability': 0.008995399810373783}]"
rose/14870567200_80cda4362e_n.jpg,2,rose,2,rose,"[{'class_name': 'rose', 'probability': 0.7505191564559937}, {'class_name': 'tulip', 'probability': 0.22026003897190094}, {'class_name': 'sunflower', 'probability': 0.013576887547969818}]"
rose/14880561916_79aeb812fd_n.jpg,2,rose,2,rose,"[{'class_name': 'rose', 'probability': 0.4723348915576935}, {'class_name': 'dandelion', 'probability': 0.4120650589466095}, {'class_name': 'daisy', 'probability': 0.08788663148880005}]"
rose/15011625580_7974c44bce.jpg,2,rose,2,rose,"[{'class_name': 'rose', 'probability': 0.9488250613212585}, {'class_name': 'sunflower', 'probability': 0.019382920116186142}, {'class_name': 'tulip', 'probability': 0.01829010248184204}]"
rose/15255964274_cf2ecdf702.jpg,2,rose,2,rose,"[{'class_name': 'rose', 'probability': 0.8801612854003906}, {'class_name': 'sunflower', 'probability': 0.046382591128349304}, {'class_name': 'tulip', 'probability': 0.03860735893249512}]"
rose/15312360171_57bde98799_n.jpg,2,rose,4,tulip,"[{'class_name': 'tulip', 'probability': 0.8358609676361084}, {'class_name': 'rose', 'probability': 0.10135730355978012}, {'class_name': 'dandelion', 'probability': 0.047644954174757004}]"
rose/15681454551_b6f73ce443_n.jpg,2,rose,2,rose,"[{'class_name': 'rose', 'probability': 0.9780411124229431}, {'class_name': 'dandelion', 'probability': 0.00880416575819254}, {'class_name': 'sunflower', 'probability': 0.006351667921990156}]"
rose/15699509054_d3e125286f_n.jpg,2,rose,2,rose,"[{'class_name': 'rose', 'probability': 0.8749200105667114}, {'class_name': 'tulip', 'probability': 0.05106264725327492}, {'class_name': 'dandelion', 'probability': 0.048616375774145126}]"
rose/15821959372_518b9dcf57_n.jpg,2,rose,2,rose,"[{'class_name': 'rose', 'probability': 0.9850935935974121}, {'class_name': 'sunflower', 'probability': 0.009449878707528114}, {'class_name': 'daisy', 'probability': 0.003408426884561777}]"
rose/15822837396_96b392fda8_m.jpg,2,rose,2,rose,"[{'class_name': 'rose', 'probability': 0.42461225390434265}, {'class_name': 'tulip', 'probability': 0.38902097940444946}, {'class_name': 'sunflower', 'probability': 0.11210748553276062}]"
rose/15949087094_a8f565295c_m.jpg,2,rose,2,rose,"[{'class_name': 'rose', 'probability': 0.9682437181472778}, {'class_name': 'tulip', 'probability': 0.017204342409968376}, {'class_name': 'dandelion', 'probability': 0.008929410949349403}]"
rose/15978010566_5fa5905af1_n.jpg,2,rose,2,rose,"[{'class_name': 'rose', 'probability': 0.9733648300170898}, {'class_name': 'dandelion', 'probability': 0.014157087542116642}, {'class_name': 'tulip', 'probability': 0.0074427430517971516}]"
rose/15996816031_7f2fea25cb_n.jpg,2,rose,2,rose,"[{'class_name': 'rose', 'probability': 0.928803563117981}, {'class_name': 'tulip', 'probability': 0.022620759904384613}, {'class_name': 'sunflower', 'probability': 0.017825162038207054}]"
rose/16018886851_c32746cb72.jpg,2,rose,2,rose,"[{'class_name': 'rose', 'probability': 0.8869979381561279}, {'class_name': 'sunflower', 'probability': 0.07139725238084793}, {'class_name': 'tulip', 'probability': 0.01863548532128334}]"
rose/1645761726_2b1be95472.jpg,2,rose,2,rose,"[{'class_name': 'rose', 'probability': 0.8009054064750671}, {'class_name': 'daisy', 'probability': 0.10645164549350739}, {'class_name': 'tulip', 'probability': 0.08009473979473114}]"
rose/16545641666_2781e542a0_m.jpg,2,rose,2,rose,"[{'class_name': 'rose', 'probability': 0.8255212903022766}, {'class_name': 'tulip', 'probability': 0.10582658648490906}, {'class_name': 'dandelion', 'probability': 0.049209486693143845}]"
rose/1667199972_7ba7d999c1_m.jpg,2,rose,4,tulip,"[{'class_name': 'tulip', 'probability': 0.6392223834991455}, {'class_name': 'rose', 'probability': 0.25198236107826233}, {'class_name': 'sunflower', 'probability': 0.053257547318935394}]"
rose/17291451621_0e39f08b9e_n.jpg,2,rose,4,tulip,"[{'class_name': 'tulip', 'probability': 0.9879096746444702}, {'class_name': 'dandelion', 'probability': 0.006839483976364136}, {'class_name': 'daisy', 'probability': 0.0042107743211090565}]"
rose/1775233884_12ff5a124f.jpg,2,rose,2,rose,"[{'class_name': 'rose', 'probability': 0.983845591545105}, {'class_name': 'daisy', 'probability': 0.010060626082122326}, {'class_name': 'dandelion', 'probability': 0.004017917439341545}]"
rose/17869839663_1445f1efd0_n.jpg,2,rose,2,rose,"[{'class_name': 'rose', 'probability': 0.9879997372627258}, {'class_name': 'tulip', 'probability': 0.005780873820185661}, {'class_name': 'sunflower', 'probability': 0.0034492157865315676}]"
rose/1788484468_f73afa6c32_n.jpg,2,rose,2,rose,"[{'class_name': 'rose', 'probability': 0.4627123177051544}, {'class_name': 'tulip', 'probability': 0.4433489739894867}, {'class_name': 'dandelion', 'probability': 0.050529927015304565}]"
rose/180613732_3a7aba0b80_n.jpg,2,rose,4,tulip,"[{'class_name': 'tulip', 'probability': 0.5885454416275024}, {'class_name': 'rose', 'probability': 0.2700931131839752}, {'class_name': 'dandelion', 'probability': 0.0725952535867691}]"
rose/18464055536_709c8af0b7_n.jpg,2,rose,2,rose,"[{'class_name': 'rose', 'probability': 0.9177497625350952}, {'class_name': 'dandelion', 'probability': 0.04125392064452171}, {'class_name': 'sunflower', 'probability': 0.029012709856033325}]"
rose/18464084356_0d2d93f896_n.jpg,2,rose,2,rose,"[{'class_name': 'rose', 'probability': 0.7682356238365173}, {'class_name': 'sunflower', 'probability': 0.15975874662399292}, {'class_name': 'tulip', 'probability': 0.04605146870017052}]"
rose/18486151112_6f83e92223_n.jpg,2,rose,2,rose,"[{'class_name': 'rose', 'probability': 0.8577880859375}, {'class_name': 'dandelion', 'probability': 0.06504411995410919}, {'class_name': 'daisy', 'probability': 0.0421006977558136}]"
rose/19988406792_68201f76e3_n.jpg,2,rose,2,rose,"[{'class_name': 'rose', 'probability': 0.9683417677879333}, {'class_name': 'sunflower', 'probability': 0.012622910551726818}, {'class_name': 'daisy', 'probability': 0.012015053071081638}]"
rose/2053476785_c162a3e358.jpg,2,rose,2,rose,"[{'class_name': 'rose', 'probability': 0.8590517640113831}, {'class_name': 'tulip', 'probability': 0.10267926752567291}, {'class_name': 'daisy', 'probability': 0.025779414921998978}]"
rose/22506717337_0fd63e53e9.jpg,2,rose,2,rose,"[{'class_name': 'rose', 'probability': 0.8912432789802551}, {'class_name': 'tulip', 'probability': 0.0841573178768158}, {'class_name': 'dandelion', 'probability': 0.010559926740825176}]"
rose/2273917656_6d6c038283.jpg,2,rose,2,rose,"[{'class_name': 'rose', 'probability': 0.971996545791626}, {'class_name': 'tulip', 'probability': 0.0154326306656003}, {'class_name': 'sunflower', 'probability': 0.010472632944583893}]"
rose/2331651885_619653a5d3.jpg,2,rose,2,rose,"[{'class_name': 'rose', 'probability': 0.9774373769760132}, {'class_name': 'tulip', 'probability': 0.007782401517033577}, {'class_name': 'daisy', 'probability': 0.007057348731905222}]"
rose/2332478138_28f1d586e4_n.jpg,2,rose,2,rose,"[{'class_name': 'rose', 'probability': 0.9936094284057617}, {'class_name': 'dandelion', 'probability': 0.002276058541610837}, {'class_name': 'daisy', 'probability': 0.001947817043401301}]"
rose/26723815164_d03d4d69cb_n.jpg,2,rose,2,rose,"[{'class_name': 'rose', 'probability': 0.9008164405822754}, {'class_name': 'tulip', 'probability': 0.06656122207641602}, {'class_name': 'dandelion', 'probability': 0.011018087156116962}]"
rose/26811158051_8f264eea6b_n.jpg,2,rose,2,rose,"[{'class_name': 'rose', 'probability': 0.9611205458641052}, {'class_name': 'dandelion', 'probability': 0.016146881505846977}, {'class_name': 'tulip', 'probability': 0.011174276471138}]"
rose/2713683760_d98cd2a05b_m.jpg,2,rose,2,rose,"[{'class_name': 'rose', 'probability': 0.8259170055389404}, {'class_name': 'tulip', 'probability': 0.12791302800178528}, {'class_name': 'dandelion', 'probability': 0.034175001084804535}]"
rose/27619697563_228f5c4677_n.jpg,2,rose,2,rose,"[{'class_name': 'rose', 'probability': 0.9653899073600769}, {'class_name': 'daisy', 'probability': 0.013286079280078411}, {'class_name': 'tulip', 'probability': 0.00915511604398489}]"
rose/2850381271_d2f9a470b1_n.jpg,2,rose,2,rose,"[{'class_name': 'rose', 'probability': 0.5421358346939087}, {'class_name': 'tulip', 'probability': 0.4220586121082306}, {'class_name': 'daisy', 'probability': 0.015756940469145775}]"
rose/3026375835_a20ecdd140_m.jpg,2,rose,2,rose,"[{'class_name': 'rose', 'probability': 0.9854400753974915}, {'class_name': 'sunflower', 'probability': 0.009324523620307446}, {'class_name': 'dandelion', 'probability': 0.002285839058458805}]"
rose/326541992_d542103ca8_n.jpg,2,rose,2,rose,"[{'class_name': 'rose', 'probability': 0.8272531032562256}, {'class_name': 'dandelion', 'probability': 0.12969987094402313}, {'class_name': 'tulip', 'probability': 0.01901707425713539}]"
rose/3268459296_a7346c6b2c.jpg,2,rose,2,rose,"[{'class_name': 'rose', 'probability': 0.9961200952529907}, {'class_name': 'daisy', 'probability': 0.001662508468143642}, {'class_name': 'sunflower', 'probability': 0.0009950163075700402}]"
rose/3451177763_729a4d54af_n.jpg,2,rose,2,rose,"[{'class_name': 'rose', 'probability': 0.9825960397720337}, {'class_name': 'dandelion', 'probability': 0.010741972364485264}, {'class_name': 'sunflower', 'probability': 0.00492735905572772}]"
rose/3494252600_29f26e3ff0_n.jpg,2,rose,2,rose,"[{'class_name': 'rose', 'probability': 0.7866007089614868}, {'class_name': 'daisy', 'probability': 0.10747558623552322}, {'class_name': 'tulip', 'probability': 0.08814143389463425}]"
rose/3526860692_4c551191b1_m.jpg,2,rose,2,rose,"[{'class_name': 'rose', 'probability': 0.43203505873680115}, {'class_name': 'tulip', 'probability': 0.431223064661026}, {'class_name': 'dandelion', 'probability': 0.060089197009801865}]"
rose/3550491463_3eb092054c_m.jpg,2,rose,2,rose,"[{'class_name': 'rose', 'probability': 0.864501953125}, {'class_name': 'daisy', 'probability': 0.08879395574331284}, {'class_name': 'sunflower', 'probability': 0.025837820023298264}]"
rose/3576488381_611f3446e0_n.jpg,2,rose,2,rose,"[{'class_name': 'rose', 'probability': 0.9577741026878357}, {'class_name': 'tulip', 'probability': 0.025192424654960632}, {'class_name': 'sunflower', 'probability': 0.008307226002216339}]"
rose/3753920123_c7ebc18ee3.jpg,2,rose,2,rose,"[{'class_name': 'rose', 'probability': 0.9640527963638306}, {'class_name': 'sunflower', 'probability': 0.030872363597154617}, {'class_name': 'tulip', 'probability': 0.0023311129771173}]"
rose/394990940_7af082cf8d_n.jpg,2,rose,2,rose,"[{'class_name': 'rose', 'probability': 0.9753788113594055}, {'class_name': 'daisy', 'probability': 0.009819671511650085}, {'class_name': 'tulip', 'probability': 0.007241697050631046}]"
rose/410425647_4586667858.jpg,2,rose,2,rose,"[{'class_name': 'rose', 'probability': 0.9516463279724121}, {'class_name': 'dandelion', 'probability': 0.019781364127993584}, {'class_name': 'daisy', 'probability': 0.015751566737890244}]"
rose/4609166128_b7ed49b40b_m.jpg,2,rose,2,rose,"[{'class_name': 'rose', 'probability': 0.9170955419540405}, {'class_name': 'tulip', 'probability': 0.03421393781900406}, {'class_name': 'dandelion', 'probability': 0.023734621703624725}]"
rose/4609168052_3d4e1d3804_n.jpg,2,rose,2,rose,"[{'class_name': 'rose', 'probability': 0.7654476165771484}, {'class_name': 'tulip', 'probability': 0.18162932991981506}, {'class_name': 'dandelion', 'probability': 0.03402796387672424}]"
rose/483444865_65962cea07_m.jpg,2,rose,2,rose,"[{'class_name': 'rose', 'probability': 0.9659700989723206}, {'class_name': 'tulip', 'probability': 0.01637357659637928}, {'class_name': 'sunflower', 'probability': 0.014407035894691944}]"
rose/4900231976_f8ced2b42a_n.jpg,2,rose,2,rose,"[{'class_name': 'rose', 'probability': 0.9449182152748108}, {'class_name': 'daisy', 'probability': 0.023696117103099823}, {'class_name': 'dandelion', 'probability': 0.012464008294045925}]"
rose/4998708839_c53ee536a8_n.jpg,2,rose,2,rose,"[{'class_name': 'rose', 'probability': 0.884112536907196}, {'class_name': 'daisy', 'probability': 0.05087532848119736}, {'class_name': 'tulip', 'probability': 0.03801961988210678}]"
rose/5001846301_9380fbe900_n.jpg,2,rose,2,rose,"[{'class_name': 'rose', 'probability': 0.9606770277023315}, {'class_name': 'dandelion', 'probability': 0.02107979916036129}, {'class_name': 'daisy', 'probability': 0.009503557346761227}]"
rose/5001846495_56068de2da_n.jpg,2,rose,2,rose,"[{'class_name': 'rose', 'probability': 0.9447164535522461}, {'class_name': 'daisy', 'probability': 0.02312180958688259}, {'class_name': 'tulip', 'probability': 0.018201854079961777}]"
rose/5001852101_877cb2ae9b_n.jpg,2,rose,2,rose,"[{'class_name': 'rose', 'probability': 0.9713515043258667}, {'class_name': 'sunflower', 'probability': 0.013193683698773384}, {'class_name': 'dandelion', 'probability': 0.012025927193462849}]"
rose/5001855107_71351ce785_n.jpg,2,rose,2,rose,"[{'class_name': 'rose', 'probability': 0.7082173824310303}, {'class_name': 'daisy', 'probability': 0.14313039183616638}, {'class_name': 'tulip', 'probability': 0.06243724375963211}]"
rose/5002447916_8a7b7b689a_n.jpg,2,rose,2,rose,"[{'class_name': 'rose', 'probability': 0.929075300693512}, {'class_name': 'dandelion', 'probability': 0.03716728091239929}, {'class_name': 'tulip', 'probability': 0.017593931406736374}]"
rose/5002449706_647ffe5249_n.jpg,2,rose,2,rose,"[{'class_name': 'rose', 'probability': 0.9870049953460693}, {'class_name': 'dandelion', 'probability': 0.004656746983528137}, {'class_name': 'daisy', 'probability': 0.003831790294498205}]"
rose/5002454522_300a419273_n.jpg,2,rose,2,rose,"[{'class_name': 'rose', 'probability': 0.9326467514038086}, {'class_name': 'tulip', 'probability': 0.049300286918878555}, {'class_name': 'dandelion', 'probability': 0.012240367010235786}]"
rose/5002461124_dc5988bbc9_n.jpg,2,rose,2,rose,"[{'class_name': 'rose', 'probability': 0.9660711288452148}, {'class_name': 'tulip', 'probability': 0.013467472046613693}, {'class_name': 'daisy', 'probability': 0.009198949672281742}]"
rose/5060536705_b370a5c543_n.jpg,2,rose,2,rose,"[{'class_name': 'rose', 'probability': 0.9752179980278015}, {'class_name': 'tulip', 'probability': 0.010907444171607494}, {'class_name': 'dandelion', 'probability': 0.008927826769649982}]"
rose/515121050_dcb99890be.jpg,2,rose,4,tulip,"[{'class_name': 'tulip', 'probability': 0.5855047702789307}, {'class_name': 'rose', 'probability': 0.30903759598731995}, {'class_name': 'sunflower', 'probability': 0.0811801478266716}]"
rose/5156037859_1673720a11_m.jpg,2,rose,2,rose,"[{'class_name': 'rose', 'probability': 0.8590592741966248}, {'class_name': 'daisy', 'probability': 0.07108471542596817}, {'class_name': 'dandelion', 'probability': 0.03791571781039238}]"
rose/5172171681_5934378f08.jpg,2,rose,2,rose,"[{'class_name': 'rose', 'probability': 0.9612793326377869}, {'class_name': 'daisy', 'probability': 0.01438949629664421}, {'class_name': 'tulip', 'probability': 0.008579717949032784}]"
rose/5335937199_2c83d46a57_n.jpg,2,rose,2,rose,"[{'class_name': 'rose', 'probability': 0.8083182573318481}, {'class_name': 'tulip', 'probability': 0.16235709190368652}, {'class_name': 'dandelion', 'probability': 0.01851867325603962}]"
rose/5336546068_8fd643243c_n.jpg,2,rose,2,rose,"[{'class_name': 'rose', 'probability': 0.870943009853363}, {'class_name': 'dandelion', 'probability': 0.046037591993808746}, {'class_name': 'daisy', 'probability': 0.03846076503396034}]"
rose/5349248481_6445341842_n.jpg,2,rose,2,rose,"[{'class_name': 'rose', 'probability': 0.9610180258750916}, {'class_name': 'tulip', 'probability': 0.01407709065824747}, {'class_name': 'sunflower', 'probability': 0.011046280153095722}]"
rose/5349249547_5cde2db97c_n.jpg,2,rose,2,rose,"[{'class_name': 'rose', 'probability': 0.9454323053359985}, {'class_name': 'tulip', 'probability': 0.034636225551366806}, {'class_name': 'dandelion', 'probability': 0.008643639273941517}]"
rose/5349251139_92539c279a_n.jpg,2,rose,2,rose,"[{'class_name': 'rose', 'probability': 0.9929202198982239}, {'class_name': 'dandelion', 'probability': 0.004421649966388941}, {'class_name': 'sunflower', 'probability': 0.001359119894914329}]"
rose/5349860036_389d912fb7_n.jpg,2,rose,2,rose,"[{'class_name': 'rose', 'probability': 0.8569705486297607}, {'class_name': 'sunflower', 'probability': 0.06140128895640373}, {'class_name': 'dandelion', 'probability': 0.03712098300457001}]"
rose/5419629292_2f06e4b295.jpg,2,rose,2,rose,"[{'class_name': 'rose', 'probability': 0.9804352521896362}, {'class_name': 'daisy', 'probability': 0.007300153374671936}, {'class_name': 'dandelion', 'probability': 0.006914729252457619}]"
rose/5487945052_bcb8e9fc8b_m.jpg,2,rose,2,rose,"[{'class_name': 'rose', 'probability': 0.9624109864234924}, {'class_name': 'tulip', 'probability': 0.028057867661118507}, {'class_name': 'dandelion', 'probability': 0.006354483775794506}]"
rose/5602220566_5cdde8fa6c_n.jpg,2,rose,2,rose,"[{'class_name': 'rose', 'probability': 0.6455814838409424}, {'class_name': 'tulip', 'probability': 0.25378960371017456}, {'class_name': 'dandelion', 'probability': 0.06083884462714195}]"
rose/5693486585_cf64d87519_n.jpg,2,rose,2,rose,"[{'class_name': 'rose', 'probability': 0.9011660814285278}, {'class_name': 'tulip', 'probability': 0.05063218995928764}, {'class_name': 'daisy', 'probability': 0.033888377249240875}]"
rose/5961803532_9368212949_m.jpg,2,rose,2,rose,"[{'class_name': 'rose', 'probability': 0.7486599683761597}, {'class_name': 'daisy', 'probability': 0.11402415484189987}, {'class_name': 'tulip', 'probability': 0.08961878716945648}]"
rose/6108118824_5b0231a56d.jpg,2,rose,4,tulip,"[{'class_name': 'tulip', 'probability': 0.8401985764503479}, {'class_name': 'rose', 'probability': 0.12818428874015808}, {'class_name': 'sunflower', 'probability': 0.014676250517368317}]"
rose/6280787884_141cd7b382_n.jpg,2,rose,2,rose,"[{'class_name': 'rose', 'probability': 0.5928077697753906}, {'class_name': 'dandelion', 'probability': 0.22461096942424774}, {'class_name': 'tulip', 'probability': 0.10787945240736008}]"
rose/6309548569_932fee8313_m.jpg,2,rose,2,rose,"[{'class_name': 'rose', 'probability': 0.8221038579940796}, {'class_name': 'tulip', 'probability': 0.1449224203824997}, {'class_name': 'sunflower', 'probability': 0.018149234354496002}]"
rose/6347846687_3f0a7c3176.jpg,2,rose,2,rose,"[{'class_name': 'rose', 'probability': 0.8988587260246277}, {'class_name': 'daisy', 'probability': 0.05657888576388359}, {'class_name': 'dandelion', 'probability': 0.03174998611211777}]"
rose/6363951285_a802238d4e.jpg,2,rose,2,rose,"[{'class_name': 'rose', 'probability': 0.9024603366851807}, {'class_name': 'tulip', 'probability': 0.03989864140748978}, {'class_name': 'daisy', 'probability': 0.025694118812680244}]"
rose/6409000675_6eb6806e59.jpg,2,rose,2,rose,"[{'class_name': 'rose', 'probability': 0.9858894348144531}, {'class_name': 'daisy', 'probability': 0.005410266108810902}, {'class_name': 'tulip', 'probability': 0.0038420790806412697}]"
rose/6653567281_768a1fd160.jpg,2,rose,2,rose,"[{'class_name': 'rose', 'probability': 0.926842212677002}, {'class_name': 'tulip', 'probability': 0.03209015727043152}, {'class_name': 'dandelion', 'probability': 0.01975167915225029}]"
rose/685724528_6cd5cbe203.jpg,2,rose,2,rose,"[{'class_name': 'rose', 'probability': 0.9672191739082336}, {'class_name': 'dandelion', 'probability': 0.012222971767187119}, {'class_name': 'sunflower', 'probability': 0.009661962278187275}]"
rose/7211616670_2d49ecb3a5_m.jpg,2,rose,4,tulip,"[{'class_name': 'tulip', 'probability': 0.49527299404144287}, {'class_name': 'daisy', 'probability': 0.31028667092323303}, {'class_name': 'rose', 'probability': 0.13260939717292786}]"
rose/7302931078_30054c1970_n.jpg,2,rose,2,rose,"[{'class_name': 'rose', 'probability': 0.9282053112983704}, {'class_name': 'tulip', 'probability': 0.048750244081020355}, {'class_name': 'sunflower', 'probability': 0.01002943143248558}]"
rose/7316409504_7cf3707f8a_m.jpg,2,rose,2,rose,"[{'class_name': 'rose', 'probability': 0.5212870240211487}, {'class_name': 'tulip', 'probability': 0.4356338679790497}, {'class_name': 'sunflower', 'probability': 0.020309213548898697}]"
rose/7345657862_689366e79a.jpg,2,rose,2,rose,"[{'class_name': 'rose', 'probability': 0.7539054155349731}, {'class_name': 'tulip', 'probability': 0.2145695835351944}, {'class_name': 'sunflower', 'probability': 0.015757128596305847}]"
rose/7419966772_d6c1c22a81.jpg,2,rose,2,rose,"[{'class_name': 'rose', 'probability': 0.882893979549408}, {'class_name': 'tulip', 'probability': 0.08864574879407883}, {'class_name': 'sunflower', 'probability': 0.018083471804857254}]"
rose/7456196908_d34b9b76c4_n.jpg,2,rose,2,rose,"[{'class_name': 'rose', 'probability': 0.9589715003967285}, {'class_name': 'tulip', 'probability': 0.025944260880351067}, {'class_name': 'daisy', 'probability': 0.007558275945484638}]"
rose/7461898754_9032a38963_n.jpg,2,rose,2,rose,"[{'class_name': 'rose', 'probability': 0.9857745170593262}, {'class_name': 'tulip', 'probability': 0.007874054834246635}, {'class_name': 'dandelion', 'probability': 0.0034875040873885155}]"
rose/7474125638_332be2863e_n.jpg,2,rose,2,rose,"[{'class_name': 'rose', 'probability': 0.9170656800270081}, {'class_name': 'tulip', 'probability': 0.052247822284698486}, {'class_name': 'daisy', 'probability': 0.025108052417635918}]"
rose/7474126248_889a026929_n.jpg,2,rose,2,rose,"[{'class_name': 'rose', 'probability': 0.6034733653068542}, {'class_name': 'tulip', 'probability': 0.20165087282657623}, {'class_name': 'daisy', 'probability': 0.18826596438884735}]"
rose/7474126688_5f888ace5b_n.jpg,2,rose,2,rose,"[{'class_name': 'rose', 'probability': 0.8895739912986755}, {'class_name': 'daisy', 'probability': 0.046647995710372925}, {'class_name': 'dandelion', 'probability': 0.031103918328881264}]"
rose/7481119492_a0016cb059_n.jpg,2,rose,2,rose,"[{'class_name': 'rose', 'probability': 0.9554492831230164}, {'class_name': 'tulip', 'probability': 0.02333492785692215}, {'class_name': 'daisy', 'probability': 0.012583169154822826}]"
rose/8060338380_eb6c806624_n.jpg,2,rose,2,rose,"[{'class_name': 'rose', 'probability': 0.9279224276542664}, {'class_name': 'sunflower', 'probability': 0.03146888688206673}, {'class_name': 'dandelion', 'probability': 0.016477545723319054}]"
rose/8063462557_e0a8bd6c64_n.jpg,2,rose,2,rose,"[{'class_name': 'rose', 'probability': 0.8936257362365723}, {'class_name': 'dandelion', 'probability': 0.060779325664043427}, {'class_name': 'tulip', 'probability': 0.029563158750534058}]"
rose/8181940917_1ac63937d5_n.jpg,2,rose,2,rose,"[{'class_name': 'rose', 'probability': 0.9920023679733276}, {'class_name': 'sunflower', 'probability': 0.0032707538921386003}, {'class_name': 'daisy', 'probability': 0.0028614969924092293}]"
rose/8241471746_5d81fdd3c0_n.jpg,2,rose,2,rose,"[{'class_name': 'rose', 'probability': 0.9857763648033142}, {'class_name': 'sunflower', 'probability': 0.00505443848669529}, {'class_name': 'tulip', 'probability': 0.005033676512539387}]"
rose/8516036987_8a06dfe1b5_n.jpg,2,rose,2,rose,"[{'class_name': 'rose', 'probability': 0.9896295666694641}, {'class_name': 'tulip', 'probability': 0.005488266237080097}, {'class_name': 'dandelion', 'probability': 0.0025374856777489185}]"
rose/8667101118_87ea757b15.jpg,2,rose,2,rose,"[{'class_name': 'rose', 'probability': 0.9836401343345642}, {'class_name': 'dandelion', 'probability': 0.011625020764768124}, {'class_name': 'sunflower', 'probability': 0.00221606669947505}]"
rose/8671682526_7058143c99.jpg,2,rose,2,rose,"[{'class_name': 'rose', 'probability': 0.9693135619163513}, {'class_name': 'tulip', 'probability': 0.009383581578731537}, {'class_name': 'dandelion', 'probability': 0.008722390979528427}]"
rose/8692051081_dffa8709e7_m.jpg,2,rose,2,rose,"[{'class_name': 'rose', 'probability': 0.9093533158302307}, {'class_name': 'tulip', 'probability': 0.06194203346967697}, {'class_name': 'sunflower', 'probability': 0.013220959343016148}]"
rose/8747396730_966149e6fe_n.jpg,2,rose,2,rose,"[{'class_name': 'rose', 'probability': 0.9872249960899353}, {'class_name': 'sunflower', 'probability': 0.004258695058524609}, {'class_name': 'tulip', 'probability': 0.0039942883886396885}]"
rose/8926641787_d2515dfe8f_m.jpg,2,rose,2,rose,"[{'class_name': 'rose', 'probability': 0.994988203048706}, {'class_name': 'sunflower', 'probability': 0.0020226403139531612}, {'class_name': 'tulip', 'probability': 0.0012945083435624838}]"
rose/9167147034_0a66ee3616_n.jpg,2,rose,2,rose,"[{'class_name': 'rose', 'probability': 0.7382179498672485}, {'class_name': 'daisy', 'probability': 0.12106048315763474}, {'class_name': 'tulip', 'probability': 0.0994802713394165}]"
rose/921138131_9e1393eb2b_m.jpg,2,rose,2,rose,"[{'class_name': 'rose', 'probability': 0.7189310193061829}, {'class_name': 'tulip', 'probability': 0.14493051171302795}, {'class_name': 'daisy', 'probability': 0.09829093515872955}]"
rose/9216323421_f737c1d50e.jpg,2,rose,2,rose,"[{'class_name': 'rose', 'probability': 0.8121903538703918}, {'class_name': 'daisy', 'probability': 0.0835244208574295}, {'class_name': 'dandelion', 'probability': 0.04922110587358475}]"
rose/9300754115_dd79670066_n.jpg,2,rose,2,rose,"[{'class_name': 'rose', 'probability': 0.86380934715271}, {'class_name': 'tulip', 'probability': 0.09326182305812836}, {'class_name': 'dandelion', 'probability': 0.019619658589363098}]"
rose/9320934277_4fb95aef5d_n.jpg,2,rose,2,rose,"[{'class_name': 'rose', 'probability': 0.979915976524353}, {'class_name': 'daisy', 'probability': 0.012585070915520191}, {'class_name': 'tulip', 'probability': 0.0030329828150570393}]"
rose/9369421752_db1ab2a6a4_m.jpg,2,rose,2,rose,"[{'class_name': 'rose', 'probability': 0.4840751588344574}, {'class_name': 'tulip', 'probability': 0.3392399549484253}, {'class_name': 'dandelion', 'probability': 0.09030836820602417}]"
rose/9633056561_6f1b7e8faf_m.jpg,2,rose,2,rose,"[{'class_name': 'rose', 'probability': 0.45870786905288696}, {'class_name': 'tulip', 'probability': 0.45236924290657043}, {'class_name': 'sunflower', 'probability': 0.05321241170167923}]"
sunflower/1008566138_6927679c8a.jpg,3,sunflower,3,sunflower,"[{'class_name': 'sunflower', 'probability': 0.9874402284622192}, {'class_name': 'daisy', 'probability': 0.005804354324936867}, {'class_name': 'dandelion', 'probability': 0.0042228102684021}]"
sunflower/10386702973_e74a34c806_n.jpg,3,sunflower,3,sunflower,"[{'class_name': 'sunflower', 'probability': 0.9893093109130859}, {'class_name': 'tulip', 'probability': 0.004041810519993305}, {'class_name': 'daisy', 'probability': 0.003415278857573867}]"
sunflower/1043442695_4556c4c13d_n.jpg,3,sunflower,3,sunflower,"[{'class_name': 'sunflower', 'probability': 0.922114372253418}, {'class_name': 'daisy', 'probability': 0.04114656522870064}, {'class_name': 'rose', 'probability': 0.01719772070646286}]"
sunflower/1240624822_4111dde542.jpg,3,sunflower,3,sunflower,"[{'class_name': 'sunflower', 'probability': 0.9274084568023682}, {'class_name': 'dandelion', 'probability': 0.05249939486384392}, {'class_name': 'daisy', 'probability': 0.007882419042289257}]"
sunflower/1240626292_52cd5d7fb1_m.jpg,3,sunflower,4,tulip,"[{'class_name': 'tulip', 'probability': 0.5255626440048218}, {'class_name': 'dandelion', 'probability': 0.2864688038825989}, {'class_name': 'sunflower', 'probability': 0.12634924054145813}]"
sunflower/12471290635_1f9e3aae16_n.jpg,3,sunflower,3,sunflower,"[{'class_name': 'sunflower', 'probability': 0.9487200975418091}, {'class_name': 'daisy', 'probability': 0.031223535537719727}, {'class_name': 'dandelion', 'probability': 0.012141706421971321}]"
sunflower/12471443383_b71e7a7480_m.jpg,3,sunflower,3,sunflower,"[{'class_name': 'sunflower', 'probability': 0.9404510259628296}, {'class_name': 'daisy', 'probability': 0.030906233936548233}, {'class_name': 'tulip', 'probability': 0.01571088656783104}]"
sunflower/1379256773_bb2eb0d95b_n.jpg,3,sunflower,3,sunflower,"[{'class_name': 'sunflower', 'probability': 0.9860948324203491}, {'class_name': 'rose', 'probability': 0.0044843098148703575}, {'class_name': 'tulip', 'probability': 0.004123639315366745}]"
sunflower/1419608016_707b887337_n.jpg,3,sunflower,3,sunflower,"[{'class_name': 'sunflower', 'probability': 0.9880470037460327}, {'class_name': 'tulip', 'probability': 0.007301402278244495}, {'class_name': 'rose', 'probability': 0.0021455881651490927}]"
sunflower/14266917699_91b207888e.jpg,3,sunflower,3,sunflower,"[{'class_name': 'sunflower', 'probability': 0.9246603846549988}, {'class_name': 'tulip', 'probability': 0.07123547792434692}, {'class_name': 'dandelion', 'probability': 0.0016324976459145546}]"
sunflower/14460075029_5cd715bb72_m.jpg,3,sunflower,3,sunflower,"[{'class_name': 'sunflower', 'probability': 0.9577270746231079}, {'class_name': 'rose', 'probability': 0.02017797902226448}, {'class_name': 'dandelion', 'probability': 0.008859279565513134}]"
sunflower/14623719696_1bb7970208_n.jpg,3,sunflower,3,sunflower,"[{'class_name': 'sunflower', 'probability': 0.9694967269897461}, {'class_name': 'tulip', 'probability': 0.019363414496183395}, {'class_name': 'rose', 'probability': 0.004824285861104727}]"
sunflower/14646280372_dd50be16e4_n.jpg,3,sunflower,3,sunflower,"[{'class_name': 'sunflower', 'probability': 0.9428533911705017}, {'class_name': 'dandelion', 'probability': 0.02635047398507595}, {'class_name': 'tulip', 'probability': 0.015127909369766712}]"
sunflower/14741813010_5d44e33088_n.jpg,3,sunflower,3,sunflower,"[{'class_name': 'sunflower', 'probability': 0.9296080470085144}, {'class_name': 'dandelion', 'probability': 0.03742231801152229}, {'class_name': 'rose', 'probability': 0.02630121447145939}]"
sunflower/14741907467_fab96f3b2b_n.jpg,3,sunflower,3,sunflower,"[{'class_name': 'sunflower', 'probability': 0.9480546116828918}, {'class_name': 'rose', 'probability': 0.028020117431879044}, {'class_name': 'dandelion', 'probability': 0.015319674275815487}]"
sunflower/14889779907_3d401bbac7_m.jpg,3,sunflower,3,sunflower,"[{'class_name': 'sunflower', 'probability': 0.7604334950447083}, {'class_name': 'daisy', 'probability': 0.13008154928684235}, {'class_name': 'tulip', 'probability': 0.07672347128391266}]"
sunflower/15043962658_dcf9dff5e9_n.jpg,3,sunflower,3,sunflower,"[{'class_name': 'sunflower', 'probability': 0.9179641604423523}, {'class_name': 'daisy', 'probability': 0.04656500741839409}, {'class_name': 'rose', 'probability': 0.01736444979906082}]"
sunflower/15118243470_7e0a7f159c_n.jpg,3,sunflower,3,sunflower,"[{'class_name': 'sunflower', 'probability': 0.9568497538566589}, {'class_name': 'daisy', 'probability': 0.018006663769483566}, {'class_name': 'tulip', 'probability': 0.012455849908292294}]"
sunflower/15218421476_9d5f38e732_m.jpg,3,sunflower,3,sunflower,"[{'class_name': 'sunflower', 'probability': 0.9841164946556091}, {'class_name': 'rose', 'probability': 0.005573328584432602}, {'class_name': 'daisy', 'probability': 0.005181430839002132}]"
sunflower/15243175532_ac28c48e14_m.jpg,3,sunflower,3,sunflower,"[{'class_name': 'sunflower', 'probability': 0.9744915962219238}, {'class_name': 'tulip', 'probability': 0.01023225300014019}, {'class_name': 'dandelion', 'probability': 0.007615771610289812}]"
sunflower/15266715291_dfa3f1d49f_n.jpg,3,sunflower,3,sunflower,"[{'class_name': 'sunflower', 'probability': 0.9378288388252258}, {'class_name': 'dandelion', 'probability': 0.054307013750076294}, {'class_name': 'daisy', 'probability': 0.003741357708349824}]"
sunflower/15460162172_014bcce403.jpg,3,sunflower,3,sunflower,"[{'class_name': 'sunflower', 'probability': 0.9846054315567017}, {'class_name': 'daisy', 'probability': 0.011787943542003632}, {'class_name': 'rose', 'probability': 0.0014828532002866268}]"
sunflower/15495578821_92c6d14252_n.jpg,3,sunflower,3,sunflower,"[{'class_name': 'sunflower', 'probability': 0.9690017104148865}, {'class_name': 'tulip', 'probability': 0.018128324300050735}, {'class_name': 'dandelion', 'probability': 0.007186793256551027}]"
sunflower/16975010069_7afd290657_m.jpg,3,sunflower,3,sunflower,"[{'class_name': 'sunflower', 'probability': 0.8334357142448425}, {'class_name': 'tulip', 'probability': 0.11407173424959183}, {'class_name': 'daisy', 'probability': 0.023865321651101112}]"
sunflower/18237215308_a158d49f28_n.jpg,3,sunflower,3,sunflower,"[{'class_name': 'sunflower', 'probability': 0.8803086280822754}, {'class_name': 'daisy', 'probability': 0.07620859891176224}, {'class_name': 'tulip', 'probability': 0.023461075499653816}]"
sunflower/18828277053_1493158b28.jpg,3,sunflower,3,sunflower,"[{'class_name': 'sunflower', 'probability': 0.9344509243965149}, {'class_name': 'dandelion', 'probability': 0.027647925540804863}, {'class_name': 'daisy', 'probability': 0.02004580944776535}]"
sunflower/19359539074_d7e32e6616_n.jpg,3,sunflower,3,sunflower,"[{'class_name': 'sunflower', 'probability': 0.9775786399841309}, {'class_name': 'daisy', 'probability': 0.012240102514624596}, {'class_name': 'rose', 'probability': 0.007097173016518354}]"
sunflower/193878348_43571127b9_n.jpg,3,sunflower,3,sunflower,"[{'class_name': 'sunflower', 'probability': 0.9384950995445251}, {'class_name': 'tulip', 'probability': 0.023539874702692032}, {'class_name': 'daisy', 'probability': 0.018470702692866325}]"
sunflower/19442589512_e733cfea0f.jpg,3,sunflower,3,sunflower,"[{'class_name': 'sunflower', 'probability': 0.9662860035896301}, {'class_name': 'rose', 'probability': 0.016025656834244728}, {'class_name': 'dandelion', 'probability': 0.009035536088049412}]"
sunflower/19504937128_a4ae90fcbd_m.jpg,3,sunflower,3,sunflower,"[{'class_name': 'sunflower', 'probability': 0.9430111050605774}, {'class_name': 'dandelion', 'probability': 0.03392964228987694}, {'class_name': 'daisy', 'probability': 0.01580970175564289}]"
sunflower/19508264965_d1dfb565ea_n.jpg,3,sunflower,3,sunflower,"[{'class_name': 'sunflower', 'probability': 0.9902453422546387}, {'class_name': 'rose', 'probability': 0.007008286193013191}, {'class_name': 'daisy', 'probability': 0.0012996409786865115}]"
sunflower/19756232959_17cde3b9f0_m.jpg,3,sunflower,3,sunflower,"[{'class_name': 'sunflower', 'probability': 0.902789294719696}, {'class_name': 'tulip', 'probability': 0.066150963306427}, {'class_name': 'dandelion', 'probability': 0.01533137634396553}]"
sunflower/20481273479_d459834a3e_n.jpg,3,sunflower,3,sunflower,"[{'class_name': 'sunflower', 'probability': 0.9319372773170471}, {'class_name': 'dandelion', 'probability': 0.052579764276742935}, {'class_name': 'daisy', 'probability': 0.008059504441916943}]"
sunflower/20704967595_a9c9b8d431.jpg,3,sunflower,3,sunflower,"[{'class_name': 'sunflower', 'probability': 0.9960732460021973}, {'class_name': 'tulip', 'probability': 0.0024223236832767725}, {'class_name': 'dandelion', 'probability': 0.000691269407980144}]"
sunflower/20871601265_daa4be4291_n.jpg,3,sunflower,3,sunflower,"[{'class_name': 'sunflower', 'probability': 0.9928627610206604}, {'class_name': 'dandelion', 'probability': 0.004723371006548405}, {'class_name': 'tulip', 'probability': 0.0009260682272724807}]"
sunflower/20972866151_e6a928b00a.jpg,3,sunflower,3,sunflower,"[{'class_name': 'sunflower', 'probability': 0.9641889929771423}, {'class_name': 'dandelion', 'probability': 0.02088840678334236}, {'class_name': 'tulip', 'probability': 0.009237676858901978}]"
sunflower/22429946721_e17a12cb39_n.jpg,3,sunflower,3,sunflower,"[{'class_name': 'sunflower', 'probability': 0.9942832589149475}, {'class_name': 'daisy', 'probability': 0.002258119871839881}, {'class_name': 'tulip', 'probability': 0.0014757906319573522}]"
sunflower/2307673262_e1e1aefd29.jpg,3,sunflower,4,tulip,"[{'class_name': 'tulip', 'probability': 0.7910733222961426}, {'class_name': 'rose', 'probability': 0.06247269734740257}, {'class_name': 'daisy', 'probability': 0.06150706857442856}]"
sunflower/235651658_a7b3e7cbdd.jpg,3,sunflower,3,sunflower,"[{'class_name': 'sunflower', 'probability': 0.9799503087997437}, {'class_name': 'daisy', 'probability': 0.008313379250466824}, {'class_name': 'tulip', 'probability': 0.005311852786689997}]"
sunflower/2443921986_d4582c123a.jpg,3,sunflower,3,sunflower,"[{'class_name': 'sunflower', 'probability': 0.9382396340370178}, {'class_name': 'daisy', 'probability': 0.024895312264561653}, {'class_name': 'rose', 'probability': 0.01735110394656658}]"
sunflower/24459750_eb49f6e4cb_m.jpg,3,sunflower,3,sunflower,"[{'class_name': 'sunflower', 'probability': 0.9136175513267517}, {'class_name': 'daisy', 'probability': 0.04759310930967331}, {'class_name': 'tulip', 'probability': 0.017387324944138527}]"
sunflower/253586685_ee5b5f5232.jpg,3,sunflower,3,sunflower,"[{'class_name': 'sunflower', 'probability': 0.9898179173469543}, {'class_name': 'rose', 'probability': 0.004468672443181276}, {'class_name': 'dandelion', 'probability': 0.002513293642550707}]"
sunflower/26254755_1bfc494ef1_n.jpg,3,sunflower,3,sunflower,"[{'class_name': 'sunflower', 'probability': 0.8809019327163696}, {'class_name': 'tulip', 'probability': 0.08705759793519974}, {'class_name': 'daisy', 'probability': 0.01718229427933693}]"
sunflower/2678588376_6ca64a4a54_n.jpg,3,sunflower,3,sunflower,"[{'class_name': 'sunflower', 'probability': 0.9880445599555969}, {'class_name': 'dandelion', 'probability': 0.0049189189448952675}, {'class_name': 'tulip', 'probability': 0.003962541464716196}]"
sunflower/2706736074_b0fba20b3e.jpg,3,sunflower,3,sunflower,"[{'class_name': 'sunflower', 'probability': 0.9758704900741577}, {'class_name': 'tulip', 'probability': 0.008935268968343735}, {'class_name': 'daisy', 'probability': 0.00707427691668272}]"
sunflower/2767658405_1e2043f44c_n.jpg,3,sunflower,3,sunflower,"[{'class_name': 'sunflower', 'probability': 0.8734073638916016}, {'class_name': 'tulip', 'probability': 0.06629455834627151}, {'class_name': 'dandelion', 'probability': 0.032827187329530716}]"
sunflower/2807106374_f422b5f00c.jpg,3,sunflower,4,tulip,"[{'class_name': 'tulip', 'probability': 0.5898234248161316}, {'class_name': 'sunflower', 'probability': 0.19631324708461761}, {'class_name': 'dandelion', 'probability': 0.10774696618318558}]"
sunflower/2883115621_4837267ea1_m.jpg,3,sunflower,3,sunflower,"[{'class_name': 'sunflower', 'probability': 0.8735376000404358}, {'class_name': 'dandelion', 'probability': 0.07736564427614212}, {'class_name': 'rose', 'probability': 0.02039036527276039}]"
sunflower/2895404754_6d9f9416d7_n.jpg,3,sunflower,3,sunflower,"[{'class_name': 'sunflower', 'probability': 0.967373788356781}, {'class_name': 'tulip', 'probability': 0.013536992482841015}, {'class_name': 'dandelion', 'probability': 0.00966272410005331}]"
sunflower/29744655960_c0868b43da_n.jpg,3,sunflower,3,sunflower,"[{'class_name': 'sunflower', 'probability': 0.9782965183258057}, {'class_name': 'daisy', 'probability': 0.008490140549838543}, {'class_name': 'rose', 'probability': 0.007047499995678663}]"
sunflower/3840761441_7c648abf4d_n.jpg,3,sunflower,3,sunflower,"[{'class_name': 'sunflower', 'probability': 0.976259708404541}, {'class_name': 'daisy', 'probability': 0.01333633717149496}, {'class_name': 'rose', 'probability': 0.007588738109916449}]"
sunflower/3912497870_a2f91c3a65_n.jpg,3,sunflower,3,sunflower,"[{'class_name': 'sunflower', 'probability': 0.8712123036384583}, {'class_name': 'dandelion', 'probability': 0.10678979754447937}, {'class_name': 'tulip', 'probability': 0.013058348558843136}]"
sunflower/3946535709_78613461cb_n.jpg,3,sunflower,0,daisy,"[{'class_name': 'daisy', 'probability': 0.7283216714859009}, {'class_name': 'sunflower', 'probability': 0.24918310344219208}, {'class_name': 'rose', 'probability': 0.011391459964215755}]"
sunflower/40410814_fba3837226_n.jpg,3,sunflower,3,sunflower,"[{'class_name': 'sunflower', 'probability': 0.978536069393158}, {'class_name': 'rose', 'probability': 0.009543816559016705}, {'class_name': 'dandelion', 'probability': 0.006209522020071745}]"
sunflower/40411019_526f3fc8d9_m.jpg,3,sunflower,3,sunflower,"[{'class_name': 'sunflower', 'probability': 0.9480130076408386}, {'class_name': 'dandelion', 'probability': 0.04209238290786743}, {'class_name': 'daisy', 'probability': 0.0049657151103019714}]"
sunflower/40411100_7fbe10ec0f_n.jpg,3,sunflower,3,sunflower,"[{'class_name': 'sunflower', 'probability': 0.9782738089561462}, {'class_name': 'daisy', 'probability': 0.015132681466639042}, {'class_name': 'tulip', 'probability': 0.004131140653043985}]"
sunflower/4080112931_cb20b3d51a_n.jpg,3,sunflower,3,sunflower,"[{'class_name': 'sunflower', 'probability': 0.7799431681632996}, {'class_name': 'tulip', 'probability': 0.06666531413793564}, {'class_name': 'rose', 'probability': 0.058694712817668915}]"
sunflower/4235259239_21f2eb4f2e.jpg,3,sunflower,3,sunflower,"[{'class_name': 'sunflower', 'probability': 0.9712302684783936}, {'class_name': 'rose', 'probability': 0.01897371932864189}, {'class_name': 'daisy', 'probability': 0.004993818234652281}]"
sunflower/45045003_30bbd0a142_m.jpg,3,sunflower,3,sunflower,"[{'class_name': 'sunflower', 'probability': 0.9840534329414368}, {'class_name': 'dandelion', 'probability': 0.007843556813895702}, {'class_name': 'rose', 'probability': 0.003014142159372568}]"
sunflower/4626721387_88f89d5cc9_n.jpg,3,sunflower,3,sunflower,"[{'class_name': 'sunflower', 'probability': 0.9819751381874084}, {'class_name': 'dandelion', 'probability': 0.009550333023071289}, {'class_name': 'rose', 'probability': 0.00355285732075572}]"
sunflower/4664737020_b4c61aacd3_n.jpg,3,sunflower,3,sunflower,"[{'class_name': 'sunflower', 'probability': 0.9419761896133423}, {'class_name': 'dandelion', 'probability': 0.02782977744936943}, {'class_name': 'daisy', 'probability': 0.013052700087428093}]"
sunflower/4689061249_6498da5013.jpg,3,sunflower,3,sunflower,"[{'class_name': 'sunflower', 'probability': 0.9918278455734253}, {'class_name': 'tulip', 'probability': 0.004063341300934553}, {'class_name': 'dandelion', 'probability': 0.0031721254345029593}]"
sunflower/4818994715_9d90527d18_n.jpg,3,sunflower,3,sunflower,"[{'class_name': 'sunflower', 'probability': 0.9466953873634338}, {'class_name': 'tulip', 'probability': 0.034001294523477554}, {'class_name': 'rose', 'probability': 0.00854535773396492}]"
sunflower/4847062576_bae870479c_n.jpg,3,sunflower,1,dandelion,"[{'class_name': 'dandelion', 'probability': 0.5502110123634338}, {'class_name': 'sunflower', 'probability': 0.3520568311214447}, {'class_name': 'rose', 'probability': 0.04959158971905708}]"
sunflower/4895718876_0246882882_n.jpg,3,sunflower,3,sunflower,"[{'class_name': 'sunflower', 'probability': 0.9886453151702881}, {'class_name': 'daisy', 'probability': 0.005037430673837662}, {'class_name': 'rose', 'probability': 0.0035131853073835373}]"
sunflower/4940287066_385afd9c18_m.jpg,3,sunflower,3,sunflower,"[{'class_name': 'sunflower', 'probability': 0.9734362363815308}, {'class_name': 'rose', 'probability': 0.015765177085995674}, {'class_name': 'dandelion', 'probability': 0.007676683831959963}]"
sunflower/5015462205_440898fe41_n.jpg,3,sunflower,3,sunflower,"[{'class_name': 'sunflower', 'probability': 0.9864361882209778}, {'class_name': 'rose', 'probability': 0.005230852402746677}, {'class_name': 'daisy', 'probability': 0.003530520712956786}]"
sunflower/5018120483_cc0421b176_m.jpg,3,sunflower,3,sunflower,"[{'class_name': 'sunflower', 'probability': 0.9565610289573669}, {'class_name': 'dandelion', 'probability': 0.023953218013048172}, {'class_name': 'daisy', 'probability': 0.009527590125799179}]"
sunflower/5020805135_1219d7523d.jpg,3,sunflower,3,sunflower,"[{'class_name': 'sunflower', 'probability': 0.9651054739952087}, {'class_name': 'dandelion', 'probability': 0.013054159469902515}, {'class_name': 'daisy', 'probability': 0.010432700626552105}]"
sunflower/5115925320_ed9ca5b2d1_n.jpg,3,sunflower,3,sunflower,"[{'class_name': 'sunflower', 'probability': 0.976732075214386}, {'class_name': 'tulip', 'probability': 0.009039158932864666}, {'class_name': 'rose', 'probability': 0.00818269606679678}]"
sunflower/5180861654_0741222c62_n.jpg,3,sunflower,3,sunflower,"[{'class_name': 'sunflower', 'probability': 0.9761911630630493}, {'class_name': 'daisy', 'probability': 0.011034805327653885}, {'class_name': 'dandelion', 'probability': 0.007160005159676075}]"
sunflower/5933438337_b26a81ea81_n.jpg,3,sunflower,3,sunflower,"[{'class_name': 'sunflower', 'probability': 0.9846712350845337}, {'class_name': 'dandelion', 'probability': 0.008594727143645287}, {'class_name': 'daisy', 'probability': 0.003286623628810048}]"
sunflower/5955500463_6c08cb199e.jpg,3,sunflower,3,sunflower,"[{'class_name': 'sunflower', 'probability': 0.9395771622657776}, {'class_name': 'rose', 'probability': 0.022399447858333588}, {'class_name': 'dandelion', 'probability': 0.02076984941959381}]"
sunflower/5955501969_e42f038a6f_n.jpg,3,sunflower,3,sunflower,"[{'class_name': 'sunflower', 'probability': 0.9207118153572083}, {'class_name': 'dandelion', 'probability': 0.030531568452715874}, {'class_name': 'rose', 'probability': 0.03041362389922142}]"
sunflower/5956627065_075880a1cc_n.jpg,3,sunflower,3,sunflower,"[{'class_name': 'sunflower', 'probability': 0.9761897921562195}, {'class_name': 'tulip', 'probability': 0.014937490224838257}, {'class_name': 'daisy', 'probability': 0.0038413319271057844}]"
sunflower/5956627147_4d51393479_n.jpg,3,sunflower,3,sunflower,"[{'class_name': 'sunflower', 'probability': 0.9222356081008911}, {'class_name': 'rose', 'probability': 0.04305404797196388}, {'class_name': 'tulip', 'probability': 0.023739280179142952}]"
sunflower/5967284308_85714d8cf7_m.jpg,3,sunflower,3,sunflower,"[{'class_name': 'sunflower', 'probability': 0.8560830354690552}, {'class_name': 'dandelion', 'probability': 0.09116072952747345}, {'class_name': 'tulip', 'probability': 0.029777808114886284}]"
sunflower/5970301989_fe3a68aac8_m.jpg,3,sunflower,3,sunflower,"[{'class_name': 'sunflower', 'probability': 0.964352011680603}, {'class_name': 'tulip', 'probability': 0.026435179635882378}, {'class_name': 'daisy', 'probability': 0.0037454511038959026}]"
sunflower/5994569021_749d5e2da3_n.jpg,3,sunflower,3,sunflower,"[{'class_name': 'sunflower', 'probability': 0.9868130683898926}, {'class_name': 'daisy', 'probability': 0.00738865789026022}, {'class_name': 'rose', 'probability': 0.002459540031850338}]"
sunflower/6140808687_88df0fd733.jpg,3,sunflower,3,sunflower,"[{'class_name': 'sunflower', 'probability': 0.9272080659866333}, {'class_name': 'daisy', 'probability': 0.025127064436674118}, {'class_name': 'dandelion', 'probability': 0.022970514371991158}]"
sunflower/6199086734_b7ddc65816_m.jpg,3,sunflower,3,sunflower,"[{'class_name': 'sunflower', 'probability': 0.9910717606544495}, {'class_name': 'rose', 'probability': 0.004409687127918005}, {'class_name': 'dandelion', 'probability': 0.001834463095292449}]"
sunflower/6204049536_1ac4f09232_n.jpg,3,sunflower,3,sunflower,"[{'class_name': 'sunflower', 'probability': 0.9583882093429565}, {'class_name': 'dandelion', 'probability': 0.016607873141765594}, {'class_name': 'daisy', 'probability': 0.012170307338237762}]"
sunflower/6250692311_cb60c85ee9_n.jpg,3,sunflower,3,sunflower,"[{'class_name': 'sunflower', 'probability': 0.97395259141922}, {'class_name': 'rose', 'probability': 0.010467876680195332}, {'class_name': 'tulip', 'probability': 0.007575578521937132}]"
sunflower/6606749757_b98a4ba403.jpg,3,sunflower,3,sunflower,"[{'class_name': 'sunflower', 'probability': 0.9422319531440735}, {'class_name': 'tulip', 'probability': 0.032831910997629166}, {'class_name': 'rose', 'probability': 0.00937836803495884}]"
sunflower/6606820461_952c450f90_n.jpg,3,sunflower,3,sunflower,"[{'class_name': 'sunflower', 'probability': 0.9664449691772461}, {'class_name': 'rose', 'probability': 0.014863993972539902}, {'class_name': 'tulip', 'probability': 0.00962996669113636}]"
sunflower/678714585_addc9aaaef.jpg,3,sunflower,3,sunflower,"[{'class_name': 'sunflower', 'probability': 0.9908943176269531}, {'class_name': 'daisy', 'probability': 0.004745947662740946}, {'class_name': 'rose', 'probability': 0.0028157196938991547}]"
sunflower/6866250080_ae80df0cd5_m.jpg,3,sunflower,3,sunflower,"[{'class_name': 'sunflower', 'probability': 0.953960120677948}, {'class_name': 'dandelion', 'probability': 0.018269745633006096}, {'class_name': 'tulip', 'probability': 0.011239656247198582}]"
sunflower/7510240282_87554c7418_n.jpg,3,sunflower,3,sunflower,"[{'class_name': 'sunflower', 'probability': 0.9337441325187683}, {'class_name': 'daisy', 'probability': 0.03936733305454254}, {'class_name': 'dandelion', 'probability': 0.017675645649433136}]"
sunflower/7510262868_cf7d6f6f25_n.jpg,3,sunflower,3,sunflower,"[{'class_name': 'sunflower', 'probability': 0.8734836578369141}, {'class_name': 'daisy', 'probability': 0.08618061989545822}, {'class_name': 'tulip', 'probability': 0.025290632620453835}]"
sunflower/7820626738_3be6a52e4e_n.jpg,3,sunflower,3,sunflower,"[{'class_name': 'sunflower', 'probability': 0.9572945237159729}, {'class_name': 'dandelion', 'probability': 0.023503489792346954}, {'class_name': 'daisy', 'probability': 0.011700366623699665}]"
sunflower/7857605684_fc86440c23.jpg,3,sunflower,3,sunflower,"[{'class_name': 'sunflower', 'probability': 0.9387072324752808}, {'class_name': 'rose', 'probability': 0.02104906737804413}, {'class_name': 'dandelion', 'probability': 0.01938471570611}]"
sunflower/8014735546_3db46bb1fe_n.jpg,3,sunflower,3,sunflower,"[{'class_name': 'sunflower', 'probability': 0.4729680120944977}, {'class_name': 'rose', 'probability': 0.33615684509277344}, {'class_name': 'tulip', 'probability': 0.14141328632831573}]"
sunflower/8038712786_5bdeed3c7f_m.jpg,3,sunflower,3,sunflower,"[{'class_name': 'sunflower', 'probability': 0.9737845063209534}, {'class_name': 'dandelion', 'probability': 0.009266368113458157}, {'class_name': 'rose', 'probability': 0.00748629542067647}]"
sunflower/8174935717_d19367d502.jpg,3,sunflower,3,sunflower,"[{'class_name': 'sunflower', 'probability': 0.971837043762207}, {'class_name': 'dandelion', 'probability': 0.02019573003053665}, {'class_name': 'rose', 'probability': 0.0033513223752379417}]"
sunflower/8174941335_56389b53e9_n.jpg,3,sunflower,3,sunflower,"[{'class_name': 'sunflower', 'probability': 0.9841949939727783}, {'class_name': 'tulip', 'probability': 0.009130624122917652}, {'class_name': 'daisy', 'probability': 0.0031047966331243515}]"
sunflower/8174970894_7f9a26be7e.jpg,3,sunflower,3,sunflower,"[{'class_name': 'sunflower', 'probability': 0.977679431438446}, {'class_name': 'tulip', 'probability': 0.019165880978107452}, {'class_name': 'dandelion', 'probability': 0.0020221092272549868}]"
sunflower/8234846550_fdaf326dbe.jpg,3,sunflower,3,sunflower,"[{'class_name': 'sunflower', 'probability': 0.9861249327659607}, {'class_name': 'daisy', 'probability': 0.006696484517306089}, {'class_name': 'dandelion', 'probability': 0.004132081288844347}]"
sunflower/8433716268_8b7b4083bc_n.jpg,3,sunflower,1,dandelion,"[{'class_name': 'dandelion', 'probability': 0.40759173035621643}, {'class_name': 'sunflower', 'probability': 0.37748435139656067}, {'class_name': 'tulip', 'probability': 0.15067102015018463}]"
sunflower/8543642705_b841b0e5f6.jpg,3,sunflower,3,sunflower,"[{'class_name': 'sunflower', 'probability': 0.989978551864624}, {'class_name': 'tulip', 'probability': 0.00789429061114788}, {'class_name': 'dandelion', 'probability': 0.0014285201905295253}]"
sunflower/864957037_c75373d1c5.jpg,3,sunflower,3,sunflower,"[{'class_name': 'sunflower', 'probability': 0.9910570383071899}, {'class_name': 'daisy', 'probability': 0.004780962131917477}, {'class_name': 'tulip', 'probability': 0.002257703337818384}]"
sunflower/9111896677_ff0b6fa6f6_n.jpg,3,sunflower,3,sunflower,"[{'class_name': 'sunflower', 'probability': 0.9683047533035278}, {'class_name': 'daisy', 'probability': 0.010608986020088196}, {'class_name': 'dandelion', 'probability': 0.009287563152611256}]"
sunflower/9231555352_d2dd8f8e68_m.jpg,3,sunflower,3,sunflower,"[{'class_name': 'sunflower', 'probability': 0.6413187980651855}, {'class_name': 'tulip', 'probability': 0.17397648096084595}, {'class_name': 'rose', 'probability': 0.0938737764954567}]"
sunflower/9375675309_987d32f99e_n.jpg,3,sunflower,3,sunflower,"[{'class_name': 'sunflower', 'probability': 0.9123156070709229}, {'class_name': 'dandelion', 'probability': 0.057457417249679565}, {'class_name': 'daisy', 'probability': 0.01802973635494709}]"
sunflower/9400904374_37723396e3_n.jpg,3,sunflower,3,sunflower,"[{'class_name': 'sunflower', 'probability': 0.9711952805519104}, {'class_name': 'daisy', 'probability': 0.009025144390761852}, {'class_name': 'rose', 'probability': 0.008257501758635044}]"
sunflower/9535500195_543d0b729b.jpg,3,sunflower,3,sunflower,"[{'class_name': 'sunflower', 'probability': 0.9908373355865479}, {'class_name': 'daisy', 'probability': 0.004485175479203463}, {'class_name': 'rose', 'probability': 0.0019763598684221506}]"
sunflower/9555827829_74e6f60f1d_m.jpg,3,sunflower,3,sunflower,"[{'class_name': 'sunflower', 'probability': 0.9783626794815063}, {'class_name': 'dandelion', 'probability': 0.006384768523275852}, {'class_name': 'daisy', 'probability': 0.005153787788003683}]"
sunflower/9558630626_52a1b7d702_m.jpg,3,sunflower,3,sunflower,"[{'class_name': 'sunflower', 'probability': 0.9188236594200134}, {'class_name': 'rose', 'probability': 0.03312355652451515}, {'class_name': 'daisy', 'probability': 0.029465574771165848}]"
sunflower/9564240106_0577e919da_n.jpg,3,sunflower,3,sunflower,"[{'class_name': 'sunflower', 'probability': 0.9814976453781128}, {'class_name': 'dandelion', 'probability': 0.005965703632682562}, {'class_name': 'tulip', 'probability': 0.00492915278300643}]"
sunflower/9588522189_db6166f67f.jpg,3,sunflower,3,sunflower,"[{'class_name': 'sunflower', 'probability': 0.9821642637252808}, {'class_name': 'daisy', 'probability': 0.008989779278635979}, {'class_name': 'rose', 'probability': 0.0050995913334190845}]"
sunflower/9610373748_b9cb67bd55.jpg,3,sunflower,3,sunflower,"[{'class_name': 'sunflower', 'probability': 0.9875704646110535}, {'class_name': 'dandelion', 'probability': 0.007255120202898979}, {'class_name': 'tulip', 'probability': 0.002242610091343522}]"
tulip/112951022_4892b1348b_n.jpg,4,tulip,4,tulip,"[{'class_name': 'tulip', 'probability': 0.9843079447746277}, {'class_name': 'rose', 'probability': 0.008343162946403027}, {'class_name': 'daisy', 'probability': 0.0029443411622196436}]"
tulip/11746452_5bc1749a36.jpg,4,tulip,4,tulip,"[{'class_name': 'tulip', 'probability': 0.9685008525848389}, {'class_name': 'dandelion', 'probability': 0.01513685192912817}, {'class_name': 'daisy', 'probability': 0.008566978387534618}]"
tulip/12873145295_438b8197a7_n.jpg,4,tulip,4,tulip,"[{'class_name': 'tulip', 'probability': 0.9219902753829956}, {'class_name': 'daisy', 'probability': 0.03326570242643356}, {'class_name': 'rose', 'probability': 0.026762817054986954}]"
tulip/12883412424_cb5086b43f_n.jpg,4,tulip,4,tulip,"[{'class_name': 'tulip', 'probability': 0.46157607436180115}, {'class_name': 'rose', 'probability': 0.4161261022090912}, {'class_name': 'sunflower', 'probability': 0.07533804327249527}]"
tulip/13510068773_c925c5517c.jpg,4,tulip,4,tulip,"[{'class_name': 'tulip', 'probability': 0.9976569414138794}, {'class_name': 'sunflower', 'probability': 0.0012989375973120332}, {'class_name': 'rose', 'probability': 0.0004071941948495805}]"
tulip/1353748522_b9c630b162.jpg,4,tulip,4,tulip,"[{'class_name': 'tulip', 'probability': 0.9857848286628723}, {'class_name': 'sunflower', 'probability': 0.010294683277606964}, {'class_name': 'dandelion', 'probability': 0.002058969112113118}]"
tulip/13926327692_a07357ff0d.jpg,4,tulip,4,tulip,"[{'class_name': 'tulip', 'probability': 0.9874476790428162}, {'class_name': 'dandelion', 'probability': 0.003610020037740469}, {'class_name': 'sunflower', 'probability': 0.003565271617844701}]"
tulip/13954659583_03981dea99_n.jpg,4,tulip,4,tulip,"[{'class_name': 'tulip', 'probability': 0.9860473871231079}, {'class_name': 'sunflower', 'probability': 0.0054317982867360115}, {'class_name': 'rose', 'probability': 0.0035205071326345205}]"
tulip/13974542496_e4b5d1c913_n.jpg,4,tulip,4,tulip,"[{'class_name': 'tulip', 'probability': 0.8881044983863831}, {'class_name': 'sunflower', 'probability': 0.05707760900259018}, {'class_name': 'rose', 'probability': 0.041176967322826385}]"
tulip/13979840624_28466cb3ec_n.jpg,4,tulip,4,tulip,"[{'class_name': 'tulip', 'probability': 0.9726715087890625}, {'class_name': 'dandelion', 'probability': 0.012236697599291801}, {'class_name': 'rose', 'probability': 0.0059819091111421585}]"
tulip/13999402743_f563f6b685_n.jpg,4,tulip,4,tulip,"[{'class_name': 'tulip', 'probability': 0.9950891137123108}, {'class_name': 'rose', 'probability': 0.0015595736913383007}, {'class_name': 'sunflower', 'probability': 0.0012941508321091533}]"
tulip/14017640283_c417141832_n.jpg,4,tulip,4,tulip,"[{'class_name': 'tulip', 'probability': 0.93043452501297}, {'class_name': 'sunflower', 'probability': 0.030054621398448944}, {'class_name': 'rose', 'probability': 0.020673232153058052}]"
tulip/14022473102_3b24ca08cb_m.jpg,4,tulip,4,tulip,"[{'class_name': 'tulip', 'probability': 0.9192502498626709}, {'class_name': 'daisy', 'probability': 0.049333274364471436}, {'class_name': 'dandelion', 'probability': 0.015498108230531216}]"
tulip/14039129738_cc3ac0a623_n.jpg,4,tulip,4,tulip,"[{'class_name': 'tulip', 'probability': 0.8959923386573792}, {'class_name': 'dandelion', 'probability': 0.06697332113981247}, {'class_name': 'sunflower', 'probability': 0.019864670932292938}]"
tulip/14046760909_0c73e84a1f_n.jpg,4,tulip,4,tulip,"[{'class_name': 'tulip', 'probability': 0.9336204528808594}, {'class_name': 'sunflower', 'probability': 0.0564461313188076}, {'class_name': 'dandelion', 'probability': 0.004623080603778362}]"
tulip/14054827092_f359f5fcbd_m.jpg,4,tulip,4,tulip,"[{'class_name': 'tulip', 'probability': 0.9742640256881714}, {'class_name': 'dandelion', 'probability': 0.010011067613959312}, {'class_name': 'sunflower', 'probability': 0.005816203076392412}]"
tulip/14055601247_2e647ba9b0_n.jpg,4,tulip,4,tulip,"[{'class_name': 'tulip', 'probability': 0.9831615686416626}, {'class_name': 'rose', 'probability': 0.008481956087052822}, {'class_name': 'dandelion', 'probability': 0.007173316553235054}]"
tulip/14057246122_8598b665bd.jpg,4,tulip,4,tulip,"[{'class_name': 'tulip', 'probability': 0.9780328273773193}, {'class_name': 'daisy', 'probability': 0.013232183642685413}, {'class_name': 'dandelion', 'probability': 0.004898348357528448}]"
tulip/14066056226_d8564a083e_m.jpg,4,tulip,4,tulip,"[{'class_name': 'tulip', 'probability': 0.984348475933075}, {'class_name': 'dandelion', 'probability': 0.0057120053097605705}, {'class_name': 'daisy', 'probability': 0.005629566498100758}]"
tulip/14067456066_87e15792d0.jpg,4,tulip,4,tulip,"[{'class_name': 'tulip', 'probability': 0.9712510704994202}, {'class_name': 'rose', 'probability': 0.013681932352483273}, {'class_name': 'daisy', 'probability': 0.007294786162674427}]"
tulip/14069914457_6805909b1c_n.jpg,4,tulip,4,tulip,"[{'class_name': 'tulip', 'probability': 0.9530301094055176}, {'class_name': 'dandelion', 'probability': 0.01332872174680233}, {'class_name': 'daisy', 'probability': 0.012651420198380947}]"
tulip/14069914547_1fa90bec99_n.jpg,4,tulip,4,tulip,"[{'class_name': 'tulip', 'probability': 0.9549400806427002}, {'class_name': 'rose', 'probability': 0.015704259276390076}, {'class_name': 'daisy', 'probability': 0.01341999787837267}]"
tulip/14087361621_9fefb8dbef.jpg,4,tulip,4,tulip,"[{'class_name': 'tulip', 'probability': 0.9874747395515442}, {'class_name': 'sunflower', 'probability': 0.0051281326450407505}, {'class_name': 'daisy', 'probability': 0.004416344687342644}]"
tulip/14087425312_2b5846b570_n.jpg,4,tulip,4,tulip,"[{'class_name': 'tulip', 'probability': 0.9917320013046265}, {'class_name': 'rose', 'probability': 0.005769982933998108}, {'class_name': 'dandelion', 'probability': 0.0009724096744321287}]"
tulip/14093884601_c87b5cd663_n.jpg,4,tulip,4,tulip,"[{'class_name': 'tulip', 'probability': 0.9359222054481506}, {'class_name': 'rose', 'probability': 0.052407246083021164}, {'class_name': 'daisy', 'probability': 0.005175882019102573}]"
tulip/14097676864_4ca8e8b20d_n.jpg,4,tulip,4,tulip,"[{'class_name': 'tulip', 'probability': 0.9861050248146057}, {'class_name': 'daisy', 'probability': 0.0058098467998206615}, {'class_name': 'rose', 'probability': 0.003434200072661042}]"
tulip/14127532150_112823a8f6.jpg,4,tulip,4,tulip,"[{'class_name': 'tulip', 'probability': 0.919791579246521}, {'class_name': 'rose', 'probability': 0.026643285527825356}, {'class_name': 'sunflower', 'probability': 0.02329295314848423}]"
tulip/14254329512_8b4229b898_n.jpg,4,tulip,4,tulip,"[{'class_name': 'tulip', 'probability': 0.9837642312049866}, {'class_name': 'rose', 'probability': 0.010161026380956173}, {'class_name': 'sunflower', 'probability': 0.0025912655983120203}]"
tulip/14254839301_ffb19c6445_n.jpg,4,tulip,4,tulip,"[{'class_name': 'tulip', 'probability': 0.9775775074958801}, {'class_name': 'dandelion', 'probability': 0.008887800388038158}, {'class_name': 'daisy', 'probability': 0.008091292344033718}]"
tulip/14262354955_cc2ab3b112_m.jpg,4,tulip,4,tulip,"[{'class_name': 'tulip', 'probability': 0.9455897808074951}, {'class_name': 'dandelion', 'probability': 0.01917644962668419}, {'class_name': 'rose', 'probability': 0.018396837636828423}]"
tulip/14270573963_f122c40438.jpg,4,tulip,4,tulip,"[{'class_name': 'tulip', 'probability': 0.971140444278717}, {'class_name': 'daisy', 'probability': 0.011672738008201122}, {'class_name': 'dandelion', 'probability': 0.0070572467520833015}]"
tulip/14487705209_ea723109e1_m.jpg,4,tulip,4,tulip,"[{'class_name': 'tulip', 'probability': 0.7507348656654358}, {'class_name': 'rose', 'probability': 0.223390132188797}, {'class_name': 'dandelion', 'probability': 0.01237587258219719}]"
tulip/14674388855_2da18e375a_m.jpg,4,tulip,4,tulip,"[{'class_name': 'tulip', 'probability': 0.94014972448349}, {'class_name': 'daisy', 'probability': 0.03758212551474571}, {'class_name': 'sunflower', 'probability': 0.013662037439644337}]"
tulip/14861513337_4ef0bfa40d.jpg,4,tulip,4,tulip,"[{'class_name': 'tulip', 'probability': 0.9850001335144043}, {'class_name': 'dandelion', 'probability': 0.0058797914534807205}, {'class_name': 'rose', 'probability': 0.003372271079570055}]"
tulip/15096307668_589504b03f_n.jpg,4,tulip,4,tulip,"[{'class_name': 'tulip', 'probability': 0.9238351583480835}, {'class_name': 'dandelion', 'probability': 0.06473201513290405}, {'class_name': 'sunflower', 'probability': 0.007158434018492699}]"
tulip/15149373026_93aacc65c5.jpg,4,tulip,4,tulip,"[{'class_name': 'tulip', 'probability': 0.9765627980232239}, {'class_name': 'dandelion', 'probability': 0.014073504135012627}, {'class_name': 'daisy', 'probability': 0.005225608590990305}]"
tulip/15458787091_3edc6cd1eb.jpg,4,tulip,4,tulip,"[{'class_name': 'tulip', 'probability': 0.9448874592781067}, {'class_name': 'dandelion', 'probability': 0.02364090271294117}, {'class_name': 'daisy', 'probability': 0.013796153478324413}]"
tulip/15632065904_0d9caf174b.jpg,4,tulip,2,rose,"[{'class_name': 'rose', 'probability': 0.8990397453308105}, {'class_name': 'tulip', 'probability': 0.06111069768667221}, {'class_name': 'sunflower', 'probability': 0.017141791060566902}]"
tulip/15756524087_823cf86bd8_m.jpg,4,tulip,4,tulip,"[{'class_name': 'tulip', 'probability': 0.960076630115509}, {'class_name': 'dandelion', 'probability': 0.019516391679644585}, {'class_name': 'daisy', 'probability': 0.014315156266093254}]"
tulip/15976769174_1d50f46ca1_m.jpg,4,tulip,4,tulip,"[{'class_name': 'tulip', 'probability': 0.9681856036186218}, {'class_name': 'daisy', 'probability': 0.01756363920867443}, {'class_name': 'sunflower', 'probability': 0.006350832991302013}]"
tulip/16062072523_1be3c0b61f.jpg,4,tulip,2,rose,"[{'class_name': 'rose', 'probability': 0.6002338528633118}, {'class_name': 'tulip', 'probability': 0.28372883796691895}, {'class_name': 'daisy', 'probability': 0.08765699714422226}]"
tulip/16074109313_2cc14c7d16.jpg,4,tulip,4,tulip,"[{'class_name': 'tulip', 'probability': 0.9231690168380737}, {'class_name': 'dandelion', 'probability': 0.03040257841348648}, {'class_name': 'daisy', 'probability': 0.025757137686014175}]"
tulip/16098264209_38fe491093.jpg,4,tulip,4,tulip,"[{'class_name': 'tulip', 'probability': 0.9303836822509766}, {'class_name': 'daisy', 'probability': 0.045653145760297775}, {'class_name': 'dandelion', 'probability': 0.013090066611766815}]"
tulip/16110795216_b3e44697b4_m.jpg,4,tulip,4,tulip,"[{'class_name': 'tulip', 'probability': 0.38190174102783203}, {'class_name': 'rose', 'probability': 0.29428574442863464}, {'class_name': 'daisy', 'probability': 0.22487331926822662}]"
tulip/16133651784_c244d86f82_n.jpg,4,tulip,4,tulip,"[{'class_name': 'tulip', 'probability': 0.968742311000824}, {'class_name': 'dandelion', 'probability': 0.016265595331788063}, {'class_name': 'daisy', 'probability': 0.005942763295024633}]"
tulip/16265876844_0a149c4f76.jpg,4,tulip,4,tulip,"[{'class_name': 'tulip', 'probability': 0.9885812401771545}, {'class_name': 'daisy', 'probability': 0.004791541025042534}, {'class_name': 'dandelion', 'probability': 0.003372505307197571}]"
tulip/16309287412_5cc4d58bd1_n.jpg,4,tulip,4,tulip,"[{'class_name': 'tulip', 'probability': 0.9622575044631958}, {'class_name': 'daisy', 'probability': 0.017239464446902275}, {'class_name': 'sunflower', 'probability': 0.015717923641204834}]"
tulip/16485607329_e66d5960bc_m.jpg,4,tulip,4,tulip,"[{'class_name': 'tulip', 'probability': 0.9782652854919434}, {'class_name': 'rose', 'probability': 0.01685558259487152}, {'class_name': 'daisy', 'probability': 0.002028518123552203}]"
tulip/16644790896_7b296ecd67_n.jpg,4,tulip,4,tulip,"[{'class_name': 'tulip', 'probability': 0.9894647598266602}, {'class_name': 'rose', 'probability': 0.004995300434529781}, {'class_name': 'daisy', 'probability': 0.0024495103862136602}]"
tulip/16645809126_613b1e3ebe_m.jpg,4,tulip,4,tulip,"[{'class_name': 'tulip', 'probability': 0.9597839713096619}, {'class_name': 'rose', 'probability': 0.015820646658539772}, {'class_name': 'daisy', 'probability': 0.014258754439651966}]"
tulip/16700863150_ddaa4d89b4_n.jpg,4,tulip,4,tulip,"[{'class_name': 'tulip', 'probability': 0.9887443780899048}, {'class_name': 'sunflower', 'probability': 0.003911517560482025}, {'class_name': 'daisy', 'probability': 0.003452068893238902}]"
tulip/16755061382_f6531150c1_n.jpg,4,tulip,4,tulip,"[{'class_name': 'tulip', 'probability': 0.9297701716423035}, {'class_name': 'daisy', 'probability': 0.02403280697762966}, {'class_name': 'rose', 'probability': 0.022471724078059196}]"
tulip/16862374316_4135908d4c_m.jpg,4,tulip,4,tulip,"[{'class_name': 'tulip', 'probability': 0.8406903147697449}, {'class_name': 'daisy', 'probability': 0.06411097198724747}, {'class_name': 'sunflower', 'probability': 0.03882264345884323}]"
tulip/16862422576_5226e8d1d0.jpg,4,tulip,4,tulip,"[{'class_name': 'tulip', 'probability': 0.6678939461708069}, {'class_name': 'dandelion', 'probability': 0.1832910180091858}, {'class_name': 'rose', 'probability': 0.08537358790636063}]"
tulip/17012955700_7141d29eee.jpg,4,tulip,4,tulip,"[{'class_name': 'tulip', 'probability': 0.9603710770606995}, {'class_name': 'rose', 'probability': 0.025136228650808334}, {'class_name': 'daisy', 'probability': 0.008601758629083633}]"
tulip/17105644339_e301a8a6be_n.jpg,4,tulip,4,tulip,"[{'class_name': 'tulip', 'probability': 0.6772052645683289}, {'class_name': 'rose', 'probability': 0.22560223937034607}, {'class_name': 'dandelion', 'probability': 0.04521927237510681}]"
tulip/17224410762_402455ed8f.jpg,4,tulip,4,tulip,"[{'class_name': 'tulip', 'probability': 0.9902250170707703}, {'class_name': 'sunflower', 'probability': 0.003336786525323987}, {'class_name': 'dandelion', 'probability': 0.0026488257572054863}]"
tulip/17291930305_79deae6a90_n.jpg,4,tulip,2,rose,"[{'class_name': 'rose', 'probability': 0.9294934868812561}, {'class_name': 'daisy', 'probability': 0.031592100858688354}, {'class_name': 'tulip', 'probability': 0.021717509254813194}]"
tulip/17324469461_2b318aff8d_m.jpg,4,tulip,4,tulip,"[{'class_name': 'tulip', 'probability': 0.9543787240982056}, {'class_name': 'daisy', 'probability': 0.019278468564152718}, {'class_name': 'dandelion', 'probability': 0.01743287593126297}]"
tulip/17408197905_829c4d7940_m.jpg,4,tulip,4,tulip,"[{'class_name': 'tulip', 'probability': 0.7430182099342346}, {'class_name': 'sunflower', 'probability': 0.17680734395980835}, {'class_name': 'rose', 'probability': 0.07472675293684006}]"
tulip/17545306218_5bf0ee38cd_n.jpg,4,tulip,4,tulip,"[{'class_name': 'tulip', 'probability': 0.7896483540534973}, {'class_name': 'rose', 'probability': 0.18409211933612823}, {'class_name': 'daisy', 'probability': 0.013964391313493252}]"
tulip/17730239562_9aa0fc0738_n.jpg,4,tulip,4,tulip,"[{'class_name': 'tulip', 'probability': 0.8405637741088867}, {'class_name': 'dandelion', 'probability': 0.05168359726667404}, {'class_name': 'daisy', 'probability': 0.04592535272240639}]"
tulip/17862445825_f7031d6f26.jpg,4,tulip,4,tulip,"[{'class_name': 'tulip', 'probability': 0.967954695224762}, {'class_name': 'daisy', 'probability': 0.010725363157689571}, {'class_name': 'sunflower', 'probability': 0.010334932245314121}]"
tulip/17970201501_6ee7401206_n.jpg,4,tulip,4,tulip,"[{'class_name': 'tulip', 'probability': 0.9909557700157166}, {'class_name': 'rose', 'probability': 0.0029198462143540382}, {'class_name': 'sunflower', 'probability': 0.002588310046121478}]"
tulip/17994129033_bbd0acba62_n.jpg,4,tulip,4,tulip,"[{'class_name': 'tulip', 'probability': 0.9191631078720093}, {'class_name': 'dandelion', 'probability': 0.03818210959434509}, {'class_name': 'rose', 'probability': 0.024013731628656387}]"
tulip/18378581986_5cd1494d08_n.jpg,4,tulip,4,tulip,"[{'class_name': 'tulip', 'probability': 0.993780791759491}, {'class_name': 'daisy', 'probability': 0.002480666385963559}, {'class_name': 'sunflower', 'probability': 0.0022570453584194183}]"
tulip/18378582936_ee7085c850.jpg,4,tulip,4,tulip,"[{'class_name': 'tulip', 'probability': 0.9777626395225525}, {'class_name': 'dandelion', 'probability': 0.007733454462140799}, {'class_name': 'daisy', 'probability': 0.007465082220733166}]"
tulip/19903091702_3522e9ef3c_n.jpg,4,tulip,4,tulip,"[{'class_name': 'tulip', 'probability': 0.9362025260925293}, {'class_name': 'rose', 'probability': 0.029268860816955566}, {'class_name': 'sunflower', 'probability': 0.02726958692073822}]"
tulip/20093632966_0d53e13036_n.jpg,4,tulip,4,tulip,"[{'class_name': 'tulip', 'probability': 0.9465341567993164}, {'class_name': 'sunflower', 'probability': 0.019524194300174713}, {'class_name': 'daisy', 'probability': 0.01611810177564621}]"
tulip/20111973586_2987a89bed_n.jpg,4,tulip,4,tulip,"[{'class_name': 'tulip', 'probability': 0.9586097598075867}, {'class_name': 'rose', 'probability': 0.020997604355216026}, {'class_name': 'daisy', 'probability': 0.009893053211271763}]"
tulip/20152653918_009a39f323_n.jpg,4,tulip,4,tulip,"[{'class_name': 'tulip', 'probability': 0.8496109843254089}, {'class_name': 'dandelion', 'probability': 0.06714989244937897}, {'class_name': 'daisy', 'probability': 0.042751457542181015}]"
tulip/20265958876_edb70c4553_n.jpg,4,tulip,4,tulip,"[{'class_name': 'tulip', 'probability': 0.9739066958427429}, {'class_name': 'dandelion', 'probability': 0.02012713812291622}, {'class_name': 'rose', 'probability': 0.002749997191131115}]"
tulip/20340657765_ddb2d2154e_n.jpg,4,tulip,4,tulip,"[{'class_name': 'tulip', 'probability': 0.9722844958305359}, {'class_name': 'dandelion', 'probability': 0.014337101951241493}, {'class_name': 'rose', 'probability': 0.007178617175668478}]"
tulip/20526614232_78ac8344bd_n.jpg,4,tulip,4,tulip,"[{'class_name': 'tulip', 'probability': 0.8564843535423279}, {'class_name': 'dandelion', 'probability': 0.09863200783729553}, {'class_name': 'sunflower', 'probability': 0.031147867441177368}]"
tulip/20742669999_53de71a4c9_n.jpg,4,tulip,4,tulip,"[{'class_name': 'tulip', 'probability': 0.9781461954116821}, {'class_name': 'dandelion', 'probability': 0.012273270636796951}, {'class_name': 'sunflower', 'probability': 0.006417665630578995}]"
tulip/20921546830_1d79fd07f7_n.jpg,4,tulip,4,tulip,"[{'class_name': 'tulip', 'probability': 0.8854600191116333}, {'class_name': 'rose', 'probability': 0.05693279579281807}, {'class_name': 'sunflower', 'probability': 0.03566357493400574}]"
tulip/20929606590_f92d4e59b7_n.jpg,4,tulip,4,tulip,"[{'class_name': 'tulip', 'probability': 0.9890908598899841}, {'class_name': 'dandelion', 'probability': 0.004468853119760752}, {'class_name': 'daisy', 'probability': 0.002655772492289543}]"
tulip/21046610012_8942d32007_n.jpg,4,tulip,4,tulip,"[{'class_name': 'tulip', 'probability': 0.995804488658905}, {'class_name': 'dandelion', 'probability': 0.0013192170299589634}, {'class_name': 'rose', 'probability': 0.0012699622893705964}]"
tulip/2271507463_15c48d41c4_n.jpg,4,tulip,4,tulip,"[{'class_name': 'tulip', 'probability': 0.9594480991363525}, {'class_name': 'sunflower', 'probability': 0.018425041809678078}, {'class_name': 'rose', 'probability': 0.015194539912045002}]"
tulip/2361075034_cf730b8682.jpg,4,tulip,4,tulip,"[{'class_name': 'tulip', 'probability': 0.9922299981117249}, {'class_name': 'sunflower', 'probability': 0.003608844941481948}, {'class_name': 'dandelion', 'probability': 0.0022920507472008467}]"
tulip/2374855021_21959b40c0_n.jpg,4,tulip,4,tulip,"[{'class_name': 'tulip', 'probability': 0.596674919128418}, {'class_name': 'rose', 'probability': 0.3695034980773926}, {'class_name': 'daisy', 'probability': 0.016007715836167336}]"
tulip/2399982682_16929d1f6d_n.jpg,4,tulip,4,tulip,"[{'class_name': 'tulip', 'probability': 0.9952008724212646}, {'class_name': 'sunflower', 'probability': 0.001905446290038526}, {'class_name': 'dandelion', 'probability': 0.0016917710890993476}]"
tulip/2402342888_dd65677013.jpg,4,tulip,4,tulip,"[{'class_name': 'tulip', 'probability': 0.9862664937973022}, {'class_name': 'sunflower', 'probability': 0.006936806254088879}, {'class_name': 'daisy', 'probability': 0.003257792443037033}]"
tulip/2431737309_1468526f8b.jpg,4,tulip,4,tulip,"[{'class_name': 'tulip', 'probability': 0.9654878973960876}, {'class_name': 'daisy', 'probability': 0.013832678087055683}, {'class_name': 'sunflower', 'probability': 0.007984518073499203}]"
tulip/303858799_942b9c09e7_m.jpg,4,tulip,4,tulip,"[{'class_name': 'tulip', 'probability': 0.9595531821250916}, {'class_name': 'sunflower', 'probability': 0.021363498643040657}, {'class_name': 'daisy', 'probability': 0.008367974311113358}]"
tulip/3404038663_f62cf8eba3_n.jpg,4,tulip,4,tulip,"[{'class_name': 'tulip', 'probability': 0.8868065476417542}, {'class_name': 'sunflower', 'probability': 0.04627322778105736}, {'class_name': 'dandelion', 'probability': 0.03946173936128616}]"
tulip/3449794006_8c289840aa.jpg,4,tulip,4,tulip,"[{'class_name': 'tulip', 'probability': 0.9691912531852722}, {'class_name': 'daisy', 'probability': 0.01485840231180191}, {'class_name': 'sunflower', 'probability': 0.007492879405617714}]"
tulip/3454461550_64d6e726bf_m.jpg,4,tulip,4,tulip,"[{'class_name': 'tulip', 'probability': 0.9263705611228943}, {'class_name': 'rose', 'probability': 0.028344403952360153}, {'class_name': 'dandelion', 'probability': 0.01936967670917511}]"
tulip/3524204544_7233737b4f_m.jpg,4,tulip,4,tulip,"[{'class_name': 'tulip', 'probability': 0.9458224177360535}, {'class_name': 'dandelion', 'probability': 0.036681510508060455}, {'class_name': 'sunflower', 'probability': 0.007832406088709831}]"
tulip/3540595981_73f14d1227_n.jpg,4,tulip,4,tulip,"[{'class_name': 'tulip', 'probability': 0.9064543843269348}, {'class_name': 'dandelion', 'probability': 0.04340134188532829}, {'class_name': 'rose', 'probability': 0.021175503730773926}]"
tulip/3600510954_a51bfc5440_n.jpg,4,tulip,4,tulip,"[{'class_name': 'tulip', 'probability': 0.9198214411735535}, {'class_name': 'dandelion', 'probability': 0.07244113832712173}, {'class_name': 'daisy', 'probability': 0.0032249807845801115}]"
tulip/38287568_627de6ca20.jpg,4,tulip,4,tulip,"[{'class_name': 'tulip', 'probability': 0.9498691558837891}, {'class_name': 'rose', 'probability': 0.022052112966775894}, {'class_name': 'dandelion', 'probability': 0.016955159604549408}]"
tulip/4312181724_16dab26afb_n.jpg,4,tulip,4,tulip,"[{'class_name': 'tulip', 'probability': 0.9388838410377502}, {'class_name': 'sunflower', 'probability': 0.028427623212337494}, {'class_name': 'daisy', 'probability': 0.022181924432516098}]"
tulip/4516198427_0e5099cd8e.jpg,4,tulip,4,tulip,"[{'class_name': 'tulip', 'probability': 0.9901740550994873}, {'class_name': 'daisy', 'probability': 0.0053695025853812695}, {'class_name': 'sunflower', 'probability': 0.00217806501314044}]"
tulip/4521037085_70d5802e1d_m.jpg,4,tulip,4,tulip,"[{'class_name': 'tulip', 'probability': 0.9635689854621887}, {'class_name': 'sunflower', 'probability': 0.017383595928549767}, {'class_name': 'dandelion', 'probability': 0.008544444106519222}]"
tulip/4522130258_9ee44cf73f_m.jpg,4,tulip,4,tulip,"[{'class_name': 'tulip', 'probability': 0.9330803751945496}, {'class_name': 'rose', 'probability': 0.042110562324523926}, {'class_name': 'dandelion', 'probability': 0.010676217265427113}]"
tulip/4573822295_5c5c6a5f6a.jpg,4,tulip,4,tulip,"[{'class_name': 'tulip', 'probability': 0.9859674572944641}, {'class_name': 'daisy', 'probability': 0.005307985004037619}, {'class_name': 'sunflower', 'probability': 0.004276889842003584}]"
tulip/4575963749_2418ff8768.jpg,4,tulip,4,tulip,"[{'class_name': 'tulip', 'probability': 0.9744288921356201}, {'class_name': 'daisy', 'probability': 0.011729349382221699}, {'class_name': 'sunflower', 'probability': 0.006105465814471245}]"
tulip/4580206494_9386c81ed8_n.jpg,4,tulip,4,tulip,"[{'class_name': 'tulip', 'probability': 0.8160991668701172}, {'class_name': 'dandelion', 'probability': 0.1528521478176117}, {'class_name': 'rose', 'probability': 0.018663689494132996}]"
tulip/4589624702_b6baa83699_m.jpg,4,tulip,4,tulip,"[{'class_name': 'tulip', 'probability': 0.9553183913230896}, {'class_name': 'sunflower', 'probability': 0.015122901648283005}, {'class_name': 'daisy', 'probability': 0.01323023997247219}]"
tulip/4604272150_0c92385530_n.jpg,4,tulip,2,rose,"[{'class_name': 'rose', 'probability': 0.43656763434410095}, {'class_name': 'tulip', 'probability': 0.36797675490379333}, {'class_name': 'sunflower', 'probability': 0.10638654232025146}]"
tulip/490541142_c37e2b4191_n.jpg,4,tulip,4,tulip,"[{'class_name': 'tulip', 'probability': 0.9776711463928223}, {'class_name': 'rose', 'probability': 0.007606863044202328}, {'class_name': 'daisy', 'probability': 0.007579826284199953}]"
tulip/5430796647_f21b7b0fea.jpg,4,tulip,4,tulip,"[{'class_name': 'tulip', 'probability': 0.8730642199516296}, {'class_name': 'dandelion', 'probability': 0.07310425490140915}, {'class_name': 'sunflower', 'probability': 0.023572564125061035}]"
tulip/5524946579_307dc74476.jpg,4,tulip,4,tulip,"[{'class_name': 'tulip', 'probability': 0.47471585869789124}, {'class_name': 'rose', 'probability': 0.38047829270362854}, {'class_name': 'sunflower', 'probability': 0.09923302382230759}]"
tulip/5543457754_89c44c88de_n.jpg,4,tulip,4,tulip,"[{'class_name': 'tulip', 'probability': 0.9787518382072449}, {'class_name': 'dandelion', 'probability': 0.00704788276925683}, {'class_name': 'rose', 'probability': 0.006596872583031654}]"
tulip/5565089564_a30c318f44.jpg,4,tulip,4,tulip,"[{'class_name': 'tulip', 'probability': 0.9475193023681641}, {'class_name': 'dandelion', 'probability': 0.037094809114933014}, {'class_name': 'daisy', 'probability': 0.009588592685759068}]"
tulip/5634767665_0ae724774d.jpg,4,tulip,4,tulip,"[{'class_name': 'tulip', 'probability': 0.969289243221283}, {'class_name': 'dandelion', 'probability': 0.014501167461276054}, {'class_name': 'sunflower', 'probability': 0.012270358391106129}]"
tulip/5660551500_b57307ef4d_n.jpg,4,tulip,4,tulip,"[{'class_name': 'tulip', 'probability': 0.9313164949417114}, {'class_name': 'daisy', 'probability': 0.021622955799102783}, {'class_name': 'dandelion', 'probability': 0.01886489801108837}]"
tulip/5665080897_0796f726c9_m.jpg,4,tulip,2,rose,"[{'class_name': 'rose', 'probability': 0.6217892169952393}, {'class_name': 'tulip', 'probability': 0.2988613545894623}, {'class_name': 'daisy', 'probability': 0.05073321610689163}]"
tulip/5687705933_55a8c2dbac.jpg,4,tulip,4,tulip,"[{'class_name': 'tulip', 'probability': 0.7245567440986633}, {'class_name': 'dandelion', 'probability': 0.11663193255662918}, {'class_name': 'daisy', 'probability': 0.08504538983106613}]"
tulip/5691100579_4a2767360a.jpg,4,tulip,4,tulip,"[{'class_name': 'tulip', 'probability': 0.9499802589416504}, {'class_name': 'daisy', 'probability': 0.03297102078795433}, {'class_name': 'sunflower', 'probability': 0.00837373360991478}]"
tulip/5717949231_23e2d4c297_n.jpg,4,tulip,4,tulip,"[{'class_name': 'tulip', 'probability': 0.562374472618103}, {'class_name': 'dandelion', 'probability': 0.19035598635673523}, {'class_name': 'rose', 'probability': 0.1449814736843109}]"
tulip/5717950215_5d0bf2e8b3_n.jpg,4,tulip,4,tulip,"[{'class_name': 'tulip', 'probability': 0.9717342853546143}, {'class_name': 'rose', 'probability': 0.01658148691058159}, {'class_name': 'daisy', 'probability': 0.005848743952810764}]"
tulip/5717950861_69c8846479_n.jpg,4,tulip,4,tulip,"[{'class_name': 'tulip', 'probability': 0.9695446491241455}, {'class_name': 'daisy', 'probability': 0.010530134662985802}, {'class_name': 'dandelion', 'probability': 0.009180068038403988}]"
tulip/5718781677_d5e9267115_n.jpg,4,tulip,4,tulip,"[{'class_name': 'tulip', 'probability': 0.9927743673324585}, {'class_name': 'daisy', 'probability': 0.002359309932217002}, {'class_name': 'sunflower', 'probability': 0.0023492826148867607}]"
tulip/5738195260_b3fc107aa7_n.jpg,4,tulip,4,tulip,"[{'class_name': 'tulip', 'probability': 0.9732146263122559}, {'class_name': 'daisy', 'probability': 0.01408854778856039}, {'class_name': 'rose', 'probability': 0.007469405885785818}]"
tulip/5755467567_903c31e3d0.jpg,4,tulip,4,tulip,"[{'class_name': 'tulip', 'probability': 0.9751220941543579}, {'class_name': 'rose', 'probability': 0.007695929612964392}, {'class_name': 'daisy', 'probability': 0.0075681074522435665}]"
tulip/5811022098_2523ca4e82.jpg,4,tulip,4,tulip,"[{'class_name': 'tulip', 'probability': 0.962218701839447}, {'class_name': 'rose', 'probability': 0.02132290042936802}, {'class_name': 'sunflower', 'probability': 0.007351006846874952}]"
tulip/6187740107_9813ccc41e.jpg,4,tulip,4,tulip,"[{'class_name': 'tulip', 'probability': 0.9690876603126526}, {'class_name': 'dandelion', 'probability': 0.01246605347841978}, {'class_name': 'sunflower', 'probability': 0.009134591557085514}]"
tulip/6267021825_a8316e0dcc_m.jpg,4,tulip,2,rose,"[{'class_name': 'rose', 'probability': 0.7967681884765625}, {'class_name': 'tulip', 'probability': 0.08740238100290298}, {'class_name': 'dandelion', 'probability': 0.047983795404434204}]"
tulip/6539831765_c21b68910e_n.jpg,4,tulip,4,tulip,"[{'class_name': 'tulip', 'probability': 0.9111936092376709}, {'class_name': 'rose', 'probability': 0.039367955178022385}, {'class_name': 'sunflower', 'probability': 0.030843166634440422}]"
tulip/6931489544_2f35025f7b_m.jpg,4,tulip,4,tulip,"[{'class_name': 'tulip', 'probability': 0.8937938809394836}, {'class_name': 'rose', 'probability': 0.0589144304394722}, {'class_name': 'dandelion', 'probability': 0.02099383994936943}]"
tulip/6994351792_343e18cbf6_n.jpg,4,tulip,4,tulip,"[{'class_name': 'tulip', 'probability': 0.9800606966018677}, {'class_name': 'dandelion', 'probability': 0.010941550135612488}, {'class_name': 'daisy', 'probability': 0.0035138027742505074}]"
tulip/7094415739_6b29e5215c_m.jpg,4,tulip,4,tulip,"[{'class_name': 'tulip', 'probability': 0.5416452884674072}, {'class_name': 'dandelion', 'probability': 0.2271803319454193}, {'class_name': 'daisy', 'probability': 0.09813164174556732}]"
tulip/7166544280_9d975c4d9a_n.jpg,4,tulip,4,tulip,"[{'class_name': 'tulip', 'probability': 0.8320145010948181}, {'class_name': 'dandelion', 'probability': 0.11000321805477142}, {'class_name': 'rose', 'probability': 0.028883714228868484}]"
tulip/7166554924_432aaae4b2_n.jpg,4,tulip,4,tulip,"[{'class_name': 'tulip', 'probability': 0.9630870819091797}, {'class_name': 'rose', 'probability': 0.014051917009055614}, {'class_name': 'sunflower', 'probability': 0.011107318103313446}]"
tulip/7166560822_27b1d1d132_n.jpg,4,tulip,4,tulip,"[{'class_name': 'tulip', 'probability': 0.9964596629142761}, {'class_name': 'sunflower', 'probability': 0.0017244908958673477}, {'class_name': 'daisy', 'probability': 0.0009774878853932023}]"
tulip/7166581866_861cd081b8_n.jpg,4,tulip,4,tulip,"[{'class_name': 'tulip', 'probability': 0.9896899461746216}, {'class_name': 'dandelion', 'probability': 0.004052700940519571}, {'class_name': 'daisy', 'probability': 0.0032380891498178244}]"
tulip/7166589802_8238cec83b_n.jpg,4,tulip,4,tulip,"[{'class_name': 'tulip', 'probability': 0.9946488738059998}, {'class_name': 'daisy', 'probability': 0.0016857930459082127}, {'class_name': 'sunflower', 'probability': 0.0016192203620448709}]"
tulip/7166606598_5d2cd307c3.jpg,4,tulip,4,tulip,"[{'class_name': 'tulip', 'probability': 0.988453209400177}, {'class_name': 'daisy', 'probability': 0.007075891364365816}, {'class_name': 'sunflower', 'probability': 0.00283658504486084}]"
tulip/7166614014_5f0f8d715b_n.jpg,4,tulip,4,tulip,"[{'class_name': 'tulip', 'probability': 0.9936686158180237}, {'class_name': 'daisy', 'probability': 0.0027298678178340197}, {'class_name': 'rose', 'probability': 0.001683213165961206}]"
tulip/7481217920_6f65766a1c_n.jpg,4,tulip,4,tulip,"[{'class_name': 'tulip', 'probability': 0.9721872210502625}, {'class_name': 'daisy', 'probability': 0.01166608463972807}, {'class_name': 'dandelion', 'probability': 0.009966010227799416}]"
tulip/7775145448_c42e638a6a_n.jpg,4,tulip,4,tulip,"[{'class_name': 'tulip', 'probability': 0.9606873989105225}, {'class_name': 'dandelion', 'probability': 0.01610673777759075}, {'class_name': 'daisy', 'probability': 0.014807547442615032}]"
tulip/8520482921_21dd204ebd_n.jpg,4,tulip,4,tulip,"[{'class_name': 'tulip', 'probability': 0.9946017265319824}, {'class_name': 'daisy', 'probability': 0.002248110482469201}, {'class_name': 'sunflower', 'probability': 0.0017950827023014426}]"
tulip/8521597402_4b6169ba05.jpg,4,tulip,4,tulip,"[{'class_name': 'tulip', 'probability': 0.8177469968795776}, {'class_name': 'dandelion', 'probability': 0.14831075072288513}, {'class_name': 'daisy', 'probability': 0.01639685034751892}]"
tulip/8562853756_73778dac25_n.jpg,4,tulip,4,tulip,"[{'class_name': 'tulip', 'probability': 0.8799200057983398}, {'class_name': 'dandelion', 'probability': 0.054098717868328094}, {'class_name': 'daisy', 'probability': 0.023807216435670853}]"
tulip/8586205946_cda045f3f8_n.jpg,4,tulip,4,tulip,"[{'class_name': 'tulip', 'probability': 0.9591255784034729}, {'class_name': 'sunflower', 'probability': 0.027220332995057106}, {'class_name': 'dandelion', 'probability': 0.007326635532081127}]"
tulip/8619064872_dea79a9eb9.jpg,4,tulip,4,tulip,"[{'class_name': 'tulip', 'probability': 0.98634934425354}, {'class_name': 'sunflower', 'probability': 0.006886329967528582}, {'class_name': 'daisy', 'probability': 0.004760648123919964}]"
tulip/8623173256_3f0eb4c506.jpg,4,tulip,4,tulip,"[{'class_name': 'tulip', 'probability': 0.7592316269874573}, {'class_name': 'dandelion', 'probability': 0.14811594784259796}, {'class_name': 'daisy', 'probability': 0.0373566672205925}]"
tulip/8628453641_6f87755815_m.jpg,4,tulip,4,tulip,"[{'class_name': 'tulip', 'probability': 0.9043937921524048}, {'class_name': 'sunflower', 'probability': 0.04200128838419914}, {'class_name': 'rose', 'probability': 0.036261677742004395}]"
tulip/8669794378_97dda6036f_n.jpg,4,tulip,4,tulip,"[{'class_name': 'tulip', 'probability': 0.9438791275024414}, {'class_name': 'sunflower', 'probability': 0.03070920519530773}, {'class_name': 'dandelion', 'probability': 0.015271044336259365}]"
tulip/8673416556_639f5c88f1_n.jpg,4,tulip,4,tulip,"[{'class_name': 'tulip', 'probability': 0.9393418431282043}, {'class_name': 'daisy', 'probability': 0.04737110808491707}, {'class_name': 'sunflower', 'probability': 0.007460115943104029}]"
tulip/8712267391_c756f18ee7_n.jpg,4,tulip,4,tulip,"[{'class_name': 'tulip', 'probability': 0.9464754462242126}, {'class_name': 'rose', 'probability': 0.02450118213891983}, {'class_name': 'dandelion', 'probability': 0.013979177922010422}]"
tulip/8748266132_5298a91dcf_n.jpg,4,tulip,4,tulip,"[{'class_name': 'tulip', 'probability': 0.973528265953064}, {'class_name': 'dandelion', 'probability': 0.009821968153119087}, {'class_name': 'rose', 'probability': 0.007668522652238607}]"
tulip/8759601388_36e2a50d98_n.jpg,4,tulip,4,tulip,"[{'class_name': 'tulip', 'probability': 0.8518875241279602}, {'class_name': 'rose', 'probability': 0.11605686694383621}, {'class_name': 'daisy', 'probability': 0.024442438036203384}]"
tulip/8759606166_8e475013fa_n.jpg,4,tulip,4,tulip,"[{'class_name': 'tulip', 'probability': 0.9820520281791687}, {'class_name': 'daisy', 'probability': 0.009197825565934181}, {'class_name': 'sunflower', 'probability': 0.003379529109224677}]"
tulip/8892851067_79242a7362_n.jpg,4,tulip,4,tulip,"[{'class_name': 'tulip', 'probability': 0.9411424398422241}, {'class_name': 'daisy', 'probability': 0.029657986015081406}, {'class_name': 'dandelion', 'probability': 0.019436955451965332}]"
tulip/9446982168_06c4d71da3_n.jpg,4,tulip,4,tulip,"[{'class_name': 'tulip', 'probability': 0.9863165020942688}, {'class_name': 'rose', 'probability': 0.005336226429790258}, {'class_name': 'daisy', 'probability': 0.003184753470122814}]"
