relative_path,label,label_name,prediction,prediction_name,top_predictions
daisy/102841525_bd6628ae3c.jpg,0,daisy,0,daisy,"[{'class_name': 'daisy', 'probability': 0.9908798933029175}, {'class_name': 'rose', 'probability': 0.00461984658613801}, {'class_name': 'tulip', 'probability': 0.002038143575191498}]"
daisy/10300722094_28fa978807_n.jpg,0,daisy,3,sunflower,"[{'class_name': 'sunflower', 'probability': 0.8216243386268616}, {'class_name': 'dandelion', 'probability': 0.10584159195423126}, {'class_name': 'daisy', 'probability': 0.05024431645870209}]"
daisy/10437929963_bc13eebe0c.jpg,0,daisy,0,daisy,"[{'class_name': 'daisy', 'probability': 0.9833973050117493}, {'class_name': 'rose', 'probability': 0.008515790104866028}, {'class_name': 'tulip', 'probability': 0.003299300093203783}]"
daisy/10466290366_cc72e33532.jpg,0,daisy,1,dandelion,"[{'class_name': 'dandelion', 'probability': 0.7808545231819153}, {'class_name': 'sunflower', 'probability': 0.07404666393995285}, {'class_name': 'tulip', 'probability': 0.06918126344680786}]"
daisy/10770585085_4742b9dac3_n.jpg,0,daisy,0,daisy,"[{'class_name': 'daisy', 'probability': 0.9486304521560669}, {'class_name': 'rose', 'probability': 0.01626221463084221}, {'class_name': 'sunflower', 'probability': 0.01584487594664097}]"
daisy/11642632_1e7627a2cc.jpg,0,daisy,1,dandelion,"[{'class_name': 'dandelion', 'probability': 0.9595983028411865}, {'class_name': 'daisy', 'probability': 0.017197512090206146}, {'class_name': 'tulip', 'probability': 0.00828484632074833}]"
daisy/12585131704_0f64b17059_m.jpg,0,daisy,0,daisy,"[{'class_name': 'daisy', 'probability': 0.9289034008979797}, {'class_name': 'rose', 'probability': 0.03800494223833084}, {'class_name': 'dandelion', 'probability': 0.015043390914797783}]"
daisy/14147016029_8d3cf2414e.jpg,0,daisy,0,daisy,"[{'class_name': 'daisy', 'probability': 0.8372642397880554}, {'class_name': 'rose', 'probability': 0.12747597694396973}, {'class_name': 'dandelion', 'probability': 0.017674388363957405}]"
daisy/14221848160_7f0a37c395.jpg,0,daisy,1,dandelion,"[{'class_name': 'dandelion', 'probability': 0.6491326093673706}, {'class_name': 'daisy', 'probability': 0.15688830614089966}, {'class_name': 'rose', 'probability': 0.09078916162252426}]"
daisy/14264136211_9531fbc144.jpg,0,daisy,2,rose,"[{'class_name': 'rose', 'probability': 0.47537633776664734}, {'class_name': 'tulip', 'probability': 0.2438317984342575}, {'class_name': 'sunflower', 'probability': 0.10581628978252411}]"
daisy/14372713423_61e2daae88.jpg,0,daisy,0,daisy,"[{'class_name': 'daisy', 'probability': 0.8027515411376953}, {'class_name': 'sunflower', 'probability': 0.10684613138437271}, {'class_name': 'rose', 'probability': 0.04535675793886185}]"
daisy/14569895116_32f0dcb0f9.jpg,0,daisy,0,daisy,"[{'class_name': 'daisy', 'probability': 0.9438064098358154}, {'class_name': 'sunflower', 'probability': 0.03800557553768158}, {'class_name': 'tulip', 'probability': 0.007949021644890308}]"
daisy/14907815010_bff495449f.jpg,0,daisy,0,daisy,"[{'class_name': 'daisy', 'probability': 0.8672328591346741}, {'class_name': 'rose', 'probability': 0.06563421338796616}, {'class_name': 'tulip', 'probability': 0.0320366732776165}]"
daisy/15784493690_b1858cdb2b_n.jpg,0,daisy,0,daisy,"[{'class_name': 'daisy', 'probability': 0.9966159462928772}, {'class_name': 'sunflower', 'probability': 0.0014698542654514313}, {'class_name': 'rose', 'probability': 0.0010402122279629111}]"
daisy/16121105382_b96251e506_m.jpg,0,daisy,2,rose,"[{'class_name': 'rose', 'probability': 0.346565306186676}, {'class_name': 'daisy', 'probability': 0.2912953495979309}, {'class_name': 'dandelion', 'probability': 0.1963767409324646}]"
daisy/16819071290_471d99e166_m.jpg,0,daisy,0,daisy,"[{'class_name': 'daisy', 'probability': 0.9950620532035828}, {'class_name': 'rose', 'probability': 0.0032563989516347647}, {'class_name': 'tulip', 'probability': 0.0007526291301473975}]"
daisy/17821980772_35164ae1e8_n.jpg,0,daisy,0,daisy,"[{'class_name': 'daisy', 'probability': 0.5868595242500305}, {'class_name': 'rose', 'probability': 0.1393379122018814}, {'class_name': 'dandelion', 'probability': 0.10474732518196106}]"
daisy/18354545086_693ea7bc2a.jpg,0,daisy,0,daisy,"[{'class_name': 'daisy', 'probability': 0.9723150134086609}, {'class_name': 'dandelion', 'probability': 0.01519424095749855}, {'class_name': 'rose', 'probability': 0.005508063826709986}]"
daisy/18635898912_eb8e058ef0.jpg,0,daisy,2,rose,"[{'class_name': 'rose', 'probability': 0.5056973695755005}, {'class_name': 'daisy', 'probability': 0.3040994703769684}, {'class_name': 'tulip', 'probability': 0.16926822066307068}]"
daisy/18684594849_7dd3634f5e_n.jpg,0,daisy,0,daisy,"[{'class_name': 'daisy', 'probability': 0.9840447902679443}, {'class_name': 'sunflower', 'probability': 0.008556405082345009}, {'class_name': 'rose', 'probability': 0.0029875654727220535}]"
daisy/19813618946_93818db7aa_m.jpg,0,daisy,0,daisy,"[{'class_name': 'daisy', 'probability': 0.9879059791564941}, {'class_name': 'sunflower', 'probability': 0.0058841104619205}, {'class_name': 'rose', 'probability': 0.00340622803196311}]"
daisy/19834392829_7d697871f6.jpg,0,daisy,0,daisy,"[{'class_name': 'daisy', 'probability': 0.9696813821792603}, {'class_name': 'rose', 'probability': 0.017922818660736084}, {'class_name': 'tulip', 'probability': 0.004972008056938648}]"
daisy/19865728236_a62f8f445b_n.jpg,0,daisy,1,dandelion,"[{'class_name': 'dandelion', 'probability': 0.5538089871406555}, {'class_name': 'daisy', 'probability': 0.2426316887140274}, {'class_name': 'rose', 'probability': 0.09643296897411346}]"
daisy/20329326505_a777c71cc2.jpg,0,daisy,0,daisy,"[{'class_name': 'daisy', 'probability': 0.9540207386016846}, {'class_name': 'rose', 'probability': 0.016621556133031845}, {'class_name': 'sunflower', 'probability': 0.015925634652376175}]"
daisy/2045022175_ad087f5f60_n.jpg,0,daisy,0,daisy,"[{'class_name': 'daisy', 'probability': 0.4902191162109375}, {'class_name': 'dandelion', 'probability': 0.23207013309001923}, {'class_name': 'rose', 'probability': 0.17571352422237396}]"
daisy/20773528301_008fcbc5a1_n.jpg,0,daisy,0,daisy,"[{'class_name': 'daisy', 'probability': 0.9374397993087769}, {'class_name': 'tulip', 'probability': 0.024898191913962364}, {'class_name': 'rose', 'probability': 0.018517477437853813}]"
daisy/2077865117_9ed85191ae_n.jpg,0,daisy,0,daisy,"[{'class_name': 'daisy', 'probability': 0.9936896562576294}, {'class_name': 'rose', 'probability': 0.0033306549303233624}, {'class_name': 'sunflower', 'probability': 0.001058576861396432}]"
daisy/21626652132_97e1318bb8_m.jpg,0,daisy,0,daisy,"[{'class_name': 'daisy', 'probability': 0.9969242215156555}, {'class_name': 'rose', 'probability': 0.0019004695350304246}, {'class_name': 'tulip', 'probability': 0.000492716790176928}]"
daisy/21805938544_bf6bb0e4bc.jpg,0,daisy,2,rose,"[{'class_name': 'rose', 'probability': 0.678581178188324}, {'class_name': 'tulip', 'probability': 0.17336712777614594}, {'class_name': 'daisy', 'probability': 0.12417002767324448}]"
daisy/2349640101_212c275aa7.jpg,0,daisy,4,tulip,"[{'class_name': 'tulip', 'probability': 0.8012527227401733}, {'class_name': 'rose', 'probability': 0.14160029590129852}, {'class_name': 'daisy', 'probability': 0.03568654507398605}]"
daisy/2365428551_39f83f10bf_n.jpg,0,daisy,0,daisy,"[{'class_name': 'daisy', 'probability': 0.6825162768363953}, {'class_name': 'dandelion', 'probability': 0.13694801926612854}, {'class_name': 'sunflower', 'probability': 0.09905654191970825}]"
daisy/2481823240_eab0d86921.jpg,0,daisy,3,sunflower,"[{'class_name': 'sunflower', 'probability': 0.34669002890586853}, {'class_name': 'daisy', 'probability': 0.2752170264720917}, {'class_name': 'dandelion', 'probability': 0.23623108863830566}]"
daisy/2511306240_9047015f2d_n.jpg,0,daisy,1,dandelion,"[{'class_name': 'dandelion', 'probability': 0.6151949167251587}, {'class_name': 'daisy', 'probability': 0.18358679115772247}, {'class_name': 'rose', 'probability': 0.09314101934432983}]"
daisy/2536529152_33ef3ee078_n.jpg,0,daisy,0,daisy,"[{'class_name': 'daisy', 'probability': 0.9925755262374878}, {'class_name': 'rose', 'probability': 0.003891807049512863}, {'class_name': 'sunflower', 'probability': 0.0013090475695207715}]"
daisy/2561371688_c80a4fe957_n.jpg,0,daisy,1,dandelion,"[{'class_name': 'dandelion', 'probability': 0.45988744497299194}, {'class_name': 'tulip', 'probability': 0.28466740250587463}, {'class_name': 'daisy', 'probability': 0.11330097168684006}]"
daisy/2621723097_736febb4a4_n.jpg,0,daisy,0,daisy,"[{'class_name': 'daisy', 'probability': 0.9872978925704956}, {'class_name': 'rose', 'probability': 0.009796995669603348}, {'class_name': 'tulip', 'probability': 0.0017036385834217072}]"
daisy/2635314490_e12d3b0f36_m.jpg,0,daisy,1,dandelion,"[{'class_name': 'dandelion', 'probability': 0.4824253022670746}, {'class_name': 'daisy', 'probability': 0.31776922941207886}, {'class_name': 'rose', 'probability': 0.08913547545671463}]"
daisy/2666572212_2caca8de9f_n.jpg,0,daisy,0,daisy,"[{'class_name': 'daisy', 'probability': 0.362970769405365}, {'class_name': 'dandelion', 'probability': 0.2920411229133606}, {'class_name': 'rose', 'probability': 0.23891712725162506}]"
daisy/2901376034_cdb4bac26b_m.jpg,0,daisy,0,daisy,"[{'class_name': 'daisy', 'probability': 0.3951391279697418}, {'class_name': 'tulip', 'probability': 0.33578112721443176}, {'class_name': 'rose', 'probability': 0.23362623155117035}]"
daisy/294451721_5106537b34.jpg,0,daisy,1,dandelion,"[{'class_name': 'dandelion', 'probability': 0.5653762817382812}, {'class_name': 'daisy', 'probability': 0.22717824578285217}, {'class_name': 'rose', 'probability': 0.11957647651433945}]"
daisy/3275951182_d27921af97_n.jpg,0,daisy,0,daisy,"[{'class_name': 'daisy', 'probability': 0.8796335458755493}, {'class_name': 'sunflower', 'probability': 0.06320229172706604}, {'class_name': 'rose', 'probability': 0.029085718095302582}]"
daisy/3356112863_75da8bca2c_m.jpg,0,daisy,0,daisy,"[{'class_name': 'daisy', 'probability': 0.9989421963691711}, {'class_name': 'rose', 'probability': 0.0006440675351768732}, {'class_name': 'tulip', 'probability': 0.00017310449038632214}]"
daisy/33855966243_01b2486428_n.jpg,0,daisy,0,daisy,"[{'class_name': 'daisy', 'probability': 0.40143072605133057}, {'class_name': 'dandelion', 'probability': 0.2136266678571701}, {'class_name': 'rose', 'probability': 0.166481152176857}]"
daisy/33901756843_94e198d40e_n.jpg,0,daisy,1,dandelion,"[{'class_name': 'dandelion', 'probability': 0.4351726770401001}, {'class_name': 'sunflower', 'probability': 0.3339409828186035}, {'class_name': 'daisy', 'probability': 0.1378302276134491}]"
daisy/34295444880_b4376b3a8b_n.jpg,0,daisy,2,rose,"[{'class_name': 'rose', 'probability': 0.39445459842681885}, {'class_name': 'tulip', 'probability': 0.2926807403564453}, {'class_name': 'daisy', 'probability': 0.2544560730457306}]"
daisy/34508227161_a9ff840f71_n.jpg,0,daisy,4,tulip,"[{'class_name': 'tulip', 'probability': 0.32069090008735657}, {'class_name': 'daisy', 'probability': 0.24763421714305878}, {'class_name': 'dandelion', 'probability': 0.2020224779844284}]"
daisy/34520699571_f880744f46_n.jpg,0,daisy,0,daisy,"[{'class_name': 'daisy', 'probability': 0.40798500180244446}, {'class_name': 'sunflower', 'probability': 0.1712077111005783}, {'class_name': 'tulip', 'probability': 0.16566862165927887}]"
daisy/34524085651_1f0b7e9497_n.jpg,0,daisy,0,daisy,"[{'class_name': 'daisy', 'probability': 0.9956521391868591}, {'class_name': 'sunflower', 'probability': 0.0036215661093592644}, {'class_name': 'rose', 'probability': 0.0003199465572834015}]"
daisy/34637394046_f85541735d_n.jpg,0,daisy,0,daisy,"[{'class_name': 'daisy', 'probability': 0.8710772395133972}, {'class_name': 'dandelion', 'probability': 0.07478883862495422}, {'class_name': 'rose', 'probability': 0.024210767820477486}]"
daisy/34638378196_216d5bbc2e_n.jpg,0,daisy,1,dandelion,"[{'class_name': 'dandelion', 'probability': 0.5960114002227783}, {'class_name': 'daisy', 'probability': 0.24567314982414246}, {'class_name': 'sunflower', 'probability': 0.060371555387973785}]"
daisy/34664107325_701d5c6f08_n.jpg,0,daisy,0,daisy,"[{'class_name': 'daisy', 'probability': 0.8121420741081238}, {'class_name': 'rose', 'probability': 0.10563299804925919}, {'class_name': 'dandelion', 'probability': 0.03836517781019211}]"
daisy/34696730126_056ffea63c_n.jpg,0,daisy,3,sunflower,"[{'class_name': 'sunflower', 'probability': 0.3946441411972046}, {'class_name': 'daisy', 'probability': 0.240139439702034}, {'class_name': 'dandelion', 'probability': 0.1651494801044464}]"
daisy/34729724865_787c98299d_n.jpg,0,daisy,0,daisy,"[{'class_name': 'daisy', 'probability': 0.8846715688705444}, {'class_name': 'dandelion', 'probability': 0.05138314515352249}, {'class_name': 'rose', 'probability': 0.03067013807594776}]"
daisy/3474942718_c418dae6f1.jpg,0,daisy,1,dandelion,"[{'class_name': 'dandelion', 'probability': 0.5668656826019287}, {'class_name': 'rose', 'probability': 0.18439526855945587}, {'class_name': 'daisy', 'probability': 0.14931637048721313}]"
daisy/3506866918_61dd5fc53b_n.jpg,0,daisy,2,rose,"[{'class_name': 'rose', 'probability': 0.5757376551628113}, {'class_name': 'daisy', 'probability': 0.1929902285337448}, {'class_name': 'tulip', 'probability': 0.18796031177043915}]"
daisy/3611577717_f3a7a8c416_n.jpg,0,daisy,0,daisy,"[{'class_name': 'daisy', 'probability': 0.9839028120040894}, {'class_name': 'rose', 'probability': 0.007870767265558243}, {'class_name': 'tulip', 'probability': 0.004899227060377598}]"
daisy/3640845041_80a92c4205_n.jpg,0,daisy,0,daisy,"[{'class_name': 'daisy', 'probability': 0.6359173059463501}, {'class_name': 'tulip', 'probability': 0.15242505073547363}, {'class_name': 'rose', 'probability': 0.11356896162033081}]"
daisy/367020749_3c9a652d75.jpg,0,daisy,1,dandelion,"[{'class_name': 'dandelion', 'probability': 0.49045541882514954}, {'class_name': 'daisy', 'probability': 0.3381274342536926}, {'class_name': 'rose', 'probability': 0.11163657903671265}]"
daisy/3704305945_a80e60e2f6_m.jpg,0,daisy,0,daisy,"[{'class_name': 'daisy', 'probability': 0.9893704652786255}, {'class_name': 'sunflower', 'probability': 0.005170175340026617}, {'class_name': 'rose', 'probability': 0.0027044271118938923}]"
daisy/3750250718_eb61146c5f.jpg,0,daisy,0,daisy,"[{'class_name': 'daisy', 'probability': 0.9742409586906433}, {'class_name': 'rose', 'probability': 0.013915633782744408}, {'class_name': 'tulip', 'probability': 0.005519181955605745}]"
daisy/3963330924_6c6a3fa7be_n.jpg,0,daisy,0,daisy,"[{'class_name': 'daisy', 'probability': 0.992897629737854}, {'class_name': 'sunflower', 'probability': 0.0037380314897745848}, {'class_name': 'rose', 'probability': 0.0018354975618422031}]"
daisy/4276898893_609d11db8b.jpg,0,daisy,1,dandelion,"[{'class_name': 'dandelion', 'probability': 0.2887515127658844}, {'class_name': 'daisy', 'probability': 0.26576223969459534}, {'class_name': 'rose', 'probability': 0.19328688085079193}]"
daisy/4278442064_a5a598524b_m.jpg,0,daisy,0,daisy,"[{'class_name': 'daisy', 'probability': 0.3852301239967346}, {'class_name': 'dandelion', 'probability': 0.3566798269748688}, {'class_name': 'rose', 'probability': 0.12339553236961365}]"
daisy/4413849849_b8d2f3bcf1_n.jpg,0,daisy,0,daisy,"[{'class_name': 'daisy', 'probability': 0.6603054404258728}, {'class_name': 'rose', 'probability': 0.22895364463329315}, {'class_name': 'dandelion', 'probability': 0.0542418397963047}]"
daisy/4434592930_6610d51fca_m.jpg,0,daisy,0,daisy,"[{'class_name': 'daisy', 'probability': 0.7930541634559631}, {'class_name': 'dandelion', 'probability': 0.08092562109231949}, {'class_name': 'rose', 'probability': 0.08004633337259293}]"
daisy/4534460263_8e9611db3c_n.jpg,0,daisy,0,daisy,"[{'class_name': 'daisy', 'probability': 0.6926160454750061}, {'class_name': 'rose', 'probability': 0.1400233805179596}, {'class_name': 'tulip', 'probability': 0.07004308700561523}]"
daisy/4540555191_3254dc4608_n.jpg,0,daisy,0,daisy,"[{'class_name': 'daisy', 'probability': 0.5251137614250183}, {'class_name': 'dandelion', 'probability': 0.40815025568008423}, {'class_name': 'rose', 'probability': 0.03748998045921326}]"
daisy/4724713781_d169f98a35.jpg,0,daisy,0,daisy,"[{'class_name': 'daisy', 'probability': 0.8417692184448242}, {'class_name': 'dandelion', 'probability': 0.08091014623641968}, {'class_name': 'sunflower', 'probability': 0.040278688073158264}]"
daisy/4746633946_23933c0810.jpg,0,daisy,0,daisy,"[{'class_name': 'daisy', 'probability': 0.9856467843055725}, {'class_name': 'rose', 'probability': 0.007146857678890228}, {'class_name': 'dandelion', 'probability': 0.0034997588954865932}]"
daisy/4785888250_b661eac225_n.jpg,0,daisy,0,daisy,"[{'class_name': 'daisy', 'probability': 0.6744257211685181}, {'class_name': 'rose', 'probability': 0.2348204255104065}, {'class_name': 'dandelion', 'probability': 0.04160163924098015}]"
daisy/4837182901_69a6cc782b_n.jpg,0,daisy,0,daisy,"[{'class_name': 'daisy', 'probability': 0.9955843091011047}, {'class_name': 'rose', 'probability': 0.0018942977767437696}, {'class_name': 'sunflower', 'probability': 0.0013044385705143213}]"
daisy/4890424315_6a59696357_n.jpg,0,daisy,1,dandelion,"[{'class_name': 'dandelion', 'probability': 0.38187894225120544}, {'class_name': 'daisy', 'probability': 0.3298870623111725}, {'class_name': 'sunflower', 'probability': 0.17040970921516418}]"
daisy/4923279674_e7f8e70794_n.jpg,0,daisy,0,daisy,"[{'class_name': 'daisy', 'probability': 0.7992007732391357}, {'class_name': 'sunflower', 'probability': 0.0827493891119957}, {'class_name': 'rose', 'probability': 0.05247166007757187}]"
daisy/4955671608_8d3862db05_n.jpg,0,daisy,0,daisy,"[{'class_name': 'daisy', 'probability': 0.9704031348228455}, {'class_name': 'rose', 'probability': 0.012810504995286465}, {'class_name': 'dandelion', 'probability': 0.0076726144179701805}]"
daisy/5110105726_53eb7a93be_m.jpg,0,daisy,0,daisy,"[{'class_name': 'daisy', 'probability': 0.91217041015625}, {'class_name': 'rose', 'probability': 0.03517250716686249}, {'class_name': 'dandelion', 'probability': 0.03363782912492752}]"
daisy/512477177_d9004cbcf1_n.jpg,0,daisy,1,dandelion,"[{'class_name': 'dandelion', 'probability': 0.8110889792442322}, {'class_name': 'daisy', 'probability': 0.08340596407651901}, {'class_name': 'rose', 'probability': 0.05043632164597511}]"
daisy/534547364_3f6b7279d2_n.jpg,0,daisy,0,daisy,"[{'class_name': 'daisy', 'probability': 0.46386629343032837}, {'class_name': 'rose', 'probability': 0.29102253913879395}, {'class_name': 'tulip', 'probability': 0.12788918614387512}]"
daisy/54377391_15648e8d18.jpg,0,daisy,0,daisy,"[{'class_name': 'daisy', 'probability': 0.5753735303878784}, {'class_name': 'dandelion', 'probability': 0.13824020326137543}, {'class_name': 'rose', 'probability': 0.12785372138023376}]"
daisy/5459481183_18d2d49e44_m.jpg,0,daisy,0,daisy,"[{'class_name': 'daisy', 'probability': 0.9375526309013367}, {'class_name': 'rose', 'probability': 0.03025215119123459}, {'class_name': 'tulip', 'probability': 0.013033292256295681}]"
daisy/5561775629_a2b709b3a4_n.jpg,0,daisy,0,daisy,"[{'class_name': 'daisy', 'probability': 0.5267798900604248}, {'class_name': 'rose', 'probability': 0.1943313330411911}, {'class_name': 'dandelion', 'probability': 0.17099782824516296}]"
daisy/5608389827_a42a46f760.jpg,0,daisy,0,daisy,"[{'class_name': 'daisy', 'probability': 0.6195406913757324}, {'class_name': 'rose', 'probability': 0.15474118292331696}, {'class_name': 'sunflower', 'probability': 0.10737888514995575}]"
daisy/5665834973_76bd6c6523_m.jpg,0,daisy,1,dandelion,"[{'class_name': 'dandelion', 'probability': 0.7572371363639832}, {'class_name': 'daisy', 'probability': 0.18968507647514343}, {'class_name': 'rose', 'probability': 0.023896731436252594}]"
daisy/5665838969_fe217988b9_m.jpg,0,daisy,1,dandelion,"[{'class_name': 'dandelion', 'probability': 0.8841615915298462}, {'class_name': 'daisy', 'probability': 0.06298695504665375}, {'class_name': 'rose', 'probability': 0.024602586403489113}]"
daisy/5773652803_574b51414f_n.jpg,0,daisy,0,daisy,"[{'class_name': 'daisy', 'probability': 0.9996249675750732}, {'class_name': 'sunflower', 'probability': 0.00021898082923144102}, {'class_name': 'rose', 'probability': 9.182946814689785e-05}]"
daisy/5794835_d15905c7c8_n.jpg,0,daisy,0,daisy,"[{'class_name': 'daisy', 'probability': 0.9684540033340454}, {'class_name': 'rose', 'probability': 0.0112847201526165}, {'class_name': 'sunflower', 'probability': 0.007281009573489428}]"
daisy/5869147563_66fb88119d.jpg,0,daisy,0,daisy,"[{'class_name': 'daisy', 'probability': 0.9980000853538513}, {'class_name': 'rose', 'probability': 0.0014737286837771535}, {'class_name': 'tulip', 'probability': 0.00027122371830046177}]"
daisy/5884807222_22f5326ba8_m.jpg,0,daisy,0,daisy,"[{'class_name': 'daisy', 'probability': 0.9997984766960144}, {'class_name': 'sunflower', 'probability': 9.083122131414711e-05}, {'class_name': 'rose', 'probability': 6.479941657744348e-05}]"
daisy/5885826924_38fdc6bcaa_n.jpg,0,daisy,0,daisy,"[{'class_name': 'daisy', 'probability': 0.9908931255340576}, {'class_name': 'sunflower', 'probability': 0.003442457178607583}, {'class_name': 'rose', 'probability': 0.0030962354503571987}]"
daisy/5896675418_e6ff20a739_n.jpg,0,daisy,0,daisy,"[{'class_name': 'daisy', 'probability': 0.9658070802688599}, {'class_name': 'sunflower', 'probability': 0.01575734093785286}, {'class_name': 'dandelion', 'probability': 0.007770867552608252}]"
daisy/5896680664_641de2de5a_n.jpg,0,daisy,0,daisy,"[{'class_name': 'daisy', 'probability': 0.6260738968849182}, {'class_name': 'dandelion', 'probability': 0.15186285972595215}, {'class_name': 'rose', 'probability': 0.0801706463098526}]"
daisy/5905504340_1d60fa9611_n.jpg,0,daisy,0,daisy,"[{'class_name': 'daisy', 'probability': 0.7968896627426147}, {'class_name': 'rose', 'probability': 0.06990209966897964}, {'class_name': 'sunflower', 'probability': 0.059057943522930145}]"
daisy/5944315415_2be8abeb2f_m.jpg,0,daisy,0,daisy,"[{'class_name': 'daisy', 'probability': 0.5565842986106873}, {'class_name': 'dandelion', 'probability': 0.29518163204193115}, {'class_name': 'sunflower', 'probability': 0.06771514564752579}]"
daisy/5948835387_5a98d39eff_m.jpg,0,daisy,0,daisy,"[{'class_name': 'daisy', 'probability': 0.997879147529602}, {'class_name': 'sunflower', 'probability': 0.0009896131232380867}, {'class_name': 'rose', 'probability': 0.0005637097638100386}]"
daisy/6323721068_3d3394af6d_n.jpg,0,daisy,3,sunflower,"[{'class_name': 'sunflower', 'probability': 0.31504568457603455}, {'class_name': 'daisy', 'probability': 0.22052183747291565}, {'class_name': 'dandelion', 'probability': 0.20720189809799194}]"
daisy/6480809573_76a0074b69_n.jpg,0,daisy,0,daisy,"[{'class_name': 'daisy', 'probability': 0.7760581374168396}, {'class_name': 'rose', 'probability': 0.08911247551441193}, {'class_name': 'dandelion', 'probability': 0.06512418389320374}]"
daisy/6529588249_d9cbe68aab_n.jpg,0,daisy,0,daisy,"[{'class_name': 'daisy', 'probability': 0.9986692667007446}, {'class_name': 'sunflower', 'probability': 0.0005661840550601482}, {'class_name': 'rose', 'probability': 0.00045553906238637865}]"
daisy/6864242336_0d12713fe5_n.jpg,0,daisy,0,daisy,"[{'class_name': 'daisy', 'probability': 0.7954022288322449}, {'class_name': 'dandelion', 'probability': 0.12734681367874146}, {'class_name': 'sunflower', 'probability': 0.0311580840498209}]"
daisy/7066602021_2647457985_m.jpg,0,daisy,2,rose,"[{'class_name': 'rose', 'probability': 0.5888468623161316}, {'class_name': 'tulip', 'probability': 0.3793639838695526}, {'class_name': 'daisy', 'probability': 0.01848653517663479}]"
daisy/7133935763_82b17c8e1b_n.jpg,0,daisy,1,dandelion,"[{'class_name': 'dandelion', 'probability': 0.6175472736358643}, {'class_name': 'daisy', 'probability': 0.26844629645347595}, {'class_name': 'sunflower', 'probability': 0.04243246465921402}]"
daisy/7358085448_b317d11cd5.jpg,0,daisy,1,dandelion,"[{'class_name': 'dandelion', 'probability': 0.6561487913131714}, {'class_name': 'daisy', 'probability': 0.1759287267923355}, {'class_name': 'sunflower', 'probability': 0.06603474915027618}]"
daisy/7454630692_ab2d67dd18_m.jpg,0,daisy,0,daisy,"[{'class_name': 'daisy', 'probability': 0.9948391318321228}, {'class_name': 'sunflower', 'probability': 0.002574772108346224}, {'class_name': 'rose', 'probability': 0.0014480131212621927}]"
daisy/7630520686_e3a61ac763.jpg,0,daisy,1,dandelion,"[{'class_name': 'dandelion', 'probability': 0.544102132320404}, {'class_name': 'daisy', 'probability': 0.3742453157901764}, {'class_name': 'rose', 'probability': 0.04248232766985893}]"
daisy/8085329197_41d53a21e2_n.jpg,0,daisy,0,daisy,"[{'class_name': 'daisy', 'probability': 0.8186193108558655}, {'class_name': 'rose', 'probability': 0.1087554469704628}, {'class_name': 'tulip', 'probability': 0.04149801284074783}]"
daisy/8348621545_8f02b82662_n.jpg,0,daisy,1,dandelion,"[{'class_name': 'dandelion', 'probability': 0.5853321552276611}, {'class_name': 'daisy', 'probability': 0.3531569540500641}, {'class_name': 'rose', 'probability': 0.029606658965349197}]"
daisy/8706810197_17b6c1f1e7.jpg,0,daisy,0,daisy,"[{'class_name': 'daisy', 'probability': 0.6448968648910522}, {'class_name': 'dandelion', 'probability': 0.11942217499017715}, {'class_name': 'sunflower', 'probability': 0.11459502577781677}]"
daisy/8938566373_d129e7af75.jpg,0,daisy,0,daisy,"[{'class_name': 'daisy', 'probability': 0.9228553175926208}, {'class_name': 'rose', 'probability': 0.06261853873729706}, {'class_name': 'tulip', 'probability': 0.009107077494263649}]"
daisy/9094631844_1a6abca29e.jpg,0,daisy,0,daisy,"[{'class_name': 'daisy', 'probability': 0.6931495666503906}, {'class_name': 'sunflower', 'probability': 0.16192016005516052}, {'class_name': 'dandelion', 'probability': 0.0775209367275238}]"
daisy/9146733107_98b15d3892_m.jpg,0,daisy,0,daisy,"[{'class_name': 'daisy', 'probability': 0.9920869469642639}, {'class_name': 'rose', 'probability': 0.0030768595170229673}, {'class_name': 'sunflower', 'probability': 0.0021719650831073523}]"
daisy/9158041313_7a6a102f7a_n.jpg,0,daisy,0,daisy,"[{'class_name': 'daisy', 'probability': 0.4609915614128113}, {'class_name': 'rose', 'probability': 0.4098435044288635}, {'class_name': 'tulip', 'probability': 0.08004733175039291}]"
daisy/9225336602_e6c392f941_n.jpg,0,daisy,0,daisy,"[{'class_name': 'daisy', 'probability': 0.7283951640129089}, {'class_name': 'sunflower', 'probability': 0.10408910363912582}, {'class_name': 'rose', 'probability': 0.0756976529955864}]"
daisy/9244082319_b1f7e2d8b0_n.jpg,0,daisy,1,dandelion,"[{'class_name': 'dandelion', 'probability': 0.6505430340766907}, {'class_name': 'daisy', 'probability': 0.14369310438632965}, {'class_name': 'tulip', 'probability': 0.11649658530950546}]"
daisy/9467543719_c4800becbb_m.jpg,0,daisy,0,daisy,"[{'class_name': 'daisy', 'probability': 0.978010356426239}, {'class_name': 'rose', 'probability': 0.007904925383627415}, {'class_name': 'dandelion', 'probability': 0.007403779309242964}]"
daisy/9529916092_de70623523_n.jpg,0,daisy,0,daisy,"[{'class_name': 'daisy', 'probability': 0.9931734204292297}, {'class_name': 'rose', 'probability': 0.002839120803400874}, {'class_name': 'sunflower', 'probability': 0.002112348098307848}]"
daisy/9593034725_0062f0d24e_n.jpg,0,daisy,0,daisy,"[{'class_name': 'daisy', 'probability': 0.9993556141853333}, {'class_name': 'rose', 'probability': 0.00031256244983524084}, {'class_name': 'sunflower', 'probability': 0.00015447176701854914}]"
dandelion/10486992895_20b344ce2d_n.jpg,1,dandelion,1,dandelion,"[{'class_name': 'dandelion', 'probability': 0.9690635800361633}, {'class_name': 'daisy', 'probability': 0.015716183930635452}, {'class_name': 'tulip', 'probability': 0.005836533848196268}]"
dandelion/10617162044_8740d4dd9f_n.jpg,1,dandelion,1,dandelion,"[{'class_name': 'dandelion', 'probability': 0.4907090961933136}, {'class_name': 'tulip', 'probability': 0.18207935988903046}, {'class_name': 'sunflower', 'probability': 0.14842981100082397}]"
dandelion/10617191174_9a01753241_n.jpg,1,dandelion,1,dandelion,"[{'class_name': 'dandelion', 'probability': 0.36556440591812134}, {'class_name': 'rose', 'probability': 0.22421801090240479}, {'class_name': 'tulip', 'probability': 0.2117914855480194}]"
dandelion/11405573_24a8a838cc_n.jpg,1,dandelion,1,dandelion,"[{'class_name': 'dandelion', 'probability': 0.897296130657196}, {'class_name': 'daisy', 'probability': 0.039056941866874695}, {'class_name': 'rose', 'probability': 0.027296502143144608}]"
dandelion/1195255751_d58b3d3076.jpg,1,dandelion,1,dandelion,"[{'class_name': 'dandelion', 'probability': 0.7793295979499817}, {'class_name': 'tulip', 'probability': 0.103680320084095}, {'class_name': 'sunflower', 'probability': 0.049886759370565414}]"
dandelion/12093962485_7c3e9a2a23_n.jpg,1,dandelion,3,sunflower,"[{'class_name': 'sunflower', 'probability': 0.6169583201408386}, {'class_name': 'dandelion', 'probability': 0.2690560817718506}, {'class_name': 'daisy', 'probability': 0.09310004115104675}]"
dandelion/1241011700_261ae180ca.jpg,1,dandelion,1,dandelion,"[{'class_name': 'dandelion', 'probability': 0.7836175560951233}, {'class_name': 'sunflower', 'probability': 0.14008764922618866}, {'class_name': 'daisy', 'probability': 0.03889402002096176}]"
dandelion/1297972485_33266a18d9.jpg,1,dandelion,1,dandelion,"[{'class_name': 'dandelion', 'probability': 0.8249070644378662}, {'class_name': 'daisy', 'probability': 0.09886659681797028}, {'class_name': 'sunflower', 'probability': 0.04816692695021629}]"
dandelion/12998979765_3de89e7195_n.jpg,1,dandelion,1,dandelion,"[{'class_name': 'dandelion', 'probability': 0.8907910585403442}, {'class_name': 'daisy', 'probability': 0.036476463079452515}, {'class_name': 'tulip', 'probability': 0.027234306558966637}]"
dandelion/1353279846_7e6b87606d.jpg,1,dandelion,1,dandelion,"[{'class_name': 'dandelion', 'probability': 0.8803855776786804}, {'class_name': 'daisy', 'probability': 0.03727821633219719}, {'class_name': 'tulip', 'probability': 0.0314781628549099}]"
dandelion/136011860_44ca0b2835_n.jpg,1,dandelion,1,dandelion,"[{'class_name': 'dandelion', 'probability': 0.9479284882545471}, {'class_name': 'sunflower', 'probability': 0.019703200086951256}, {'class_name': 'daisy', 'probability': 0.01658410206437111}]"
dandelion/136999986_e410a68efb_n.jpg,1,dandelion,1,dandelion,"[{'class_name': 'dandelion', 'probability': 0.9776085615158081}, {'class_name': 'daisy', 'probability': 0.01419772021472454}, {'class_name': 'tulip', 'probability': 0.003457753686234355}]"
dandelion/13920113_f03e867ea7_m.jpg,1,dandelion,1,dandelion,"[{'class_name': 'dandelion', 'probability': 0.8779374361038208}, {'class_name': 'daisy', 'probability': 0.08488928526639938}, {'class_name': 'rose', 'probability': 0.013818309642374516}]"
dandelion/14019781123_ea0f8722d4_n.jpg,1,dandelion,1,dandelion,"[{'class_name': 'dandelion', 'probability': 0.894791841506958}, {'class_name': 'daisy', 'probability': 0.041025854647159576}, {'class_name': 'rose', 'probability': 0.03722168877720833}]"
dandelion/14021281124_89cc388eac_n.jpg,1,dandelion,1,dandelion,"[{'class_name': 'dandelion', 'probability': 0.9622031450271606}, {'class_name': 'daisy', 'probability': 0.022537248209118843}, {'class_name': 'tulip', 'probability': 0.006269772537052631}]"
dandelion/14128839257_23def53028.jpg,1,dandelion,1,dandelion,"[{'class_name': 'dandelion', 'probability': 0.833032488822937}, {'class_name': 'daisy', 'probability': 0.06755685806274414}, {'class_name': 'rose', 'probability': 0.038423605263233185}]"
dandelion/14278605962_d3cce5522f.jpg,1,dandelion,1,dandelion,"[{'class_name': 'dandelion', 'probability': 0.9717744588851929}, {'class_name': 'daisy', 'probability': 0.012497677467763424}, {'class_name': 'tulip', 'probability': 0.006196184083819389}]"
dandelion/142813254_20a7fd5fb6_n.jpg,1,dandelion,1,dandelion,"[{'class_name': 'dandelion', 'probability': 0.9707124829292297}, {'class_name': 'daisy', 'probability': 0.019988631829619408}, {'class_name': 'tulip', 'probability': 0.003647971898317337}]"
dandelion/14313509432_6f2343d6c8_m.jpg,1,dandelion,1,dandelion,"[{'class_name': 'dandelion', 'probability': 0.38534611463546753}, {'class_name': 'tulip', 'probability': 0.1924288421869278}, {'class_name': 'rose', 'probability': 0.1759643405675888}]"
dandelion/148180650_19a4b410db.jpg,1,dandelion,1,dandelion,"[{'class_name': 'dandelion', 'probability': 0.9258783459663391}, {'class_name': 'daisy', 'probability': 0.029991107061505318}, {'class_name': 'rose', 'probability': 0.02041090838611126}]"
dandelion/160456948_38c3817c6a_m.jpg,1,dandelion,1,dandelion,"[{'class_name': 'dandelion', 'probability': 0.9652996063232422}, {'class_name': 'daisy', 'probability': 0.015254208818078041}, {'class_name': 'tulip', 'probability': 0.008050916716456413}]"
dandelion/16237158409_01913cf918_n.jpg,1,dandelion,1,dandelion,"[{'class_name': 'dandelion', 'probability': 0.41273847222328186}, {'class_name': 'tulip', 'probability': 0.31307846307754517}, {'class_name': 'rose', 'probability': 0.13855688273906708}]"
dandelion/16242239484_51286673af.jpg,1,dandelion,1,dandelion,"[{'class_name': 'dandelion', 'probability': 0.9274659752845764}, {'class_name': 'daisy', 'probability': 0.038974594324827194}, {'class_name': 'rose', 'probability': 0.012754907831549644}]"
dandelion/16863587471_cc3a6ffb29_m.jpg,1,dandelion,1,dandelion,"[{'class_name': 'dandelion', 'probability': 0.7964468002319336}, {'class_name': 'daisy', 'probability': 0.07728948444128036}, {'class_name': 'rose', 'probability': 0.05457167327404022}]"
dandelion/16987075_9a690a2183.jpg,1,dandelion,1,dandelion,"[{'class_name': 'dandelion', 'probability': 0.6682083606719971}, {'class_name': 'sunflower', 'probability': 0.2605089545249939}, {'class_name': 'daisy', 'probability': 0.03935551270842552}]"
dandelion/17161833794_e1d92259d2_m.jpg,1,dandelion,1,dandelion,"[{'class_name': 'dandelion', 'probability': 0.3588477671146393}, {'class_name': 'rose', 'probability': 0.2969174087047577}, {'class_name': 'daisy', 'probability': 0.18657474219799042}]"
dandelion/17220096449_0e535989f0_n.jpg,1,dandelion,1,dandelion,"[{'class_name': 'dandelion', 'probability': 0.8564499020576477}, {'class_name': 'daisy', 'probability': 0.05491425469517708}, {'class_name': 'rose', 'probability': 0.03853826969861984}]"
dandelion/17346385582_7ba433dbbe.jpg,1,dandelion,1,dandelion,"[{'class_name': 'dandelion', 'probability': 0.9563148021697998}, {'class_name': 'daisy', 'probability': 0.02172577939927578}, {'class_name': 'rose', 'probability': 0.010392123833298683}]"
dandelion/17388697431_0d84c427d1_n.jpg,1,dandelion,1,dandelion,"[{'class_name': 'dandelion', 'probability': 0.976371705532074}, {'class_name': 'daisy', 'probability': 0.013318915851414204}, {'class_name': 'tulip', 'probability': 0.004386593122035265}]"
dandelion/17420983523_2e32d70359.jpg,1,dandelion,1,dandelion,"[{'class_name': 'dandelion', 'probability': 0.9513394832611084}, {'class_name': 'daisy', 'probability': 0.023600686341524124}, {'class_name': 'rose', 'probability': 0.009776340797543526}]"
dandelion/17457028309_95514c8d02_n.jpg,1,dandelion,3,sunflower,"[{'class_name': 'sunflower', 'probability': 0.5776291489601135}, {'class_name': 'dandelion', 'probability': 0.38634926080703735}, {'class_name': 'daisy', 'probability': 0.021408550441265106}]"
dandelion/17482158576_86c5ebc2f8.jpg,1,dandelion,1,dandelion,"[{'class_name': 'dandelion', 'probability': 0.4765240252017975}, {'class_name': 'daisy', 'probability': 0.42805787920951843}, {'class_name': 'rose', 'probability': 0.045618072152137756}]"
dandelion/17649230811_9bdbbacb8c.jpg,1,dandelion,1,dandelion,"[{'class_name': 'dandelion', 'probability': 0.9624150395393372}, {'class_name': 'daisy', 'probability': 0.02706947922706604}, {'class_name': 'tulip', 'probability': 0.004514374304562807}]"
dandelion/17688233756_21879104c1_n.jpg,1,dandelion,4,tulip,"[{'class_name': 'tulip', 'probability': 0.8547394871711731}, {'class_name': 'rose', 'probability': 0.11207135021686554}, {'class_name': 'sunflower', 'probability': 0.015286515466868877}]"
dandelion/177851662_b2622b4238_n.jpg,1,dandelion,1,dandelion,"[{'class_name': 'dandelion', 'probability': 0.9695861339569092}, {'class_name': 'daisy', 'probability': 0.014607650227844715}, {'class_name': 'tulip', 'probability': 0.006049490533769131}]"
dandelion/17821459748_873101edd0_m.jpg,1,dandelion,1,dandelion,"[{'class_name': 'dandelion', 'probability': 0.9816731214523315}, {'class_name': 'daisy', 'probability': 0.014202874153852463}, {'class_name': 'tulip', 'probability': 0.0017506314907222986}]"
dandelion/18010259565_d6aae33ca7_n.jpg,1,dandelion,1,dandelion,"[{'class_name': 'dandelion', 'probability': 0.9425119757652283}, {'class_name': 'daisy', 'probability': 0.021945925429463387}, {'class_name': 'tulip', 'probability': 0.014862394891679287}]"
dandelion/18204150090_fb418bbddb.jpg,1,dandelion,1,dandelion,"[{'class_name': 'dandelion', 'probability': 0.8872681856155396}, {'class_name': 'daisy', 'probability': 0.04615310952067375}, {'class_name': 'tulip', 'probability': 0.03462338075041771}]"
dandelion/18243329421_771b4d938e.jpg,1,dandelion,1,dandelion,"[{'class_name': 'dandelion', 'probability': 0.8996602892875671}, {'class_name': 'daisy', 'probability': 0.048060741275548935}, {'class_name': 'rose', 'probability': 0.02717500552535057}]"
dandelion/18282528206_7fb3166041.jpg,1,dandelion,1,dandelion,"[{'class_name': 'dandelion', 'probability': 0.950293779373169}, {'class_name': 'daisy', 'probability': 0.021248331293463707}, {'class_name': 'rose', 'probability': 0.01237059012055397}]"
dandelion/18304194360_2a4a0be631_m.jpg,1,dandelion,1,dandelion,"[{'class_name': 'dandelion', 'probability': 0.5150189995765686}, {'class_name': 'daisy', 'probability': 0.20726227760314941}, {'class_name': 'rose', 'probability': 0.14267930388450623}]"
dandelion/18342918441_b1bb69a2fd_n.jpg,1,dandelion,1,dandelion,"[{'class_name': 'dandelion', 'probability': 0.7567337155342102}, {'class_name': 'sunflower', 'probability': 0.10300436615943909}, {'class_name': 'tulip', 'probability': 0.056012287735939026}]"
dandelion/18995294384_77543e96b6_n.jpg,1,dandelion,1,dandelion,"[{'class_name': 'dandelion', 'probability': 0.6050322651863098}, {'class_name': 'sunflower', 'probability': 0.2923864722251892}, {'class_name': 'daisy', 'probability': 0.05216752737760544}]"
dandelion/19064700925_b93d474e37.jpg,1,dandelion,1,dandelion,"[{'class_name': 'dandelion', 'probability': 0.950165331363678}, {'class_name': 'daisy', 'probability': 0.027882549911737442}, {'class_name': 'sunflower', 'probability': 0.008599371649324894}]"
dandelion/19435491090_7af558e17e.jpg,1,dandelion,3,sunflower,"[{'class_name': 'sunflower', 'probability': 0.33217230439186096}, {'class_name': 'daisy', 'probability': 0.2851121425628662}, {'class_name': 'dandelion', 'probability': 0.27223068475723267}]"
dandelion/19617501581_606be5f716_n.jpg,1,dandelion,1,dandelion,"[{'class_name': 'dandelion', 'probability': 0.8187875151634216}, {'class_name': 'sunflower', 'probability': 0.10775038599967957}, {'class_name': 'daisy', 'probability': 0.03904438018798828}]"
dandelion/20179380768_7a2990d4e3_n.jpg,1,dandelion,1,dandelion,"[{'class_name': 'dandelion', 'probability': 0.9076389670372009}, {'class_name': 'sunflower', 'probability': 0.04171239584684372}, {'class_name': 'daisy', 'probability': 0.033627189695835114}]"
dandelion/2019520447_48b2354a20_m.jpg,1,dandelion,1,dandelion,"[{'class_name': 'dandelion', 'probability': 0.9269284605979919}, {'class_name': 'daisy', 'probability': 0.02691512741148472}, {'class_name': 'sunflower', 'probability': 0.02174779772758484}]"
dandelion/22196426956_eca94f6faa_m.jpg,1,dandelion,1,dandelion,"[{'class_name': 'dandelion', 'probability': 0.6566399335861206}, {'class_name': 'daisy', 'probability': 0.1127357929944992}, {'class_name': 'tulip', 'probability': 0.09311157464981079}]"
dandelion/22274701614_901606ee34_n.jpg,1,dandelion,1,dandelion,"[{'class_name': 'dandelion', 'probability': 0.9764782190322876}, {'class_name': 'daisy', 'probability': 0.012614026665687561}, {'class_name': 'tulip', 'probability': 0.004530183505266905}]"
dandelion/22679060358_561ec823ae_m.jpg,1,dandelion,4,tulip,"[{'class_name': 'tulip', 'probability': 0.859251081943512}, {'class_name': 'rose', 'probability': 0.060011137276887894}, {'class_name': 'daisy', 'probability': 0.0328465960919857}]"
dandelion/2303491518_f25fee9440.jpg,1,dandelion,1,dandelion,"[{'class_name': 'dandelion', 'probability': 0.8471364974975586}, {'class_name': 'daisy', 'probability': 0.09186022728681564}, {'class_name': 'rose', 'probability': 0.025503454729914665}]"
dandelion/2330343016_23acc484ee.jpg,1,dandelion,1,dandelion,"[{'class_name': 'dandelion', 'probability': 0.968031108379364}, {'class_name': 'daisy', 'probability': 0.016074668616056442}, {'class_name': 'tulip', 'probability': 0.006234133616089821}]"
dandelion/2444241718_3ca53ce921.jpg,1,dandelion,1,dandelion,"[{'class_name': 'dandelion', 'probability': 0.9574734568595886}, {'class_name': 'daisy', 'probability': 0.02807643450796604}, {'class_name': 'tulip', 'probability': 0.005215486511588097}]"
dandelion/2469856983_fe8e36ba57.jpg,1,dandelion,1,dandelion,"[{'class_name': 'dandelion', 'probability': 0.9575587511062622}, {'class_name': 'daisy', 'probability': 0.024299580603837967}, {'class_name': 'tulip', 'probability': 0.007337663788348436}]"
dandelion/2502627784_4486978bcf.jpg,1,dandelion,0,daisy,"[{'class_name': 'daisy', 'probability': 0.9917002320289612}, {'class_name': 'rose', 'probability': 0.004509213846176863}, {'class_name': 'dandelion', 'probability': 0.0020116432569921017}]"
dandelion/2503875867_2075a9225d_m.jpg,1,dandelion,1,dandelion,"[{'class_name': 'dandelion', 'probability': 0.8593920469284058}, {'class_name': 'daisy', 'probability': 0.05301041528582573}, {'class_name': 'sunflower', 'probability': 0.04862412437796593}]"
dandelion/2542908888_25a1c78ff0.jpg,1,dandelion,1,dandelion,"[{'class_name': 'dandelion', 'probability': 0.6831498742103577}, {'class_name': 'daisy', 'probability': 0.1576870232820511}, {'class_name': 'tulip', 'probability': 0.07026147842407227}]"
dandelion/2620243133_e801981efe_n.jpg,1,dandelion,1,dandelion,"[{'class_name': 'dandelion', 'probability': 0.4986908733844757}, {'class_name': 'sunflower', 'probability': 0.2174457460641861}, {'class_name': 'daisy', 'probability': 0.18755677342414856}]"
dandelion/2697283969_c1f9cbb936.jpg,1,dandelion,1,dandelion,"[{'class_name': 'dandelion', 'probability': 0.49545061588287354}, {'class_name': 'rose', 'probability': 0.2016317993402481}, {'class_name': 'tulip', 'probability': 0.1733616590499878}]"
dandelion/27186992702_449dfa54ef_n.jpg,1,dandelion,1,dandelion,"[{'class_name': 'dandelion', 'probability': 0.9155716896057129}, {'class_name': 'daisy', 'probability': 0.030561266466975212}, {'class_name': 'tulip', 'probability': 0.023936839774250984}]"
dandelion/2938040169_eb38581359.jpg,1,dandelion,1,dandelion,"[{'class_name': 'dandelion', 'probability': 0.7419684529304504}, {'class_name': 'daisy', 'probability': 0.1076192781329155}, {'class_name': 'rose', 'probability': 0.05459939315915108}]"
dandelion/3005677730_2662753d3f_m.jpg,1,dandelion,1,dandelion,"[{'class_name': 'dandelion', 'probability': 0.8715221285820007}, {'class_name': 'daisy', 'probability': 0.0414535328745842}, {'class_name': 'tulip', 'probability': 0.03560509532690048}]"
dandelion/3198028825_fdfaa1d020.jpg,1,dandelion,1,dandelion,"[{'class_name': 'dandelion', 'probability': 0.9406629204750061}, {'class_name': 'daisy', 'probability': 0.036458294838666916}, {'class_name': 'sunflower', 'probability': 0.008441807702183723}]"
dandelion/3297108443_0393d04dfc_m.jpg,1,dandelion,1,dandelion,"[{'class_name': 'dandelion', 'probability': 0.9477719068527222}, {'class_name': 'daisy', 'probability': 0.022957801818847656}, {'class_name': 'tulip', 'probability': 0.010623959824442863}]"
dandelion/33522989504_542fde1a1a_n.jpg,1,dandelion,1,dandelion,"[{'class_name': 'dandelion', 'probability': 0.9036729335784912}, {'class_name': 'sunflower', 'probability': 0.042970120906829834}, {'class_name': 'daisy', 'probability': 0.02670571208000183}]"
dandelion/3357432116_b3dce6fed3_n.jpg,1,dandelion,1,dandelion,"[{'class_name': 'dandelion', 'probability': 0.9362995028495789}, {'class_name': 'daisy', 'probability': 0.023745425045490265}, {'class_name': 'sunflower', 'probability': 0.018702911213040352}]"
dandelion/3365850019_8158a161a8_n.jpg,1,dandelion,1,dandelion,"[{'class_name': 'dandelion', 'probability': 0.9187661409378052}, {'class_name': 'daisy', 'probability': 0.029444821178913116}, {'class_name': 'sunflower', 'probability': 0.02382255531847477}]"
dandelion/33849982914_0f017c8e3c_n.jpg,1,dandelion,1,dandelion,"[{'class_name': 'dandelion', 'probability': 0.7525719404220581}, {'class_name': 'daisy', 'probability': 0.11530410498380661}, {'class_name': 'rose', 'probability': 0.05512089654803276}]"
dandelion/33851560384_d2e7d933db_n.jpg,1,dandelion,1,dandelion,"[{'class_name': 'dandelion', 'probability': 0.5859827995300293}, {'class_name': 'daisy', 'probability': 0.3545570373535156}, {'class_name': 'rose', 'probability': 0.021900711581110954}]"
dandelion/33909432943_bf810400b7_n.jpg,1,dandelion,1,dandelion,"[{'class_name': 'dandelion', 'probability': 0.9143603444099426}, {'class_name': 'daisy', 'probability': 0.041355688124895096}, {'class_name': 'tulip', 'probability': 0.01858203485608101}]"
dandelion/33913495873_b582be4fdf_n.jpg,1,dandelion,1,dandelion,"[{'class_name': 'dandelion', 'probability': 0.5145998001098633}, {'class_name': 'rose', 'probability': 0.2571776807308197}, {'class_name': 'daisy', 'probability': 0.13204045593738556}]"
dandelion/33924521963_48cdc4f455_n.jpg,1,dandelion,1,dandelion,"[{'class_name': 'dandelion', 'probability': 0.8659310340881348}, {'class_name': 'daisy', 'probability': 0.05002480745315552}, {'class_name': 'rose', 'probability': 0.04316752031445503}]"
dandelion/33980437760_60f3ceaf03_n.jpg,1,dandelion,1,dandelion,"[{'class_name': 'dandelion', 'probability': 0.6696760654449463}, {'class_name': 'sunflower', 'probability': 0.23825229704380035}, {'class_name': 'daisy', 'probability': 0.04101962596178055}]"
dandelion/34310456510_a4ceda64da_n.jpg,1,dandelion,1,dandelion,"[{'class_name': 'dandelion', 'probability': 0.8093422055244446}, {'class_name': 'sunflower', 'probability': 0.09692660719156265}, {'class_name': 'tulip', 'probability': 0.04438280686736107}]"
dandelion/34311470786_5b2b5bea1d_n.jpg,1,dandelion,1,dandelion,"[{'class_name': 'dandelion', 'probability': 0.8108812570571899}, {'class_name': 'sunflower', 'probability': 0.09761881828308105}, {'class_name': 'daisy', 'probability': 0.04066689684987068}]"
dandelion/34343228430_8df9f1c03a_n.jpg,1,dandelion,1,dandelion,"[{'class_name': 'dandelion', 'probability': 0.9546721577644348}, {'class_name': 'daisy', 'probability': 0.024007555097341537}, {'class_name': 'sunflower', 'probability': 0.01348349079489708}]"
dandelion/344318990_7be3fb0a7d.jpg,1,dandelion,1,dandelion,"[{'class_name': 'dandelion', 'probability': 0.9379888772964478}, {'class_name': 'daisy', 'probability': 0.0258848425000906}, {'class_name': 'tulip', 'probability': 0.013239891268312931}]"
dandelion/34536491752_dd130e7b79_n.jpg,1,dandelion,1,dandelion,"[{'class_name': 'dandelion', 'probability': 0.9611373543739319}, {'class_name': 'daisy', 'probability': 0.019533760845661163}, {'class_name': 'tulip', 'probability': 0.008190586231648922}]"
dandelion/3454102259_957ecd0a9b.jpg,1,dandelion,1,dandelion,"[{'class_name': 'dandelion', 'probability': 0.8887156844139099}, {'class_name': 'daisy', 'probability': 0.09057836979627609}, {'class_name': 'tulip', 'probability': 0.008134247735142708}]"
dandelion/34551666432_c5b5f9684e_n.jpg,1,dandelion,1,dandelion,"[{'class_name': 'dandelion', 'probability': 0.910798192024231}, {'class_name': 'daisy', 'probability': 0.03208750858902931}, {'class_name': 'sunflower', 'probability': 0.03018934838473797}]"
dandelion/34571582172_efa4946a45_n.jpg,1,dandelion,1,dandelion,"[{'class_name': 'dandelion', 'probability': 0.8457623720169067}, {'class_name': 'tulip', 'probability': 0.04751325026154518}, {'class_name': 'daisy', 'probability': 0.04092271253466606}]"
dandelion/34582964591_dc9f160fce_n.jpg,1,dandelion,3,sunflower,"[{'class_name': 'sunflower', 'probability': 0.6827884316444397}, {'class_name': 'dandelion', 'probability': 0.18289948999881744}, {'class_name': 'daisy', 'probability': 0.06770187616348267}]"
dandelion/34584449441_576a1336b1_n.jpg,1,dandelion,1,dandelion,"[{'class_name': 'dandelion', 'probability': 0.8470046520233154}, {'class_name': 'daisy', 'probability': 0.08401445299386978}, {'class_name': 'sunflower', 'probability': 0.025561964139342308}]"
dandelion/34599366451_2854aee943_n.jpg,1,dandelion,1,dandelion,"[{'class_name': 'dandelion', 'probability': 0.8903423547744751}, {'class_name': 'sunflower', 'probability': 0.03759581223130226}, {'class_name': 'tulip', 'probability': 0.03126823529601097}]"
dandelion/34653465656_31bc613631_n.jpg,1,dandelion,1,dandelion,"[{'class_name': 'dandelion', 'probability': 0.9448729753494263}, {'class_name': 'daisy', 'probability': 0.040124911814928055}, {'class_name': 'sunflower', 'probability': 0.008083690889179707}]"
dandelion/34694292346_83b4d97809_n.jpg,1,dandelion,1,dandelion,"[{'class_name': 'dandelion', 'probability': 0.9854781627655029}, {'class_name': 'daisy', 'probability': 0.008075988851487637}, {'class_name': 'tulip', 'probability': 0.00281472597271204}]"
dandelion/34721329895_529f999fb6_n.jpg,1,dandelion,1,dandelion,"[{'class_name': 'dandelion', 'probability': 0.8107040524482727}, {'class_name': 'daisy', 'probability': 0.06004302203655243}, {'class_name': 'sunflower', 'probability': 0.047752007842063904}]"
dandelion/34728513735_ebb4b179eb_n.jpg,1,dandelion,0,daisy,"[{'class_name': 'daisy', 'probability': 0.7001381516456604}, {'class_name': 'dandelion', 'probability': 0.18681079149246216}, {'class_name': 'sunflower', 'probability': 0.04561161249876022}]"
dandelion/3501368412_358e144d1f.jpg,1,dandelion,1,dandelion,"[{'class_name': 'dandelion', 'probability': 0.8147450089454651}, {'class_name': 'daisy', 'probability': 0.07249054312705994}, {'class_name': 'rose', 'probability': 0.06376837193965912}]"
dandelion/3517492544_0fd3ed6a66_m.jpg,1,dandelion,1,dandelion,"[{'class_name': 'dandelion', 'probability': 0.9670955538749695}, {'class_name': 'daisy', 'probability': 0.01679437793791294}, {'class_name': 'tulip', 'probability': 0.006285108160227537}]"
dandelion/3562861685_8b8d747b4d.jpg,1,dandelion,1,dandelion,"[{'class_name': 'dandelion', 'probability': 0.8287060260772705}, {'class_name': 'daisy', 'probability': 0.1199299544095993}, {'class_name': 'rose', 'probability': 0.024481981992721558}]"
dandelion/3580443099_9a6902ebd8_n.jpg,1,dandelion,1,dandelion,"[{'class_name': 'dandelion', 'probability': 0.6002638936042786}, {'class_name': 'sunflower', 'probability': 0.141738161444664}, {'class_name': 'tulip', 'probability': 0.1097869724035263}]"
dandelion/3591588855_b4fd53b000.jpg,1,dandelion,1,dandelion,"[{'class_name': 'dandelion', 'probability': 0.759174108505249}, {'class_name': 'daisy', 'probability': 0.12493596225976944}, {'class_name': 'rose', 'probability': 0.06640221178531647}]"
dandelion/3844111216_742ea491a0.jpg,1,dandelion,1,dandelion,"[{'class_name': 'dandelion', 'probability': 0.772616446018219}, {'class_name': 'daisy', 'probability': 0.10633724927902222}, {'class_name': 'rose', 'probability': 0.07890166342258453}]"
dandelion/4082856478_741a411ebb.jpg,1,dandelion,1,dandelion,"[{'class_name': 'dandelion', 'probability': 0.9604189991950989}, {'class_name': 'daisy', 'probability': 0.019203439354896545}, {'class_name': 'rose', 'probability': 0.007480720058083534}]"
dandelion/4134441089_c8c1e6132a.jpg,1,dandelion,1,dandelion,"[{'class_name': 'dandelion', 'probability': 0.9411407709121704}, {'class_name': 'daisy', 'probability': 0.027757227420806885}, {'class_name': 'tulip', 'probability': 0.011190198361873627}]"
dandelion/4258272381_65bd4b8191_m.jpg,1,dandelion,0,daisy,"[{'class_name': 'daisy', 'probability': 0.8947761654853821}, {'class_name': 'rose', 'probability': 0.04764594882726669}, {'class_name': 'dandelion', 'probability': 0.025339975953102112}]"
dandelion/4510350093_3700064215.jpg,1,dandelion,1,dandelion,"[{'class_name': 'dandelion', 'probability': 0.8851875066757202}, {'class_name': 'daisy', 'probability': 0.03405161201953888}, {'class_name': 'tulip', 'probability': 0.033729106187820435}]"
dandelion/4514343281_26781484df.jpg,1,dandelion,1,dandelion,"[{'class_name': 'dandelion', 'probability': 0.9523683190345764}, {'class_name': 'sunflower', 'probability': 0.018156619742512703}, {'class_name': 'daisy', 'probability': 0.01500662975013256}]"
dandelion/4523862714_b41b459c88.jpg,1,dandelion,1,dandelion,"[{'class_name': 'dandelion', 'probability': 0.9192924499511719}, {'class_name': 'sunflower', 'probability': 0.03535350039601326}, {'class_name': 'daisy', 'probability': 0.02607133984565735}]"
dandelion/4550784336_584d7a65de_m.jpg,1,dandelion,1,dandelion,"[{'class_name': 'dandelion', 'probability': 0.9663242697715759}, {'class_name': 'daisy', 'probability': 0.02186577022075653}, {'class_name': 'tulip', 'probability': 0.004999249707907438}]"
dandelion/4568317687_3f89622f76.jpg,1,dandelion,1,dandelion,"[{'class_name': 'dandelion', 'probability': 0.6763690710067749}, {'class_name': 'daisy', 'probability': 0.13515298068523407}, {'class_name': 'sunflower', 'probability': 0.09773313999176025}]"
dandelion/4574451859_432c856b6e_n.jpg,1,dandelion,1,dandelion,"[{'class_name': 'dandelion', 'probability': 0.9707581996917725}, {'class_name': 'daisy', 'probability': 0.014551183208823204}, {'class_name': 'tulip', 'probability': 0.005660146940499544}]"
dandelion/4588529727_4a79c61577.jpg,1,dandelion,1,dandelion,"[{'class_name': 'dandelion', 'probability': 0.908552885055542}, {'class_name': 'tulip', 'probability': 0.031356122344732285}, {'class_name': 'daisy', 'probability': 0.025535529479384422}]"
dandelion/4610125337_50798408b8_m.jpg,1,dandelion,1,dandelion,"[{'class_name': 'dandelion', 'probability': 0.9799364805221558}, {'class_name': 'daisy', 'probability': 0.011056989431381226}, {'class_name': 'tulip', 'probability': 0.0038564447313547134}]"
dandelion/4632235020_d00ce1e497.jpg,1,dandelion,1,dandelion,"[{'class_name': 'dandelion', 'probability': 0.8999578356742859}, {'class_name': 'sunflower', 'probability': 0.052564844489097595}, {'class_name': 'daisy', 'probability': 0.031100714579224586}]"
dandelion/4632251871_9f324a7bb5.jpg,1,dandelion,4,tulip,"[{'class_name': 'tulip', 'probability': 0.519843578338623}, {'class_name': 'dandelion', 'probability': 0.2656272351741791}, {'class_name': 'rose', 'probability': 0.09842421859502792}]"
dandelion/4669006062_6b3d260037_n.jpg,1,dandelion,1,dandelion,"[{'class_name': 'dandelion', 'probability': 0.9138417840003967}, {'class_name': 'rose', 'probability': 0.031021542847156525}, {'class_name': 'daisy', 'probability': 0.030857276171445847}]"
dandelion/468749497_951c571eff_n.jpg,1,dandelion,1,dandelion,"[{'class_name': 'dandelion', 'probability': 0.9655786156654358}, {'class_name': 'daisy', 'probability': 0.01662464812397957}, {'class_name': 'tulip', 'probability': 0.006828190293163061}]"
dandelion/4721773235_429acdf496_n.jpg,1,dandelion,1,dandelion,"[{'class_name': 'dandelion', 'probability': 0.9010078310966492}, {'class_name': 'daisy', 'probability': 0.03450421988964081}, {'class_name': 'tulip', 'probability': 0.02651001326739788}]"
dandelion/477316928_a70a31a704_m.jpg,1,dandelion,1,dandelion,"[{'class_name': 'dandelion', 'probability': 0.9590814709663391}, {'class_name': 'daisy', 'probability': 0.029345573857426643}, {'class_name': 'tulip', 'probability': 0.004010491538792849}]"
dandelion/4953240903_a121fba81f_m.jpg,1,dandelion,1,dandelion,"[{'class_name': 'dandelion', 'probability': 0.9321789741516113}, {'class_name': 'daisy', 'probability': 0.03424987941980362}, {'class_name': 'rose', 'probability': 0.014144600369036198}]"
dandelion/510677438_73e4b91c95_m.jpg,1,dandelion,1,dandelion,"[{'class_name': 'dandelion', 'probability': 0.8986039161682129}, {'class_name': 'sunflower', 'probability': 0.0533963181078434}, {'class_name': 'daisy', 'probability': 0.022930454462766647}]"
dandelion/5416388641_c66d52d2ff_m.jpg,1,dandelion,1,dandelion,"[{'class_name': 'dandelion', 'probability': 0.6652887463569641}, {'class_name': 'daisy', 'probability': 0.1638680100440979}, {'class_name': 'rose', 'probability': 0.08067546039819717}]"
dandelion/5607669502_ccd2a76668_n.jpg,1,dandelion,1,dandelion,"[{'class_name': 'dandelion', 'probability': 0.8818074464797974}, {'class_name': 'daisy', 'probability': 0.04648490622639656}, {'class_name': 'rose', 'probability': 0.03843236342072487}]"
dandelion/5623492051_8e5ce438bd.jpg,1,dandelion,1,dandelion,"[{'class_name': 'dandelion', 'probability': 0.8590363264083862}, {'class_name': 'rose', 'probability': 0.05484844371676445}, {'class_name': 'daisy', 'probability': 0.04818089306354523}]"
dandelion/5642429835_a0cbf1bab7_n.jpg,1,dandelion,1,dandelion,"[{'class_name': 'dandelion', 'probability': 0.7174482941627502}, {'class_name': 'sunflower', 'probability': 0.10124887526035309}, {'class_name': 'daisy', 'probability': 0.08131349831819534}]"
dandelion/5643666851_dc3f42399d_m.jpg,1,dandelion,2,rose,"[{'class_name': 'rose', 'probability': 0.30520156025886536}, {'class_name': 'daisy', 'probability': 0.2848176956176758}, {'class_name': 'dandelion', 'probability': 0.24628077447414398}]"
dandelion/5670543216_8c4cb0caa8_m.jpg,1,dandelion,1,dandelion,"[{'class_name': 'dandelion', 'probability': 0.5941124558448792}, {'class_name': 'sunflower', 'probability': 0.24951761960983276}, {'class_name': 'daisy', 'probability': 0.07270436733961105}]"
dandelion/5675705011_82729927ca_n.jpg,1,dandelion,1,dandelion,"[{'class_name': 'dandelion', 'probability': 0.9742285013198853}, {'class_name': 'daisy', 'probability': 0.013284217566251755}, {'class_name': 'tulip', 'probability': 0.004771114327013493}]"
dandelion/5715788902_9dd2b4ef1d.jpg,1,dandelion,3,sunflower,"[{'class_name': 'sunflower', 'probability': 0.6844993233680725}, {'class_name': 'daisy', 'probability': 0.16754555702209473}, {'class_name': 'dandelion', 'probability': 0.08337707817554474}]"
dandelion/5727534342_419604c177_n.jpg,1,dandelion,1,dandelion,"[{'class_name': 'dandelion', 'probability': 0.7438715100288391}, {'class_name': 'sunflower', 'probability': 0.1676204949617386}, {'class_name': 'tulip', 'probability': 0.04037761688232422}]"
dandelion/5762590366_5cf7a32b87_n.jpg,1,dandelion,1,dandelion,"[{'class_name': 'dandelion', 'probability': 0.7197275757789612}, {'class_name': 'sunflower', 'probability': 0.10512878000736237}, {'class_name': 'daisy', 'probability': 0.09370490908622742}]"
dandelion/5772194932_60b833091f.jpg,1,dandelion,1,dandelion,"[{'class_name': 'dandelion', 'probability': 0.9624107480049133}, {'class_name': 'daisy', 'probability': 0.016361402347683907}, {'class_name': 'tulip', 'probability': 0.00827184971421957}]"
dandelion/6044710875_0459796d1b_m.jpg,1,dandelion,1,dandelion,"[{'class_name': 'dandelion', 'probability': 0.9719237685203552}, {'class_name': 'daisy', 'probability': 0.015530037693679333}, {'class_name': 'tulip', 'probability': 0.004826495423913002}]"
dandelion/6146107825_45f708ecd7_n.jpg,1,dandelion,1,dandelion,"[{'class_name': 'dandelion', 'probability': 0.7280879616737366}, {'class_name': 'sunflower', 'probability': 0.20734645426273346}, {'class_name': 'daisy', 'probability': 0.04158170893788338}]"
dandelion/6229634119_af5fec0a22.jpg,1,dandelion,1,dandelion,"[{'class_name': 'dandelion', 'probability': 0.9079914689064026}, {'class_name': 'daisy', 'probability': 0.03923944756388664}, {'class_name': 'sunflower', 'probability': 0.019744407385587692}]"
dandelion/6412422565_ce61ca48a9_n.jpg,1,dandelion,1,dandelion,"[{'class_name': 'dandelion', 'probability': 0.6135039925575256}, {'class_name': 'sunflower', 'probability': 0.2268947958946228}, {'class_name': 'daisy', 'probability': 0.07817655801773071}]"
dandelion/6495802659_98b57e0cca_m.jpg,1,dandelion,4,tulip,"[{'class_name': 'tulip', 'probability': 0.8191665410995483}, {'class_name': 'rose', 'probability': 0.16272509098052979}, {'class_name': 'daisy', 'probability': 0.014185555279254913}]"
dandelion/674407101_57676c40fb.jpg,1,dandelion,1,dandelion,"[{'class_name': 'dandelion', 'probability': 0.8105843663215637}, {'class_name': 'daisy', 'probability': 0.07767362892627716}, {'class_name': 'rose', 'probability': 0.04280293360352516}]"
dandelion/6918170172_3215766bf4_m.jpg,1,dandelion,1,dandelion,"[{'class_name': 'dandelion', 'probability': 0.8921999931335449}, {'class_name': 'sunflower', 'probability': 0.04416712373495102}, {'class_name': 'daisy', 'probability': 0.033989567309617996}]"
dandelion/7153497513_076486e26b_n.jpg,1,dandelion,1,dandelion,"[{'class_name': 'dandelion', 'probability': 0.7180745005607605}, {'class_name': 'daisy', 'probability': 0.09773128479719162}, {'class_name': 'rose', 'probability': 0.07515203952789307}]"
dandelion/7193058132_36fd883048_m.jpg,1,dandelion,1,dandelion,"[{'class_name': 'dandelion', 'probability': 0.8989588022232056}, {'class_name': 'daisy', 'probability': 0.07086530327796936}, {'class_name': 'rose', 'probability': 0.010244796983897686}]"
dandelion/7232035352_84a39e99ba_n.jpg,1,dandelion,1,dandelion,"[{'class_name': 'dandelion', 'probability': 0.6787284016609192}, {'class_name': 'daisy', 'probability': 0.1648123860359192}, {'class_name': 'rose', 'probability': 0.1026453897356987}]"
dandelion/7243478942_30bf542a2d_m.jpg,1,dandelion,1,dandelion,"[{'class_name': 'dandelion', 'probability': 0.9391338229179382}, {'class_name': 'daisy', 'probability': 0.027266575023531914}, {'class_name': 'rose', 'probability': 0.016198018565773964}]"
dandelion/7280221020_98b473b20d_n.jpg,1,dandelion,1,dandelion,"[{'class_name': 'dandelion', 'probability': 0.9681093096733093}, {'class_name': 'daisy', 'probability': 0.014491908252239227}, {'class_name': 'tulip', 'probability': 0.007123869843780994}]"
dandelion/7280227122_7ea2bef7f4_n.jpg,1,dandelion,1,dandelion,"[{'class_name': 'dandelion', 'probability': 0.9299561381340027}, {'class_name': 'daisy', 'probability': 0.028627794235944748}, {'class_name': 'sunflower', 'probability': 0.018943125382065773}]"
dandelion/7291185504_b740bbeba4_m.jpg,1,dandelion,1,dandelion,"[{'class_name': 'dandelion', 'probability': 0.8576422333717346}, {'class_name': 'daisy', 'probability': 0.04704556241631508}, {'class_name': 'rose', 'probability': 0.04458025097846985}]"
dandelion/7315832212_b0ceeb8de8_n.jpg,1,dandelion,1,dandelion,"[{'class_name': 'dandelion', 'probability': 0.9603849053382874}, {'class_name': 'daisy', 'probability': 0.02056954614818096}, {'class_name': 'rose', 'probability': 0.0071311229839921}]"
dandelion/7368435774_0045b9dc4e.jpg,1,dandelion,1,dandelion,"[{'class_name': 'dandelion', 'probability': 0.7143935561180115}, {'class_name': 'daisy', 'probability': 0.2114722728729248}, {'class_name': 'rose', 'probability': 0.028482569381594658}]"
dandelion/7469617666_0e1a014917.jpg,1,dandelion,1,dandelion,"[{'class_name': 'dandelion', 'probability': 0.9459400773048401}, {'class_name': 'daisy', 'probability': 0.028058426454663277}, {'class_name': 'sunflower', 'probability': 0.013228566385805607}]"
dandelion/80846315_d997645bea_n.jpg,1,dandelion,1,dandelion,"[{'class_name': 'dandelion', 'probability': 0.9652103185653687}, {'class_name': 'daisy', 'probability': 0.016260555014014244}, {'class_name': 'tulip', 'probability': 0.007317876443266869}]"
dandelion/8681169825_19a21c6bf5_m.jpg,1,dandelion,1,dandelion,"[{'class_name': 'dandelion', 'probability': 0.9737765789031982}, {'class_name': 'daisy', 'probability': 0.0165127944201231}, {'class_name': 'tulip', 'probability': 0.003681618720293045}]"
dandelion/8689302100_be76a16ccc_n.jpg,1,dandelion,1,dandelion,"[{'class_name': 'dandelion', 'probability': 0.8735120892524719}, {'class_name': 'daisy', 'probability': 0.039588797837495804}, {'class_name': 'tulip', 'probability': 0.0356982983648777}]"
dandelion/8733226215_161309f8ec.jpg,1,dandelion,1,dandelion,"[{'class_name': 'dandelion', 'probability': 0.9800955057144165}, {'class_name': 'daisy', 'probability': 0.011261089704930782}, {'class_name': 'tulip', 'probability': 0.003603365970775485}]"
dandelion/8735646181_fa9787d4e0.jpg,1,dandelion,1,dandelion,"[{'class_name': 'dandelion', 'probability': 0.4874371290206909}, {'class_name': 'sunflower', 'probability': 0.3182617127895355}, {'class_name': 'daisy', 'probability': 0.1502813845872879}]"
dandelion/8738317694_eca2ce3bfc_n.jpg,1,dandelion,1,dandelion,"[{'class_name': 'dandelion', 'probability': 0.9785962104797363}, {'class_name': 'daisy', 'probability': 0.015074711292982101}, {'class_name': 'tulip', 'probability': 0.002566281473264098}]"
dandelion/8880158802_6e10a452c7_m.jpg,1,dandelion,1,dandelion,"[{'class_name': 'dandelion', 'probability': 0.8056107759475708}, {'class_name': 'daisy', 'probability': 0.1350262314081192}, {'class_name': 'rose', 'probability': 0.030059272423386574}]"
dandelion/8905148527_ba9f55cd78.jpg,1,dandelion,3,sunflower,"[{'class_name': 'sunflower', 'probability': 0.36611586809158325}, {'class_name': 'dandelion', 'probability': 0.2466525137424469}, {'class_name': 'tulip', 'probability': 0.17608045041561127}]"
dandelion/8935477500_89f22cca03_n.jpg,1,dandelion,1,dandelion,"[{'class_name': 'dandelion', 'probability': 0.9409787058830261}, {'class_name': 'sunflower', 'probability': 0.031345196068286896}, {'class_name': 'daisy', 'probability': 0.01766757108271122}]"
dandelion/8963359346_65ca69c59d_n.jpg,1,dandelion,1,dandelion,"[{'class_name': 'dandelion', 'probability': 0.9685700535774231}, {'class_name': 'daisy', 'probability': 0.014669335447251797}, {'class_name': 'tulip', 'probability': 0.006358770653605461}]"
dandelion/8981659922_7b1be892e7_m.jpg,1,dandelion,1,dandelion,"[{'class_name': 'dandelion', 'probability': 0.894439697265625}, {'class_name': 'sunflower', 'probability': 0.04095548763871193}, {'class_name': 'daisy', 'probability': 0.03341682255268097}]"
dandelion/8989067485_aab399460b_n.jpg,1,dandelion,1,dandelion,"[{'class_name': 'dandelion', 'probability': 0.7976449131965637}, {'class_name': 'daisy', 'probability': 0.12053070962429047}, {'class_name': 'rose', 'probability': 0.03262098506093025}]"
dandelion/9029297232_de50698e2f_n.jpg,1,dandelion,1,dandelion,"[{'class_name': 'dandelion', 'probability': 0.979335367679596}, {'class_name': 'daisy', 'probability': 0.012636357918381691}, {'class_name': 'tulip', 'probability': 0.003338176989927888}]"
dandelion/9262004825_710346cde9_n.jpg,1,dandelion,1,dandelion,"[{'class_name': 'dandelion', 'probability': 0.9468793869018555}, {'class_name': 'daisy', 'probability': 0.020795850083231926}, {'class_name': 'tulip', 'probability': 0.011936367489397526}]"
dandelion/9646730031_f3d5014416_n.jpg,1,dandelion,1,dandelion,"[{'class_name': 'dandelion', 'probability': 0.8024773001670837}, {'class_name': 'daisy', 'probability': 0.07790713757276535}, {'class_name': 'sunflower', 'probability': 0.049371764063835144}]"
dandelion/9818247_e2eac18894.jpg,1,dandelion,4,tulip,"[{'class_name': 'tulip', 'probability': 0.39986324310302734}, {'class_name': 'dandelion', 'probability': 0.26555943489074707}, {'class_name': 'sunflower', 'probability': 0.1401316076517105}]"
rose/10894627425_ec76bbc757_n.jpg,2,rose,2,rose,"[{'class_name': 'rose', 'probability': 0.5790408849716187}, {'class_name': 'tulip', 'probability': 0.38463836908340454}, {'class_name': 'daisy', 'probability': 0.01701860874891281}]"
rose/12165480946_c4a3fe182d_n.jpg,2,rose,2,rose,"[{'class_name': 'rose', 'probability': 0.4837407171726227}, {'class_name': 'tulip', 'probability': 0.23602767288684845}, {'class_name': 'dandelion', 'probability': 0.1660548448562622}]"
rose/123128873_546b8b7355_n.jpg,2,rose,2,rose,"[{'class_name': 'rose', 'probability': 0.3608534336090088}, {'class_name': 'tulip', 'probability': 0.3524685204029083}, {'class_name': 'sunflower', 'probability': 0.20441102981567383}]"
rose/12406418663_af20dc225f_n.jpg,2,rose,2,rose,"[{'class_name': 'rose', 'probability': 0.8440277576446533}, {'class_name': 'tulip', 'probability': 0.14896108210086823}, {'class_name': 'daisy', 'probability': 0.005586540792137384}]"
rose/14414117598_cf70df30de.jpg,2,rose,2,rose,"[{'class_name': 'rose', 'probability': 0.48721247911453247}, {'class_name': 'dandelion', 'probability': 0.22622781991958618}, {'class_name': 'tulip', 'probability': 0.15008771419525146}]"
rose/14414123198_24606fb32d.jpg,2,rose,1,dandelion,"[{'class_name': 'dandelion', 'probability': 0.4131779372692108}, {'class_name': 'rose', 'probability': 0.3081463575363159}, {'class_name': 'daisy', 'probability': 0.18156816065311432}]"
rose/14597445311_8acb60247e.jpg,2,rose,2,rose,"[{'class_name': 'rose', 'probability': 0.4764847159385681}, {'class_name': 'tulip', 'probability': 0.33949142694473267}, {'class_name': 'daisy', 'probability': 0.10627669095993042}]"
rose/14683774134_6367640585.jpg,2,rose,2,rose,"[{'class_name': 'rose', 'probability': 0.8520888090133667}, {'class_name': 'tulip', 'probability': 0.11874431371688843}, {'class_name': 'daisy', 'probability': 0.018971139565110207}]"
rose/14870567200_80cda4362e_n.jpg,2,rose,4,tulip,"[{'class_name': 'tulip', 'probability': 0.635044515132904}, {'class_name': 'rose', 'probability': 0.33956173062324524}, {'class_name': 'daisy', 'probability': 0.01389537937939167}]"
rose/14880561916_79aeb812fd_n.jpg,2,rose,2,rose,"[{'class_name': 'rose', 'probability': 0.41481417417526245}, {'class_name': 'dandelion', 'probability': 0.2670542001724243}, {'class_name': 'daisy', 'probability': 0.17739374935626984}]"
rose/15011625580_7974c44bce.jpg,2,rose,2,rose,"[{'class_name': 'rose', 'probability': 0.8039252758026123}, {'class_name': 'tulip', 'probability': 0.1581656038761139}, {'class_name': 'daisy', 'probability': 0.026068149134516716}]"
rose/15255964274_cf2ecdf702.jpg,2,rose,2,rose,"[{'class_name': 'rose', 'probability': 0.439471036195755}, {'class_name': 'sunflower', 'probability': 0.21823817491531372}, {'class_name': 'tulip', 'probability': 0.17317146062850952}]"
rose/15312360171_57bde98799_n.jpg,2,rose,2,rose,"[{'class_name': 'rose', 'probability': 0.5016075372695923}, {'class_name': 'tulip', 'probability': 0.45533740520477295}, {'class_name': 'daisy', 'probability': 0.01774240843951702}]"
rose/15681454551_b6f73ce443_n.jpg,2,rose,2,rose,"[{'class_name': 'rose', 'probability': 0.8168139457702637}, {'class_name': 'tulip', 'probability': 0.14259837567806244}, {'class_name': 'daisy', 'probability': 0.03045583888888359}]"
rose/15699509054_d3e125286f_n.jpg,2,rose,2,rose,"[{'class_name': 'rose', 'probability': 0.8312976360321045}, {'class_name': 'daisy', 'probability': 0.07652709633111954}, {'class_name': 'tulip', 'probability': 0.052915479987859726}]"
rose/15821959372_518b9dcf57_n.jpg,2,rose,2,rose,"[{'class_name': 'rose', 'probability': 0.9009513258934021}, {'class_name': 'tulip', 'probability': 0.06953240931034088}, {'class_name': 'daisy', 'probability': 0.027843080461025238}]"
rose/15822837396_96b392fda8_m.jpg,2,rose,2,rose,"[{'class_name': 'rose', 'probability': 0.7868396639823914}, {'class_name': 'tulip', 'probability': 0.13383159041404724}, {'class_name': 'daisy', 'probability': 0.044553954154253006}]"
rose/15949087094_a8f565295c_m.jpg,2,rose,4,tulip,"[{'class_name': 'tulip', 'probability': 0.5122742652893066}, {'class_name': 'rose', 'probability': 0.46830835938453674}, {'class_name': 'daisy', 'probability': 0.012451143935322762}]"
rose/15978010566_5fa5905af1_n.jpg,2,rose,2,rose,"[{'class_name': 'rose', 'probability': 0.77486252784729}, {'class_name': 'tulip', 'probability': 0.19540411233901978}, {'class_name': 'daisy', 'probability': 0.02280351147055626}]"
rose/15996816031_7f2fea25cb_n.jpg,2,rose,2,rose,"[{'class_name': 'rose', 'probability': 0.8272758722305298}, {'class_name': 'tulip', 'probability': 0.15882177650928497}, {'class_name': 'daisy', 'probability': 0.009639779105782509}]"
rose/16018886851_c32746cb72.jpg,2,rose,2,rose,"[{'class_name': 'rose', 'probability': 0.7764448523521423}, {'class_name': 'tulip', 'probability': 0.18922975659370422}, {'class_name': 'daisy', 'probability': 0.025696299970149994}]"
rose/1645761726_2b1be95472.jpg,2,rose,2,rose,"[{'class_name': 'rose', 'probability': 0.5575942397117615}, {'class_name': 'daisy', 'probability': 0.2743314504623413}, {'class_name': 'tulip', 'probability': 0.083169125020504}]"
rose/16545641666_2781e542a0_m.jpg,2,rose,2,rose,"[{'class_name': 'rose', 'probability': 0.7978808283805847}, {'class_name': 'tulip', 'probability': 0.1868552714586258}, {'class_name': 'daisy', 'probability': 0.008163129910826683}]"
rose/1667199972_7ba7d999c1_m.jpg,2,rose,2,rose,"[{'class_name': 'rose', 'probability': 0.7521339654922485}, {'class_name': 'tulip', 'probability': 0.1712304949760437}, {'class_name': 'daisy', 'probability': 0.047934602946043015}]"
rose/17291451621_0e39f08b9e_n.jpg,2,rose,2,rose,"[{'class_name': 'rose', 'probability': 0.6389579772949219}, {'class_name': 'daisy', 'probability': 0.2078251987695694}, {'class_name': 'tulip', 'probability': 0.09516292810440063}]"
rose/1775233884_12ff5a124f.jpg,2,rose,2,rose,"[{'class_name': 'rose', 'probability': 0.965948760509491}, {'class_name': 'tulip', 'probability': 0.027348995208740234}, {'class_name': 'daisy', 'probability': 0.004114378709346056}]"
rose/17869839663_1445f1efd0_n.jpg,2,rose,2,rose,"[{'class_name': 'rose', 'probability': 0.5742189288139343}, {'class_name': 'tulip', 'probability': 0.3597397208213806}, {'class_name': 'daisy', 'probability': 0.029022911563515663}]"
rose/1788484468_f73afa6c32_n.jpg,2,rose,2,rose,"[{'class_name': 'rose', 'probability': 0.5964307188987732}, {'class_name': 'tulip', 'probability': 0.3073779046535492}, {'class_name': 'sunflower', 'probability': 0.038299039006233215}]"
rose/180613732_3a7aba0b80_n.jpg,2,rose,1,dandelion,"[{'class_name': 'dandelion', 'probability': 0.6937839388847351}, {'class_name': 'sunflower', 'probability': 0.18864071369171143}, {'class_name': 'tulip', 'probability': 0.0554240345954895}]"
rose/18464055536_709c8af0b7_n.jpg,2,rose,2,rose,"[{'class_name': 'rose', 'probability': 0.7257878184318542}, {'class_name': 'tulip', 'probability': 0.1208450049161911}, {'class_name': 'daisy', 'probability': 0.0947856605052948}]"
rose/18464084356_0d2d93f896_n.jpg,2,rose,2,rose,"[{'class_name': 'rose', 'probability': 0.4989086985588074}, {'class_name': 'tulip', 'probability': 0.2800311744213104}, {'class_name': 'sunflower', 'probability': 0.08053212612867355}]"
rose/18486151112_6f83e92223_n.jpg,2,rose,2,rose,"[{'class_name': 'rose', 'probability': 0.40161988139152527}, {'class_name': 'tulip', 'probability': 0.2869319021701813}, {'class_name': 'daisy', 'probability': 0.20739473402500153}]"
rose/19988406792_68201f76e3_n.jpg,2,rose,2,rose,"[{'class_name': 'rose', 'probability': 0.6992266178131104}, {'class_name': 'tulip', 'probability': 0.2685800790786743}, {'class_name': 'daisy', 'probability': 0.0206487774848938}]"
rose/2053476785_c162a3e358.jpg,2,rose,2,rose,"[{'class_name': 'rose', 'probability': 0.5832977294921875}, {'class_name': 'tulip', 'probability': 0.34094369411468506}, {'class_name': 'daisy', 'probability': 0.03836451843380928}]"
rose/22506717337_0fd63e53e9.jpg,2,rose,2,rose,"[{'class_name': 'rose', 'probability': 0.6652078032493591}, {'class_name': 'tulip', 'probability': 0.17228978872299194}, {'class_name': 'dandelion', 'probability': 0.10302950441837311}]"
rose/2273917656_6d6c038283.jpg,2,rose,2,rose,"[{'class_name': 'rose', 'probability': 0.5489778518676758}, {'class_name': 'tulip', 'probability': 0.21492187678813934}, {'class_name': 'daisy', 'probability': 0.18842509388923645}]"
rose/2331651885_619653a5d3.jpg,2,rose,2,rose,"[{'class_name': 'rose', 'probability': 0.8134772181510925}, {'class_name': 'tulip', 'probability': 0.1615874022245407}, {'class_name': 'daisy', 'probability': 0.01280247513204813}]"
rose/2332478138_28f1d586e4_n.jpg,2,rose,2,rose,"[{'class_name': 'rose', 'probability': 0.9193466305732727}, {'class_name': 'tulip', 'probability': 0.06702973693609238}, {'class_name': 'daisy', 'probability': 0.006725627928972244}]"
rose/26723815164_d03d4d69cb_n.jpg,2,rose,2,rose,"[{'class_name': 'rose', 'probability': 0.7806309461593628}, {'class_name': 'tulip', 'probability': 0.20342260599136353}, {'class_name': 'daisy', 'probability': 0.0114644356071949}]"
rose/26811158051_8f264eea6b_n.jpg,2,rose,2,rose,"[{'class_name': 'rose', 'probability': 0.5226286053657532}, {'class_name': 'tulip', 'probability': 0.26603570580482483}, {'class_name': 'daisy', 'probability': 0.17991504073143005}]"
rose/2713683760_d98cd2a05b_m.jpg,2,rose,2,rose,"[{'class_name': 'rose', 'probability': 0.8370993137359619}, {'class_name': 'tulip', 'probability': 0.08890123665332794}, {'class_name': 'daisy', 'probability': 0.056397486478090286}]"
rose/27619697563_228f5c4677_n.jpg,2,rose,2,rose,"[{'class_name': 'rose', 'probability': 0.8694989681243896}, {'class_name': 'tulip', 'probability': 0.1176500990986824}, {'class_name': 'daisy', 'probability': 0.010323576629161835}]"
rose/2850381271_d2f9a470b1_n.jpg,2,rose,2,rose,"[{'class_name': 'rose', 'probability': 0.7590427994728088}, {'class_name': 'tulip', 'probability': 0.12054703384637833}, {'class_name': 'daisy', 'probability': 0.07035226374864578}]"
rose/3026375835_a20ecdd140_m.jpg,2,rose,2,rose,"[{'class_name': 'rose', 'probability': 0.9258978962898254}, {'class_name': 'tulip', 'probability': 0.057833731174468994}, {'class_name': 'daisy', 'probability': 0.008070242591202259}]"
rose/326541992_d542103ca8_n.jpg,2,rose,2,rose,"[{'class_name': 'rose', 'probability': 0.7151584029197693}, {'class_name': 'tulip', 'probability': 0.14123407006263733}, {'class_name': 'dandelion', 'probability': 0.07674214243888855}]"
rose/3268459296_a7346c6b2c.jpg,2,rose,2,rose,"[{'class_name': 'rose', 'probability': 0.9681792259216309}, {'class_name': 'tulip', 'probability': 0.02701718360185623}, {'class_name': 'daisy', 'probability': 0.0025198624935001135}]"
rose/3451177763_729a4d54af_n.jpg,2,rose,2,rose,"[{'class_name': 'rose', 'probability': 0.8023033738136292}, {'class_name': 'tulip', 'probability': 0.16932684183120728}, {'class_name': 'daisy', 'probability': 0.018943842500448227}]"
rose/3494252600_29f26e3ff0_n.jpg,2,rose,2,rose,"[{'class_name': 'rose', 'probability': 0.9262845516204834}, {'class_name': 'tulip', 'probability': 0.0615353137254715}, {'class_name': 'daisy', 'probability': 0.008935588411986828}]"
rose/3526860692_4c551191b1_m.jpg,2,rose,1,dandelion,"[{'class_name': 'dandelion', 'probability': 0.7268342971801758}, {'class_name': 'daisy', 'probability': 0.17402221262454987}, {'class_name': 'rose', 'probability': 0.048134252429008484}]"
rose/3550491463_3eb092054c_m.jpg,2,rose,1,dandelion,"[{'class_name': 'dandelion', 'probability': 0.613060474395752}, {'class_name': 'daisy', 'probability': 0.2535612881183624}, {'class_name': 'rose', 'probability': 0.05696282535791397}]"
rose/3576488381_611f3446e0_n.jpg,2,rose,2,rose,"[{'class_name': 'rose', 'probability': 0.8545970916748047}, {'class_name': 'tulip', 'probability': 0.10534049570560455}, {'class_name': 'daisy', 'probability': 0.024311713874340057}]"
rose/3753920123_c7ebc18ee3.jpg,2,rose,2,rose,"[{'class_name': 'rose', 'probability': 0.7957397699356079}, {'class_name': 'tulip', 'probability': 0.17338277399539948}, {'class_name': 'daisy', 'probability': 0.022424403578042984}]"
rose/394990940_7af082cf8d_n.jpg,2,rose,2,rose,"[{'class_name': 'rose', 'probability': 0.942972719669342}, {'class_name': 'tulip', 'probability': 0.04174268990755081}, {'class_name': 'daisy', 'probability': 0.011566921137273312}]"
rose/410425647_4586667858.jpg,2,rose,1,dandelion,"[{'class_name': 'dandelion', 'probability': 0.6208493709564209}, {'class_name': 'daisy', 'probability': 0.16923759877681732}, {'class_name': 'rose', 'probability': 0.14770984649658203}]"
rose/4609166128_b7ed49b40b_m.jpg,2,rose,2,rose,"[{'class_name': 'rose', 'probability': 0.44475486874580383}, {'class_name': 'tulip', 'probability': 0.3851582109928131}, {'class_name': 'daisy', 'probability': 0.1104331910610199}]"
rose/4609168052_3d4e1d3804_n.jpg,2,rose,2,rose,"[{'class_name': 'rose', 'probability': 0.46906161308288574}, {'class_name': 'tulip', 'probability': 0.22874750196933746}, {'class_name': 'daisy', 'probability': 0.21355220675468445}]"
rose/483444865_65962cea07_m.jpg,2,rose,2,rose,"[{'class_name': 'rose', 'probability': 0.8587735891342163}, {'class_name': 'tulip', 'probability': 0.13252881169319153}, {'class_name': 'daisy', 'probability': 0.00433956366032362}]"
rose/4900231976_f8ced2b42a_n.jpg,2,rose,2,rose,"[{'class_name': 'rose', 'probability': 0.5866760611534119}, {'class_name': 'daisy', 'probability': 0.2456142157316208}, {'class_name': 'tulip', 'probability': 0.11152143031358719}]"
rose/4998708839_c53ee536a8_n.jpg,2,rose,2,rose,"[{'class_name': 'rose', 'probability': 0.9678255915641785}, {'class_name': 'tulip', 'probability': 0.0240273829549551}, {'class_name': 'daisy', 'probability': 0.00534925376996398}]"
rose/5001846301_9380fbe900_n.jpg,2,rose,2,rose,"[{'class_name': 'rose', 'probability': 0.8096527457237244}, {'class_name': 'tulip', 'probability': 0.1408911943435669}, {'class_name': 'daisy', 'probability': 0.028588006272912025}]"
rose/5001846495_56068de2da_n.jpg,2,rose,2,rose,"[{'class_name': 'rose', 'probability': 0.5225520133972168}, {'class_name': 'daisy', 'probability': 0.2893725633621216}, {'class_name': 'tulip', 'probability': 0.14051565527915955}]"
rose/5001852101_877cb2ae9b_n.jpg,2,rose,4,tulip,"[{'class_name': 'tulip', 'probability': 0.6054774522781372}, {'class_name': 'rose', 'probability': 0.33039718866348267}, {'class_name': 'daisy', 'probability': 0.03520524129271507}]"
rose/5001855107_71351ce785_n.jpg,2,rose,0,daisy,"[{'class_name': 'daisy', 'probability': 0.3810769021511078}, {'class_name': 'rose', 'probability': 0.36263030767440796}, {'class_name': 'dandelion', 'probability': 0.11728143692016602}]"
rose/5002447916_8a7b7b689a_n.jpg,2,rose,2,rose,"[{'class_name': 'rose', 'probability': 0.6460773348808289}, {'class_name': 'tulip', 'probability': 0.16109319031238556}, {'class_name': 'daisy', 'probability': 0.11742555350065231}]"
rose/5002449706_647ffe5249_n.jpg,2,rose,2,rose,"[{'class_name': 'rose', 'probability': 0.9223501086235046}, {'class_name': 'tulip', 'probability': 0.05851578712463379}, {'class_name': 'daisy', 'probability': 0.013197609223425388}]"
rose/5002454522_300a419273_n.jpg,2,rose,2,rose,"[{'class_name': 'rose', 'probability': 0.39829593896865845}, {'class_name': 'daisy', 'probability': 0.2777152359485626}, {'class_name': 'tulip', 'probability': 0.1806141585111618}]"
rose/5002461124_dc5988bbc9_n.jpg,2,rose,2,rose,"[{'class_name': 'rose', 'probability': 0.6202808618545532}, {'class_name': 'tulip', 'probability': 0.19566021859645844}, {'class_name': 'daisy', 'probability': 0.14840710163116455}]"
rose/5060536705_b370a5c543_n.jpg,2,rose,2,rose,"[{'class_name': 'rose', 'probability': 0.9474994540214539}, {'class_name': 'tulip', 'probability': 0.037358466535806656}, {'class_name': 'daisy', 'probability': 0.008522141724824905}]"
rose/515121050_dcb99890be.jpg,2,rose,4,tulip,"[{'class_name': 'tulip', 'probability': 0.5660132169723511}, {'class_name': 'rose', 'probability': 0.37165024876594543}, {'class_name': 'daisy', 'probability': 0.036215197294950485}]"
rose/5156037859_1673720a11_m.jpg,2,rose,0,daisy,"[{'class_name': 'daisy', 'probability': 0.46555688977241516}, {'class_name': 'rose', 'probability': 0.33562591671943665}, {'class_name': 'tulip', 'probability': 0.11242540180683136}]"
rose/5172171681_5934378f08.jpg,2,rose,2,rose,"[{'class_name': 'rose', 'probability': 0.8971841335296631}, {'class_name': 'tulip', 'probability': 0.04778829589486122}, {'class_name': 'daisy', 'probability': 0.03580484911799431}]"
rose/5335937199_2c83d46a57_n.jpg,2,rose,2,rose,"[{'class_name': 'rose', 'probability': 0.6305800676345825}, {'class_name': 'tulip', 'probability': 0.16821500658988953}, {'class_name': 'daisy', 'probability': 0.10982391238212585}]"
rose/5336546068_8fd643243c_n.jpg,2,rose,2,rose,"[{'class_name': 'rose', 'probability': 0.6475142240524292}, {'class_name': 'tulip', 'probability': 0.13598324358463287}, {'class_name': 'daisy', 'probability': 0.13463209569454193}]"
rose/5349248481_6445341842_n.jpg,2,rose,2,rose,"[{'class_name': 'rose', 'probability': 0.9213491678237915}, {'class_name': 'tulip', 'probability': 0.046726226806640625}, {'class_name': 'daisy', 'probability': 0.02465852163732052}]"
rose/5349249547_5cde2db97c_n.jpg,2,rose,2,rose,"[{'class_name': 'rose', 'probability': 0.6008635759353638}, {'class_name': 'daisy', 'probability': 0.25152307748794556}, {'class_name': 'tulip', 'probability': 0.1357736736536026}]"
rose/5349251139_92539c279a_n.jpg,2,rose,2,rose,"[{'class_name': 'rose', 'probability': 0.9721283316612244}, {'class_name': 'tulip', 'probability': 0.024506699293851852}, {'class_name': 'daisy', 'probability': 0.0026167170144617558}]"
rose/5349860036_389d912fb7_n.jpg,2,rose,2,rose,"[{'class_name': 'rose', 'probability': 0.5242454409599304}, {'class_name': 'daisy', 'probability': 0.3319081664085388}, {'class_name': 'tulip', 'probability': 0.0797056257724762}]"
rose/5419629292_2f06e4b295.jpg,2,rose,2,rose,"[{'class_name': 'rose', 'probability': 0.9710735082626343}, {'class_name': 'tulip', 'probability': 0.017842791974544525}, {'class_name': 'daisy', 'probability': 0.006956332363188267}]"
rose/5487945052_bcb8e9fc8b_m.jpg,2,rose,4,tulip,"[{'class_name': 'tulip', 'probability': 0.554002583026886}, {'class_name': 'rose', 'probability': 0.432038813829422}, {'class_name': 'daisy', 'probability': 0.006801269482821226}]"
rose/5602220566_5cdde8fa6c_n.jpg,2,rose,2,rose,"[{'class_name': 'rose', 'probability': 0.8807715177536011}, {'class_name': 'tulip', 'probability': 0.08781681209802628}, {'class_name': 'daisy', 'probability': 0.020866433158516884}]"
rose/5693486585_cf64d87519_n.jpg,2,rose,4,tulip,"[{'class_name': 'tulip', 'probability': 0.7050392627716064}, {'class_name': 'rose', 'probability': 0.17455404996871948}, {'class_name': 'daisy', 'probability': 0.04954380914568901}]"
rose/5961803532_9368212949_m.jpg,2,rose,4,tulip,"[{'class_name': 'tulip', 'probability': 0.5089811086654663}, {'class_name': 'rose', 'probability': 0.43375998735427856}, {'class_name': 'daisy', 'probability': 0.037504419684410095}]"
rose/6108118824_5b0231a56d.jpg,2,rose,4,tulip,"[{'class_name': 'tulip', 'probability': 0.8119921684265137}, {'class_name': 'rose', 'probability': 0.1661655753850937}, {'class_name': 'daisy', 'probability': 0.010401030071079731}]"
rose/6280787884_141cd7b382_n.jpg,2,rose,2,rose,"[{'class_name': 'rose', 'probability': 0.8702893853187561}, {'class_name': 'tulip', 'probability': 0.09515848010778427}, {'class_name': 'daisy', 'probability': 0.03167729079723358}]"
rose/6309548569_932fee8313_m.jpg,2,rose,2,rose,"[{'class_name': 'rose', 'probability': 0.6052873134613037}, {'class_name': 'tulip', 'probability': 0.2566426992416382}, {'class_name': 'daisy', 'probability': 0.06694702804088593}]"
rose/6347846687_3f0a7c3176.jpg,2,rose,1,dandelion,"[{'class_name': 'dandelion', 'probability': 0.3032267987728119}, {'class_name': 'tulip', 'probability': 0.2634553909301758}, {'class_name': 'sunflower', 'probability': 0.19424211978912354}]"
rose/6363951285_a802238d4e.jpg,2,rose,2,rose,"[{'class_name': 'rose', 'probability': 0.844076931476593}, {'class_name': 'tulip', 'probability': 0.119217149913311}, {'class_name': 'daisy', 'probability': 0.02590840682387352}]"
rose/6409000675_6eb6806e59.jpg,2,rose,2,rose,"[{'class_name': 'rose', 'probability': 0.761881947517395}, {'class_name': 'tulip', 'probability': 0.21697747707366943}, {'class_name': 'daisy', 'probability': 0.01019060518592596}]"
rose/6653567281_768a1fd160.jpg,2,rose,2,rose,"[{'class_name': 'rose', 'probability': 0.6339946985244751}, {'class_name': 'tulip', 'probability': 0.35719889402389526}, {'class_name': 'daisy', 'probability': 0.004982214421033859}]"
rose/685724528_6cd5cbe203.jpg,2,rose,0,daisy,"[{'class_name': 'daisy', 'probability': 0.5402809977531433}, {'class_name': 'rose', 'probability': 0.25817570090293884}, {'class_name': 'tulip', 'probability': 0.0819493979215622}]"
rose/7211616670_2d49ecb3a5_m.jpg,2,rose,0,daisy,"[{'class_name': 'daisy', 'probability': 0.948996901512146}, {'class_name': 'rose', 'probability': 0.02557816356420517}, {'class_name': 'dandelion', 'probability': 0.010387088172137737}]"
rose/7302931078_30054c1970_n.jpg,2,rose,0,daisy,"[{'class_name': 'daisy', 'probability': 0.40949082374572754}, {'class_name': 'rose', 'probability': 0.3759094774723053}, {'class_name': 'tulip', 'probability': 0.1353640854358673}]"
rose/7316409504_7cf3707f8a_m.jpg,2,rose,4,tulip,"[{'class_name': 'tulip', 'probability': 0.5896326303482056}, {'class_name': 'rose', 'probability': 0.39999181032180786}, {'class_name': 'daisy', 'probability': 0.0070939925499260426}]"
rose/7345657862_689366e79a.jpg,2,rose,4,tulip,"[{'class_name': 'tulip', 'probability': 0.4290614426136017}, {'class_name': 'rose', 'probability': 0.3594454228878021}, {'class_name': 'dandelion', 'probability': 0.09896820038557053}]"
rose/7419966772_d6c1c22a81.jpg,2,rose,2,rose,"[{'class_name': 'rose', 'probability': 0.6200589537620544}, {'class_name': 'tulip', 'probability': 0.30170172452926636}, {'class_name': 'daisy', 'probability': 0.02866171859204769}]"
rose/7456196908_d34b9b76c4_n.jpg,2,rose,2,rose,"[{'class_name': 'rose', 'probability': 0.9154359102249146}, {'class_name': 'tulip', 'probability': 0.04947106912732124}, {'class_name': 'daisy', 'probability': 0.018944963812828064}]"
rose/7461898754_9032a38963_n.jpg,2,rose,2,rose,"[{'class_name': 'rose', 'probability': 0.7789210081100464}, {'class_name': 'tulip', 'probability': 0.19434194266796112}, {'class_name': 'daisy', 'probability': 0.015712229534983635}]"
rose/7474125638_332be2863e_n.jpg,2,rose,2,rose,"[{'class_name': 'rose', 'probability': 0.8588905334472656}, {'class_name': 'daisy', 'probability': 0.06292089074850082}, {'class_name': 'tulip', 'probability': 0.055895883589982986}]"
rose/7474126248_889a026929_n.jpg,2,rose,2,rose,"[{'class_name': 'rose', 'probability': 0.8454912900924683}, {'class_name': 'tulip', 'probability': 0.07026448845863342}, {'class_name': 'daisy', 'probability': 0.055698178708553314}]"
rose/7474126688_5f888ace5b_n.jpg,2,rose,2,rose,"[{'class_name': 'rose', 'probability': 0.9717856049537659}, {'class_name': 'tulip', 'probability': 0.025514135137200356}, {'class_name': 'daisy', 'probability': 0.001832095324061811}]"
rose/7481119492_a0016cb059_n.jpg,2,rose,2,rose,"[{'class_name': 'rose', 'probability': 0.6083089113235474}, {'class_name': 'daisy', 'probability': 0.27320757508277893}, {'class_name': 'tulip', 'probability': 0.09860458970069885}]"
rose/8060338380_eb6c806624_n.jpg,2,rose,2,rose,"[{'class_name': 'rose', 'probability': 0.8943709135055542}, {'class_name': 'tulip', 'probability': 0.08807021379470825}, {'class_name': 'daisy', 'probability': 0.010452371090650558}]"
rose/8063462557_e0a8bd6c64_n.jpg,2,rose,2,rose,"[{'class_name': 'rose', 'probability': 0.7434372901916504}, {'class_name': 'tulip', 'probability': 0.2452200949192047}, {'class_name': 'daisy', 'probability': 0.007809027098119259}]"
rose/8181940917_1ac63937d5_n.jpg,2,rose,0,daisy,"[{'class_name': 'daisy', 'probability': 0.4509798288345337}, {'class_name': 'rose', 'probability': 0.37099403142929077}, {'class_name': 'tulip', 'probability': 0.12546835839748383}]"
rose/8241471746_5d81fdd3c0_n.jpg,2,rose,2,rose,"[{'class_name': 'rose', 'probability': 0.5529988408088684}, {'class_name': 'dandelion', 'probability': 0.3050025701522827}, {'class_name': 'tulip', 'probability': 0.06328297406435013}]"
rose/8516036987_8a06dfe1b5_n.jpg,2,rose,2,rose,"[{'class_name': 'rose', 'probability': 0.6046861410140991}, {'class_name': 'tulip', 'probability': 0.3791145384311676}, {'class_name': 'daisy', 'probability': 0.009435715153813362}]"
rose/8667101118_87ea757b15.jpg,2,rose,1,dandelion,"[{'class_name': 'dandelion', 'probability': 0.6843318343162537}, {'class_name': 'rose', 'probability': 0.11275573819875717}, {'class_name': 'tulip', 'probability': 0.09607753902673721}]"
rose/8671682526_7058143c99.jpg,2,rose,2,rose,"[{'class_name': 'rose', 'probability': 0.803954005241394}, {'class_name': 'tulip', 'probability': 0.1457277238368988}, {'class_name': 'daisy', 'probability': 0.028849579393863678}]"
rose/8692051081_dffa8709e7_m.jpg,2,rose,2,rose,"[{'class_name': 'rose', 'probability': 0.9480129480361938}, {'class_name': 'tulip', 'probability': 0.04416496679186821}, {'class_name': 'daisy', 'probability': 0.005595154128968716}]"
rose/8747396730_966149e6fe_n.jpg,2,rose,2,rose,"[{'class_name': 'rose', 'probability': 0.5694949626922607}, {'class_name': 'tulip', 'probability': 0.26911574602127075}, {'class_name': 'daisy', 'probability': 0.07845436781644821}]"
rose/8926641787_d2515dfe8f_m.jpg,2,rose,2,rose,"[{'class_name': 'rose', 'probability': 0.8235948085784912}, {'class_name': 'tulip', 'probability': 0.13729916512966156}, {'class_name': 'daisy', 'probability': 0.03111848793923855}]"
rose/9167147034_0a66ee3616_n.jpg,2,rose,0,daisy,"[{'class_name': 'daisy', 'probability': 0.30311036109924316}, {'class_name': 'rose', 'probability': 0.24457116425037384}, {'class_name': 'dandelion', 'probability': 0.22712239623069763}]"
rose/921138131_9e1393eb2b_m.jpg,2,rose,2,rose,"[{'class_name': 'rose', 'probability': 0.4664611518383026}, {'class_name': 'daisy', 'probability': 0.3406309485435486}, {'class_name': 'tulip', 'probability': 0.1264929175376892}]"
rose/9216323421_f737c1d50e.jpg,2,rose,0,daisy,"[{'class_name': 'daisy', 'probability': 0.6455976366996765}, {'class_name': 'rose', 'probability': 0.2772132456302643}, {'class_name': 'tulip', 'probability': 0.0636206790804863}]"
rose/9300754115_dd79670066_n.jpg,2,rose,1,dandelion,"[{'class_name': 'dandelion', 'probability': 0.22323454916477203}, {'class_name': 'sunflower', 'probability': 0.22040550410747528}, {'class_name': 'rose', 'probability': 0.21815165877342224}]"
rose/9320934277_4fb95aef5d_n.jpg,2,rose,0,daisy,"[{'class_name': 'daisy', 'probability': 0.5707340240478516}, {'class_name': 'rose', 'probability': 0.2779484689235687}, {'class_name': 'tulip', 'probability': 0.07056985795497894}]"
rose/9369421752_db1ab2a6a4_m.jpg,2,rose,2,rose,"[{'class_name': 'rose', 'probability': 0.6101780533790588}, {'class_name': 'tulip', 'probability': 0.24901339411735535}, {'class_name': 'daisy', 'probability': 0.06556306034326553}]"
rose/9633056561_6f1b7e8faf_m.jpg,2,rose,2,rose,"[{'class_name': 'rose', 'probability': 0.5584133863449097}, {'class_name': 'tulip', 'probability': 0.3927619457244873}, {'class_name': 'daisy', 'probability': 0.033485572785139084}]"
sunflower/1008566138_6927679c8a.jpg,3,sunflower,3,sunflower,"[{'class_name': 'sunflower', 'probability': 0.857629656791687}, {'class_name': 'dandelion', 'probability': 0.05735873058438301}, {'class_name': 'tulip', 'probability': 0.04707759618759155}]"
sunflower/10386702973_e74a34c806_n.jpg,3,sunflower,3,sunflower,"[{'class_name': 'sunflower', 'probability': 0.92911297082901}, {'class_name': 'tulip', 'probability': 0.025130588561296463}, {'class_name': 'dandelion', 'probability': 0.020985394716262817}]"
sunflower/1043442695_4556c4c13d_n.jpg,3,sunflower,3,sunflower,"[{'class_name': 'sunflower', 'probability': 0.9934626817703247}, {'class_name': 'dandelion', 'probability': 0.0042265672236680984}, {'class_name': 'daisy', 'probability': 0.0010484532685950398}]"
sunflower/1240624822_4111dde542.jpg,3,sunflower,3,sunflower,"[{'class_name': 'sunflower', 'probability': 0.595953643321991}, {'class_name': 'dandelion', 'probability': 0.15461665391921997}, {'class_name': 'daisy', 'probability': 0.10465478897094727}]"
sunflower/1240626292_52cd5d7fb1_m.jpg,3,sunflower,3,sunflower,"[{'class_name': 'sunflower', 'probability': 0.7434507012367249}, {'class_name': 'tulip', 'probability': 0.11859267950057983}, {'class_name': 'dandelion', 'probability': 0.07402963191270828}]"
sunflower/12471290635_1f9e3aae16_n.jpg,3,sunflower,3,sunflower,"[{'class_name': 'sunflower', 'probability': 0.8614239692687988}, {'class_name': 'dandelion', 'probability': 0.11365826427936554}, {'class_name': 'daisy', 'probability': 0.011507662944495678}]"
sunflower/12471443383_b71e7a7480_m.jpg,3,sunflower,3,sunflower,"[{'class_name': 'sunflower', 'probability': 0.6466066241264343}, {'class_name': 'dandelion', 'probability': 0.2975066602230072}, {'class_name': 'daisy', 'probability': 0.03306536003947258}]"
sunflower/1379256773_bb2eb0d95b_n.jpg,3,sunflower,3,sunflower,"[{'class_name': 'sunflower', 'probability': 0.9911439418792725}, {'class_name': 'dandelion', 'probability': 0.00544357905164361}, {'class_name': 'tulip', 'probability': 0.0015342427650466561}]"
sunflower/1419608016_707b887337_n.jpg,3,sunflower,3,sunflower,"[{'class_name': 'sunflower', 'probability': 0.48093971610069275}, {'class_name': 'dandelion', 'probability': 0.3875909447669983}, {'class_name': 'tulip', 'probability': 0.06027194485068321}]"
sunflower/14266917699_91b207888e.jpg,3,sunflower,3,sunflower,"[{'class_name': 'sunflower', 'probability': 0.9148046970367432}, {'class_name': 'dandelion', 'probability': 0.03826109319925308}, {'class_name': 'tulip', 'probability': 0.028916722163558006}]"
sunflower/14460075029_5cd715bb72_m.jpg,3,sunflower,3,sunflower,"[{'class_name': 'sunflower', 'probability': 0.8517025113105774}, {'class_name': 'dandelion', 'probability': 0.08836621791124344}, {'class_name': 'tulip', 'probability': 0.02969713695347309}]"
sunflower/14623719696_1bb7970208_n.jpg,3,sunflower,3,sunflower,"[{'class_name': 'sunflower', 'probability': 0.9983749389648438}, {'class_name': 'dandelion', 'probability': 0.0009304026607424021}, {'class_name': 'tulip', 'probability': 0.00045260885963216424}]"
sunflower/14646280372_dd50be16e4_n.jpg,3,sunflower,3,sunflower,"[{'class_name': 'sunflower', 'probability': 0.9667532444000244}, {'class_name': 'dandelion', 'probability': 0.021927354857325554}, {'class_name': 'tulip', 'probability': 0.006408608518540859}]"
sunflower/14741813010_5d44e33088_n.jpg,3,sunflower,3,sunflower,"[{'class_name': 'sunflower', 'probability': 0.6229247450828552}, {'class_name': 'dandelion', 'probability': 0.2666272521018982}, {'class_name': 'daisy', 'probability': 0.054616499692201614}]"
sunflower/14741907467_fab96f3b2b_n.jpg,3,sunflower,3,sunflower,"[{'class_name': 'sunflower', 'probability': 0.7407713532447815}, {'class_name': 'dandelion', 'probability': 0.19275613129138947}, {'class_name': 'daisy', 'probability': 0.03702089935541153}]"
sunflower/14889779907_3d401bbac7_m.jpg,3,sunflower,3,sunflower,"[{'class_name': 'sunflower', 'probability': 0.5056602954864502}, {'class_name': 'dandelion', 'probability': 0.30534040927886963}, {'class_name': 'tulip', 'probability': 0.0705936923623085}]"
sunflower/15043962658_dcf9dff5e9_n.jpg,3,sunflower,3,sunflower,"[{'class_name': 'sunflower', 'probability': 0.8441023230552673}, {'class_name': 'dandelion', 'probability': 0.07195930927991867}, {'class_name': 'tulip', 'probability': 0.030971454456448555}]"
sunflower/15118243470_7e0a7f159c_n.jpg,3,sunflower,0,daisy,"[{'class_name': 'daisy', 'probability': 0.7863051295280457}, {'class_name': 'sunflower', 'probability': 0.10787510871887207}, {'class_name': 'rose', 'probability': 0.05217701941728592}]"
sunflower/15218421476_9d5f38e732_m.jpg,3,sunflower,3,sunflower,"[{'class_name': 'sunflower', 'probability': 0.8668045997619629}, {'class_name': 'dandelion', 'probability': 0.0473051518201828}, {'class_name': 'tulip', 'probability': 0.03737727180123329}]"
sunflower/15243175532_ac28c48e14_m.jpg,3,sunflower,3,sunflower,"[{'class_name': 'sunflower', 'probability': 0.924501359462738}, {'class_name': 'dandelion', 'probability': 0.04637187719345093}, {'class_name': 'daisy', 'probability': 0.01591525413095951}]"
sunflower/15266715291_dfa3f1d49f_n.jpg,3,sunflower,3,sunflower,"[{'class_name': 'sunflower', 'probability': 0.5354665517807007}, {'class_name': 'dandelion', 'probability': 0.4104132056236267}, {'class_name': 'daisy', 'probability': 0.03200828656554222}]"
sunflower/15460162172_014bcce403.jpg,3,sunflower,3,sunflower,"[{'class_name': 'sunflower', 'probability': 0.990877091884613}, {'class_name': 'dandelion', 'probability': 0.005903908982872963}, {'class_name': 'tulip', 'probability': 0.001573212561197579}]"
sunflower/15495578821_92c6d14252_n.jpg,3,sunflower,3,sunflower,"[{'class_name': 'sunflower', 'probability': 0.9775740504264832}, {'class_name': 'dandelion', 'probability': 0.0151120750233531}, {'class_name': 'daisy', 'probability': 0.0032973778434097767}]"
sunflower/16975010069_7afd290657_m.jpg,3,sunflower,3,sunflower,"[{'class_name': 'sunflower', 'probability': 0.7796511054039001}, {'class_name': 'dandelion', 'probability': 0.15918146073818207}, {'class_name': 'daisy', 'probability': 0.024322206154465675}]"
sunflower/18237215308_a158d49f28_n.jpg,3,sunflower,3,sunflower,"[{'class_name': 'sunflower', 'probability': 0.6660118699073792}, {'class_name': 'dandelion', 'probability': 0.2847176790237427}, {'class_name': 'daisy', 'probability': 0.027453361079096794}]"
sunflower/18828277053_1493158b28.jpg,3,sunflower,3,sunflower,"[{'class_name': 'sunflower', 'probability': 0.9165264368057251}, {'class_name': 'dandelion', 'probability': 0.06497256457805634}, {'class_name': 'tulip', 'probability': 0.010257759131491184}]"
sunflower/19359539074_d7e32e6616_n.jpg,3,sunflower,3,sunflower,"[{'class_name': 'sunflower', 'probability': 0.881125271320343}, {'class_name': 'daisy', 'probability': 0.05451149493455887}, {'class_name': 'dandelion', 'probability': 0.03185558319091797}]"
sunflower/193878348_43571127b9_n.jpg,3,sunflower,3,sunflower,"[{'class_name': 'sunflower', 'probability': 0.9357127547264099}, {'class_name': 'dandelion', 'probability': 0.037443023175001144}, {'class_name': 'tulip', 'probability': 0.014356854371726513}]"
sunflower/19442589512_e733cfea0f.jpg,3,sunflower,3,sunflower,"[{'class_name': 'sunflower', 'probability': 0.6900620460510254}, {'class_name': 'dandelion', 'probability': 0.20211470127105713}, {'class_name': 'tulip', 'probability': 0.055693283677101135}]"
sunflower/19504937128_a4ae90fcbd_m.jpg,3,sunflower,2,rose,"[{'class_name': 'rose', 'probability': 0.5458623766899109}, {'class_name': 'tulip', 'probability': 0.2552090883255005}, {'class_name': 'sunflower', 'probability': 0.0881718322634697}]"
sunflower/19508264965_d1dfb565ea_n.jpg,3,sunflower,3,sunflower,"[{'class_name': 'sunflower', 'probability': 0.8210450410842896}, {'class_name': 'dandelion', 'probability': 0.11112982034683228}, {'class_name': 'tulip', 'probability': 0.0308427345007658}]"
sunflower/19756232959_17cde3b9f0_m.jpg,3,sunflower,3,sunflower,"[{'class_name': 'sunflower', 'probability': 0.9160824418067932}, {'class_name': 'dandelion', 'probability': 0.04734646901488304}, {'class_name': 'daisy', 'probability': 0.013786166906356812}]"
sunflower/20481273479_d459834a3e_n.jpg,3,sunflower,1,dandelion,"[{'class_name': 'dandelion', 'probability': 0.6295421719551086}, {'class_name': 'sunflower', 'probability': 0.27122247219085693}, {'class_name': 'daisy', 'probability': 0.06112326309084892}]"
sunflower/20704967595_a9c9b8d431.jpg,3,sunflower,3,sunflower,"[{'class_name': 'sunflower', 'probability': 0.8843606114387512}, {'class_name': 'dandelion', 'probability': 0.06772493571043015}, {'class_name': 'daisy', 'probability': 0.029065292328596115}]"
sunflower/20871601265_daa4be4291_n.jpg,3,sunflower,3,sunflower,"[{'class_name': 'sunflower', 'probability': 0.6764619946479797}, {'class_name': 'dandelion', 'probability': 0.2903137505054474}, {'class_name': 'daisy', 'probability': 0.019690323621034622}]"
sunflower/20972866151_e6a928b00a.jpg,3,sunflower,3,sunflower,"[{'class_name': 'sunflower', 'probability': 0.8288120627403259}, {'class_name': 'dandelion', 'probability': 0.11091917008161545}, {'class_name': 'daisy', 'probability': 0.030041109770536423}]"
sunflower/22429946721_e17a12cb39_n.jpg,3,sunflower,3,sunflower,"[{'class_name': 'sunflower', 'probability': 0.772463321685791}, {'class_name': 'dandelion', 'probability': 0.20371867716312408}, {'class_name': 'daisy', 'probability': 0.014254407025873661}]"
sunflower/2307673262_e1e1aefd29.jpg,3,sunflower,2,rose,"[{'class_name': 'rose', 'probability': 0.4715094268321991}, {'class_name': 'tulip', 'probability': 0.2984619438648224}, {'class_name': 'dandelion', 'probability': 0.1152385026216507}]"
sunflower/235651658_a7b3e7cbdd.jpg,3,sunflower,4,tulip,"[{'class_name': 'tulip', 'probability': 0.352931410074234}, {'class_name': 'sunflower', 'probability': 0.3146122694015503}, {'class_name': 'rose', 'probability': 0.19464367628097534}]"
sunflower/2443921986_d4582c123a.jpg,3,sunflower,3,sunflower,"[{'class_name': 'sunflower', 'probability': 0.4379781186580658}, {'class_name': 'dandelion', 'probability': 0.4302752614021301}, {'class_name': 'daisy', 'probability': 0.06323307752609253}]"
sunflower/24459750_eb49f6e4cb_m.jpg,3,sunflower,3,sunflower,"[{'class_name': 'sunflower', 'probability': 0.4578287601470947}, {'class_name': 'daisy', 'probability': 0.4274889826774597}, {'class_name': 'dandelion', 'probability': 0.05367468670010567}]"
sunflower/253586685_ee5b5f5232.jpg,3,sunflower,3,sunflower,"[{'class_name': 'sunflower', 'probability': 0.8513686060905457}, {'class_name': 'dandelion', 'probability': 0.08811981230974197}, {'class_name': 'tulip', 'probability': 0.02418900467455387}]"
sunflower/26254755_1bfc494ef1_n.jpg,3,sunflower,1,dandelion,"[{'class_name': 'dandelion', 'probability': 0.49632200598716736}, {'class_name': 'sunflower', 'probability': 0.4212133288383484}, {'class_name': 'daisy', 'probability': 0.036607883870601654}]"
sunflower/2678588376_6ca64a4a54_n.jpg,3,sunflower,3,sunflower,"[{'class_name': 'sunflower', 'probability': 0.5086559653282166}, {'class_name': 'dandelion', 'probability': 0.2951817810535431}, {'class_name': 'tulip', 'probability': 0.07899785786867142}]"
sunflower/2706736074_b0fba20b3e.jpg,3,sunflower,3,sunflower,"[{'class_name': 'sunflower', 'probability': 0.9788505434989929}, {'class_name': 'tulip', 'probability': 0.009594940580427647}, {'class_name': 'dandelion', 'probability': 0.007373911794275045}]"
sunflower/2767658405_1e2043f44c_n.jpg,3,sunflower,3,sunflower,"[{'class_name': 'sunflower', 'probability': 0.6990676522254944}, {'class_name': 'dandelion', 'probability': 0.25210967659950256}, {'class_name': 'daisy', 'probability': 0.024714285507798195}]"
sunflower/2807106374_f422b5f00c.jpg,3,sunflower,3,sunflower,"[{'class_name': 'sunflower', 'probability': 0.38517725467681885}, {'class_name': 'dandelion', 'probability': 0.33162495493888855}, {'class_name': 'tulip', 'probability': 0.12167192250490189}]"
sunflower/2883115621_4837267ea1_m.jpg,3,sunflower,1,dandelion,"[{'class_name': 'dandelion', 'probability': 0.440792441368103}, {'class_name': 'sunflower', 'probability': 0.2599377930164337}, {'class_name': 'tulip', 'probability': 0.18295247852802277}]"
sunflower/2895404754_6d9f9416d7_n.jpg,3,sunflower,3,sunflower,"[{'class_name': 'sunflower', 'probability': 0.9552848935127258}, {'class_name': 'dandelion', 'probability': 0.02263735793530941}, {'class_name': 'tulip', 'probability': 0.011571350507438183}]"
sunflower/29744655960_c0868b43da_n.jpg,3,sunflower,4,tulip,"[{'class_name': 'tulip', 'probability': 0.5343896746635437}, {'class_name': 'rose', 'probability': 0.18503451347351074}, {'class_name': 'daisy', 'probability': 0.12441625446081161}]"
sunflower/3840761441_7c648abf4d_n.jpg,3,sunflower,3,sunflower,"[{'class_name': 'sunflower', 'probability': 0.9171368479728699}, {'class_name': 'dandelion', 'probability': 0.0572623610496521}, {'class_name': 'daisy', 'probability': 0.01063378993421793}]"
sunflower/3912497870_a2f91c3a65_n.jpg,3,sunflower,3,sunflower,"[{'class_name': 'sunflower', 'probability': 0.9424870610237122}, {'class_name': 'dandelion', 'probability': 0.035719338804483414}, {'class_name': 'daisy', 'probability': 0.013027293607592583}]"
sunflower/3946535709_78613461cb_n.jpg,3,sunflower,3,sunflower,"[{'class_name': 'sunflower', 'probability': 0.6362787485122681}, {'class_name': 'dandelion', 'probability': 0.20401600003242493}, {'class_name': 'daisy', 'probability': 0.07970157265663147}]"
sunflower/40410814_fba3837226_n.jpg,3,sunflower,3,sunflower,"[{'class_name': 'sunflower', 'probability': 0.8801329731941223}, {'class_name': 'dandelion', 'probability': 0.08601748198270798}, {'class_name': 'daisy', 'probability': 0.019346894696354866}]"
sunflower/40411019_526f3fc8d9_m.jpg,3,sunflower,3,sunflower,"[{'class_name': 'sunflower', 'probability': 0.7684311866760254}, {'class_name': 'dandelion', 'probability': 0.19808436930179596}, {'class_name': 'daisy', 'probability': 0.02120036445558071}]"
sunflower/40411100_7fbe10ec0f_n.jpg,3,sunflower,3,sunflower,"[{'class_name': 'sunflower', 'probability': 0.63906329870224}, {'class_name': 'dandelion', 'probability': 0.2809038758277893}, {'class_name': 'daisy', 'probability': 0.0456048920750618}]"
sunflower/4080112931_cb20b3d51a_n.jpg,3,sunflower,3,sunflower,"[{'class_name': 'sunflower', 'probability': 0.5371286273002625}, {'class_name': 'tulip', 'probability': 0.15531469881534576}, {'class_name': 'rose', 'probability': 0.11660641431808472}]"
sunflower/4235259239_21f2eb4f2e.jpg,3,sunflower,3,sunflower,"[{'class_name': 'sunflower', 'probability': 0.7289887070655823}, {'class_name': 'dandelion', 'probability': 0.10693497955799103}, {'class_name': 'tulip', 'probability': 0.07538072764873505}]"
sunflower/45045003_30bbd0a142_m.jpg,3,sunflower,3,sunflower,"[{'class_name': 'sunflower', 'probability': 0.7815712094306946}, {'class_name': 'dandelion', 'probability': 0.16810862720012665}, {'class_name': 'daisy', 'probability': 0.027063559740781784}]"
sunflower/4626721387_88f89d5cc9_n.jpg,3,sunflower,3,sunflower,"[{'class_name': 'sunflower', 'probability': 0.45790308713912964}, {'class_name': 'tulip', 'probability': 0.4418182671070099}, {'class_name': 'rose', 'probability': 0.057933829724788666}]"
sunflower/4664737020_b4c61aacd3_n.jpg,3,sunflower,3,sunflower,"[{'class_name': 'sunflower', 'probability': 0.9560077786445618}, {'class_name': 'dandelion', 'probability': 0.023579271510243416}, {'class_name': 'tulip', 'probability': 0.010215768590569496}]"
sunflower/4689061249_6498da5013.jpg,3,sunflower,3,sunflower,"[{'class_name': 'sunflower', 'probability': 0.9521828293800354}, {'class_name': 'dandelion', 'probability': 0.033868949860334396}, {'class_name': 'tulip', 'probability': 0.006428242195397615}]"
sunflower/4818994715_9d90527d18_n.jpg,3,sunflower,3,sunflower,"[{'class_name': 'sunflower', 'probability': 0.8649774789810181}, {'class_name': 'tulip', 'probability': 0.03930230066180229}, {'class_name': 'rose', 'probability': 0.037622906267642975}]"
sunflower/4847062576_bae870479c_n.jpg,3,sunflower,1,dandelion,"[{'class_name': 'dandelion', 'probability': 0.56996750831604}, {'class_name': 'sunflower', 'probability': 0.33752092719078064}, {'class_name': 'daisy', 'probability': 0.04258950799703598}]"
sunflower/4895718876_0246882882_n.jpg,3,sunflower,3,sunflower,"[{'class_name': 'sunflower', 'probability': 0.9453192353248596}, {'class_name': 'dandelion', 'probability': 0.04091426357626915}, {'class_name': 'tulip', 'probability': 0.0065493336878716946}]"
sunflower/4940287066_385afd9c18_m.jpg,3,sunflower,3,sunflower,"[{'class_name': 'sunflower', 'probability': 0.942230761051178}, {'class_name': 'dandelion', 'probability': 0.04579592123627663}, {'class_name': 'daisy', 'probability': 0.0060028694570064545}]"
sunflower/5015462205_440898fe41_n.jpg,3,sunflower,3,sunflower,"[{'class_name': 'sunflower', 'probability': 0.9928088188171387}, {'class_name': 'dandelion', 'probability': 0.005437863525003195}, {'class_name': 'daisy', 'probability': 0.0007981471717357635}]"
sunflower/5018120483_cc0421b176_m.jpg,3,sunflower,3,sunflower,"[{'class_name': 'sunflower', 'probability': 0.7433918714523315}, {'class_name': 'dandelion', 'probability': 0.09994534403085709}, {'class_name': 'daisy', 'probability': 0.07092422246932983}]"
sunflower/5020805135_1219d7523d.jpg,3,sunflower,3,sunflower,"[{'class_name': 'sunflower', 'probability': 0.96407550573349}, {'class_name': 'dandelion', 'probability': 0.025513259693980217}, {'class_name': 'daisy', 'probability': 0.004469725303351879}]"
sunflower/5115925320_ed9ca5b2d1_n.jpg,3,sunflower,3,sunflower,"[{'class_name': 'sunflower', 'probability': 0.40618661046028137}, {'class_name': 'daisy', 'probability': 0.24385394155979156}, {'class_name': 'tulip', 'probability': 0.18799543380737305}]"
sunflower/5180861654_0741222c62_n.jpg,3,sunflower,3,sunflower,"[{'class_name': 'sunflower', 'probability': 0.932858943939209}, {'class_name': 'dandelion', 'probability': 0.03507460281252861}, {'class_name': 'daisy', 'probability': 0.022745389491319656}]"
sunflower/5933438337_b26a81ea81_n.jpg,3,sunflower,3,sunflower,"[{'class_name': 'sunflower', 'probability': 0.9964615702629089}, {'class_name': 'dandelion', 'probability': 0.0018860653508454561}, {'class_name': 'tulip', 'probability': 0.0007888724212534726}]"
sunflower/5955500463_6c08cb199e.jpg,3,sunflower,3,sunflower,"[{'class_name': 'sunflower', 'probability': 0.9997872710227966}, {'class_name': 'tulip', 'probability': 0.00010949581337627023}, {'class_name': 'dandelion', 'probability': 8.567435725126415e-05}]"
sunflower/5955501969_e42f038a6f_n.jpg,3,sunflower,3,sunflower,"[{'class_name': 'sunflower', 'probability': 0.9950856566429138}, {'class_name': 'dandelion', 'probability': 0.0034439878072589636}, {'class_name': 'tulip', 'probability': 0.000905577908270061}]"
sunflower/5956627065_075880a1cc_n.jpg,3,sunflower,3,sunflower,"[{'class_name': 'sunflower', 'probability': 0.9927225708961487}, {'class_name': 'daisy', 'probability': 0.0038673209492117167}, {'class_name': 'dandelion', 'probability': 0.0020375472959131002}]"
sunflower/5956627147_4d51393479_n.jpg,3,sunflower,3,sunflower,"[{'class_name': 'sunflower', 'probability': 0.9275392889976501}, {'class_name': 'dandelion', 'probability': 0.03394674137234688}, {'class_name': 'daisy', 'probability': 0.022263437509536743}]"
sunflower/5967284308_85714d8cf7_m.jpg,3,sunflower,3,sunflower,"[{'class_name': 'sunflower', 'probability': 0.4999001920223236}, {'class_name': 'dandelion', 'probability': 0.31790322065353394}, {'class_name': 'tulip', 'probability': 0.09876864403486252}]"
sunflower/5970301989_fe3a68aac8_m.jpg,3,sunflower,3,sunflower,"[{'class_name': 'sunflower', 'probability': 0.8933626413345337}, {'class_name': 'dandelion', 'probability': 0.07490447908639908}, {'class_name': 'tulip', 'probability': 0.013813083991408348}]"
sunflower/5994569021_749d5e2da3_n.jpg,3,sunflower,3,sunflower,"[{'class_name': 'sunflower', 'probability': 0.857979416847229}, {'class_name': 'daisy', 'probability': 0.06645374000072479}, {'class_name': 'dandelion', 'probability': 0.05653882026672363}]"
sunflower/6140808687_88df0fd733.jpg,3,sunflower,3,sunflower,"[{'class_name': 'sunflower', 'probability': 0.9807223677635193}, {'class_name': 'dandelion', 'probability': 0.013679132796823978}, {'class_name': 'tulip', 'probability': 0.0025454270653426647}]"
sunflower/6199086734_b7ddc65816_m.jpg,3,sunflower,3,sunflower,"[{'class_name': 'sunflower', 'probability': 0.9538099765777588}, {'class_name': 'dandelion', 'probability': 0.027951302006840706}, {'class_name': 'daisy', 'probability': 0.009400452487170696}]"
sunflower/6204049536_1ac4f09232_n.jpg,3,sunflower,3,sunflower,"[{'class_name': 'sunflower', 'probability': 0.765506386756897}, {'class_name': 'dandelion', 'probability': 0.20416361093521118}, {'class_name': 'daisy', 'probability': 0.017496565356850624}]"
sunflower/6250692311_cb60c85ee9_n.jpg,3,sunflower,3,sunflower,"[{'class_name': 'sunflower', 'probability': 0.6823930144309998}, {'class_name': 'dandelion', 'probability': 0.18493716418743134}, {'class_name': 'tulip', 'probability': 0.059642914682626724}]"
sunflower/6606749757_b98a4ba403.jpg,3,sunflower,3,sunflower,"[{'class_name': 'sunflower', 'probability': 0.536044716835022}, {'class_name': 'dandelion', 'probability': 0.39896467328071594}, {'class_name': 'daisy', 'probability': 0.034031644463539124}]"
sunflower/6606820461_952c450f90_n.jpg,3,sunflower,1,dandelion,"[{'class_name': 'dandelion', 'probability': 0.47915101051330566}, {'class_name': 'sunflower', 'probability': 0.37956273555755615}, {'class_name': 'daisy', 'probability': 0.07521916925907135}]"
sunflower/678714585_addc9aaaef.jpg,3,sunflower,3,sunflower,"[{'class_name': 'sunflower', 'probability': 0.985341489315033}, {'class_name': 'dandelion', 'probability': 0.009840595535933971}, {'class_name': 'daisy', 'probability': 0.002564656315371394}]"
sunflower/6866250080_ae80df0cd5_m.jpg,3,sunflower,2,rose,"[{'class_name': 'rose', 'probability': 0.49979665875434875}, {'class_name': 'tulip', 'probability': 0.1894916445016861}, {'class_name': 'daisy', 'probability': 0.1559111773967743}]"
sunflower/7510240282_87554c7418_n.jpg,3,sunflower,3,sunflower,"[{'class_name': 'sunflower', 'probability': 0.4980181157588959}, {'class_name': 'dandelion', 'probability': 0.4240363538265228}, {'class_name': 'daisy', 'probability': 0.04846852272748947}]"
sunflower/7510262868_cf7d6f6f25_n.jpg,3,sunflower,1,dandelion,"[{'class_name': 'dandelion', 'probability': 0.8794199824333191}, {'class_name': 'sunflower', 'probability': 0.062123268842697144}, {'class_name': 'daisy', 'probability': 0.030673358589410782}]"
sunflower/7820626738_3be6a52e4e_n.jpg,3,sunflower,3,sunflower,"[{'class_name': 'sunflower', 'probability': 0.6877835988998413}, {'class_name': 'tulip', 'probability': 0.09479241073131561}, {'class_name': 'daisy', 'probability': 0.0886351466178894}]"
sunflower/7857605684_fc86440c23.jpg,3,sunflower,3,sunflower,"[{'class_name': 'sunflower', 'probability': 0.9699530601501465}, {'class_name': 'tulip', 'probability': 0.01708831824362278}, {'class_name': 'rose', 'probability': 0.004915658384561539}]"
sunflower/8014735546_3db46bb1fe_n.jpg,3,sunflower,3,sunflower,"[{'class_name': 'sunflower', 'probability': 0.592001736164093}, {'class_name': 'dandelion', 'probability': 0.19998480379581451}, {'class_name': 'tulip', 'probability': 0.08807297050952911}]"
sunflower/8038712786_5bdeed3c7f_m.jpg,3,sunflower,3,sunflower,"[{'class_name': 'sunflower', 'probability': 0.8318668007850647}, {'class_name': 'dandelion', 'probability': 0.08211366087198257}, {'class_name': 'daisy', 'probability': 0.05056300014257431}]"
sunflower/8174935717_d19367d502.jpg,3,sunflower,3,sunflower,"[{'class_name': 'sunflower', 'probability': 0.8783708214759827}, {'class_name': 'dandelion', 'probability': 0.08335864543914795}, {'class_name': 'daisy', 'probability': 0.023907454684376717}]"
sunflower/8174941335_56389b53e9_n.jpg,3,sunflower,3,sunflower,"[{'class_name': 'sunflower', 'probability': 0.9707636833190918}, {'class_name': 'dandelion', 'probability': 0.018241409212350845}, {'class_name': 'tulip', 'probability': 0.005381902679800987}]"
sunflower/8174970894_7f9a26be7e.jpg,3,sunflower,3,sunflower,"[{'class_name': 'sunflower', 'probability': 0.8339810967445374}, {'class_name': 'dandelion', 'probability': 0.0903991311788559}, {'class_name': 'tulip', 'probability': 0.04468211531639099}]"
sunflower/8234846550_fdaf326dbe.jpg,3,sunflower,3,sunflower,"[{'class_name': 'sunflower', 'probability': 0.8996398448944092}, {'class_name': 'dandelion', 'probability': 0.0683848112821579}, {'class_name': 'daisy', 'probability': 0.01854443922638893}]"
sunflower/8433716268_8b7b4083bc_n.jpg,3,sunflower,1,dandelion,"[{'class_name': 'dandelion', 'probability': 0.956362247467041}, {'class_name': 'daisy', 'probability': 0.021116506308317184}, {'class_name': 'tulip', 'probability': 0.008362841792404652}]"
sunflower/8543642705_b841b0e5f6.jpg,3,sunflower,3,sunflower,"[{'class_name': 'sunflower', 'probability': 0.8918057084083557}, {'class_name': 'dandelion', 'probability': 0.09071065485477448}, {'class_name': 'daisy', 'probability': 0.009776376187801361}]"
sunflower/864957037_c75373d1c5.jpg,3,sunflower,3,sunflower,"[{'class_name': 'sunflower', 'probability': 0.984248697757721}, {'class_name': 'dandelion', 'probability': 0.005689756479114294}, {'class_name': 'tulip', 'probability': 0.004751982167363167}]"
sunflower/9111896677_ff0b6fa6f6_n.jpg,3,sunflower,3,sunflower,"[{'class_name': 'sunflower', 'probability': 0.9877343773841858}, {'class_name': 'dandelion', 'probability': 0.008920960128307343}, {'class_name': 'daisy', 'probability': 0.0019097240874543786}]"
sunflower/9231555352_d2dd8f8e68_m.jpg,3,sunflower,2,rose,"[{'class_name': 'rose', 'probability': 0.5112520456314087}, {'class_name': 'tulip', 'probability': 0.32451340556144714}, {'class_name': 'daisy', 'probability': 0.06932521611452103}]"
sunflower/9375675309_987d32f99e_n.jpg,3,sunflower,3,sunflower,"[{'class_name': 'sunflower', 'probability': 0.937380850315094}, {'class_name': 'dandelion', 'probability': 0.04240644723176956}, {'class_name': 'tulip', 'probability': 0.008887868374586105}]"
sunflower/9400904374_37723396e3_n.jpg,3,sunflower,3,sunflower,"[{'class_name': 'sunflower', 'probability': 0.5935155749320984}, {'class_name': 'dandelion', 'probability': 0.28988733887672424}, {'class_name': 'daisy', 'probability': 0.05100513994693756}]"
sunflower/9535500195_543d0b729b.jpg,3,sunflower,3,sunflower,"[{'class_name': 'sunflower', 'probability': 0.9916530251502991}, {'class_name': 'dandelion', 'probability': 0.005216947756707668}, {'class_name': 'daisy', 'probability': 0.0017008086433634162}]"
sunflower/9555827829_74e6f60f1d_m.jpg,3,sunflower,3,sunflower,"[{'class_name': 'sunflower', 'probability': 0.8544961810112}, {'class_name': 'dandelion', 'probability': 0.05982910841703415}, {'class_name': 'daisy', 'probability': 0.03529835492372513}]"
sunflower/9558630626_52a1b7d702_m.jpg,3,sunflower,3,sunflower,"[{'class_name': 'sunflower', 'probability': 0.9594008922576904}, {'class_name': 'daisy', 'probability': 0.017725924029946327}, {'class_name': 'dandelion', 'probability': 0.012189634144306183}]"
sunflower/9564240106_0577e919da_n.jpg,3,sunflower,3,sunflower,"[{'class_name': 'sunflower', 'probability': 0.976667046546936}, {'class_name': 'dandelion', 'probability': 0.01683509722352028}, {'class_name': 'daisy', 'probability': 0.0032919002696871758}]"
sunflower/9588522189_db6166f67f.jpg,3,sunflower,3,sunflower,"[{'class_name': 'sunflower', 'probability': 0.9687434434890747}, {'class_name': 'dandelion', 'probability': 0.02391020394861698}, {'class_name': 'tulip', 'probability': 0.0030943562742322683}]"
sunflower/9610373748_b9cb67bd55.jpg,3,sunflower,3,sunflower,"[{'class_name': 'sunflower', 'probability': 0.8944821953773499}, {'class_name': 'dandelion', 'probability': 0.05681115761399269}, {'class_name': 'tulip', 'probability': 0.022978097200393677}]"
tulip/112951022_4892b1348b_n.jpg,4,tulip,4,tulip,"[{'class_name': 'tulip', 'probability': 0.9160689115524292}, {'class_name': 'rose', 'probability': 0.07476230710744858}, {'class_name': 'daisy', 'probability': 0.004266633652150631}]"
tulip/11746452_5bc1749a36.jpg,4,tulip,4,tulip,"[{'class_name': 'tulip', 'probability': 0.9723682403564453}, {'class_name': 'rose', 'probability': 0.020039528608322144}, {'class_name': 'sunflower', 'probability': 0.0036108032800257206}]"
tulip/12873145295_438b8197a7_n.jpg,4,tulip,4,tulip,"[{'class_name': 'tulip', 'probability': 0.649000883102417}, {'class_name': 'rose', 'probability': 0.3352054953575134}, {'class_name': 'daisy', 'probability': 0.007310317829251289}]"
tulip/12883412424_cb5086b43f_n.jpg,4,tulip,4,tulip,"[{'class_name': 'tulip', 'probability': 0.5941314101219177}, {'class_name': 'rose', 'probability': 0.3809363543987274}, {'class_name': 'sunflower', 'probability': 0.015077395364642143}]"
tulip/13510068773_c925c5517c.jpg,4,tulip,4,tulip,"[{'class_name': 'tulip', 'probability': 0.7837761044502258}, {'class_name': 'rose', 'probability': 0.09649934619665146}, {'class_name': 'dandelion', 'probability': 0.046127334237098694}]"
tulip/1353748522_b9c630b162.jpg,4,tulip,4,tulip,"[{'class_name': 'tulip', 'probability': 0.8962547183036804}, {'class_name': 'sunflower', 'probability': 0.044871751219034195}, {'class_name': 'rose', 'probability': 0.03387042507529259}]"
tulip/13926327692_a07357ff0d.jpg,4,tulip,4,tulip,"[{'class_name': 'tulip', 'probability': 0.8780577182769775}, {'class_name': 'rose', 'probability': 0.07752565294504166}, {'class_name': 'daisy', 'probability': 0.018354687839746475}]"
tulip/13954659583_03981dea99_n.jpg,4,tulip,4,tulip,"[{'class_name': 'tulip', 'probability': 0.944654643535614}, {'class_name': 'sunflower', 'probability': 0.024261733517050743}, {'class_name': 'rose', 'probability': 0.024167094379663467}]"
tulip/13974542496_e4b5d1c913_n.jpg,4,tulip,4,tulip,"[{'class_name': 'tulip', 'probability': 0.6723964214324951}, {'class_name': 'sunflower', 'probability': 0.1866743117570877}, {'class_name': 'rose', 'probability': 0.10092632472515106}]"
tulip/13979840624_28466cb3ec_n.jpg,4,tulip,4,tulip,"[{'class_name': 'tulip', 'probability': 0.993847668170929}, {'class_name': 'sunflower', 'probability': 0.0028726779855787754}, {'class_name': 'rose', 'probability': 0.002679119585081935}]"
tulip/13999402743_f563f6b685_n.jpg,4,tulip,4,tulip,"[{'class_name': 'tulip', 'probability': 0.8878187537193298}, {'class_name': 'rose', 'probability': 0.09951197355985641}, {'class_name': 'sunflower', 'probability': 0.0058373743668198586}]"
tulip/14017640283_c417141832_n.jpg,4,tulip,3,sunflower,"[{'class_name': 'sunflower', 'probability': 0.7350389361381531}, {'class_name': 'tulip', 'probability': 0.15752173960208893}, {'class_name': 'dandelion', 'probability': 0.05371557176113129}]"
tulip/14022473102_3b24ca08cb_m.jpg,4,tulip,3,sunflower,"[{'class_name': 'sunflower', 'probability': 0.5874904990196228}, {'class_name': 'tulip', 'probability': 0.22456657886505127}, {'class_name': 'dandelion', 'probability': 0.08267627656459808}]"
tulip/14039129738_cc3ac0a623_n.jpg,4,tulip,4,tulip,"[{'class_name': 'tulip', 'probability': 0.9846625328063965}, {'class_name': 'rose', 'probability': 0.009596707299351692}, {'class_name': 'sunflower', 'probability': 0.0026418266352266073}]"
tulip/14046760909_0c73e84a1f_n.jpg,4,tulip,4,tulip,"[{'class_name': 'tulip', 'probability': 0.426777720451355}, {'class_name': 'rose', 'probability': 0.2918563485145569}, {'class_name': 'sunflower', 'probability': 0.22712193429470062}]"
tulip/14054827092_f359f5fcbd_m.jpg,4,tulip,4,tulip,"[{'class_name': 'tulip', 'probability': 0.8944282531738281}, {'class_name': 'rose', 'probability': 0.07528509944677353}, {'class_name': 'daisy', 'probability': 0.014314119704067707}]"
tulip/14055601247_2e647ba9b0_n.jpg,4,tulip,4,tulip,"[{'class_name': 'tulip', 'probability': 0.668677568435669}, {'class_name': 'rose', 'probability': 0.13045679032802582}, {'class_name': 'dandelion', 'probability': 0.07758289575576782}]"
tulip/14057246122_8598b665bd.jpg,4,tulip,4,tulip,"[{'class_name': 'tulip', 'probability': 0.9496718049049377}, {'class_name': 'rose', 'probability': 0.03592349588871002}, {'class_name': 'daisy', 'probability': 0.007195340469479561}]"
tulip/14066056226_d8564a083e_m.jpg,4,tulip,4,tulip,"[{'class_name': 'tulip', 'probability': 0.9381533861160278}, {'class_name': 'rose', 'probability': 0.0521489754319191}, {'class_name': 'daisy', 'probability': 0.0056834109127521515}]"
tulip/14067456066_87e15792d0.jpg,4,tulip,4,tulip,"[{'class_name': 'tulip', 'probability': 0.8074976205825806}, {'class_name': 'rose', 'probability': 0.16482581198215485}, {'class_name': 'daisy', 'probability': 0.0133973378688097}]"
tulip/14069914457_6805909b1c_n.jpg,4,tulip,4,tulip,"[{'class_name': 'tulip', 'probability': 0.9641985297203064}, {'class_name': 'rose', 'probability': 0.027199573814868927}, {'class_name': 'daisy', 'probability': 0.003880083793774247}]"
tulip/14069914547_1fa90bec99_n.jpg,4,tulip,4,tulip,"[{'class_name': 'tulip', 'probability': 0.4754907190799713}, {'class_name': 'rose', 'probability': 0.41755446791648865}, {'class_name': 'daisy', 'probability': 0.07319822162389755}]"
tulip/14087361621_9fefb8dbef.jpg,4,tulip,4,tulip,"[{'class_name': 'tulip', 'probability': 0.9313526153564453}, {'class_name': 'rose', 'probability': 0.05837148800492287}, {'class_name': 'daisy', 'probability': 0.004622590262442827}]"
tulip/14087425312_2b5846b570_n.jpg,4,tulip,4,tulip,"[{'class_name': 'tulip', 'probability': 0.7668583393096924}, {'class_name': 'rose', 'probability': 0.1643674522638321}, {'class_name': 'daisy', 'probability': 0.03256871551275253}]"
tulip/14093884601_c87b5cd663_n.jpg,4,tulip,2,rose,"[{'class_name': 'rose', 'probability': 0.5310215950012207}, {'class_name': 'tulip', 'probability': 0.32144492864608765}, {'class_name': 'daisy', 'probability': 0.11667518317699432}]"
tulip/14097676864_4ca8e8b20d_n.jpg,4,tulip,4,tulip,"[{'class_name': 'tulip', 'probability': 0.9749419093132019}, {'class_name': 'rose', 'probability': 0.01602216809988022}, {'class_name': 'sunflower', 'probability': 0.004021259490400553}]"
tulip/14127532150_112823a8f6.jpg,4,tulip,4,tulip,"[{'class_name': 'tulip', 'probability': 0.5612539649009705}, {'class_name': 'rose', 'probability': 0.414517343044281}, {'class_name': 'daisy', 'probability': 0.011721706949174404}]"
tulip/14254329512_8b4229b898_n.jpg,4,tulip,4,tulip,"[{'class_name': 'tulip', 'probability': 0.7506839632987976}, {'class_name': 'rose', 'probability': 0.19732728600502014}, {'class_name': 'sunflower', 'probability': 0.029693011194467545}]"
tulip/14254839301_ffb19c6445_n.jpg,4,tulip,4,tulip,"[{'class_name': 'tulip', 'probability': 0.8413318991661072}, {'class_name': 'rose', 'probability': 0.11654827743768692}, {'class_name': 'daisy', 'probability': 0.017617985606193542}]"
tulip/14262354955_cc2ab3b112_m.jpg,4,tulip,4,tulip,"[{'class_name': 'tulip', 'probability': 0.4955752491950989}, {'class_name': 'rose', 'probability': 0.39935731887817383}, {'class_name': 'daisy', 'probability': 0.06067084148526192}]"
tulip/14270573963_f122c40438.jpg,4,tulip,4,tulip,"[{'class_name': 'tulip', 'probability': 0.9344668388366699}, {'class_name': 'rose', 'probability': 0.03457365185022354}, {'class_name': 'sunflower', 'probability': 0.01634366251528263}]"
tulip/14487705209_ea723109e1_m.jpg,4,tulip,2,rose,"[{'class_name': 'rose', 'probability': 0.9143865704536438}, {'class_name': 'daisy', 'probability': 0.040769241750240326}, {'class_name': 'tulip', 'probability': 0.03438914194703102}]"
tulip/14674388855_2da18e375a_m.jpg,4,tulip,2,rose,"[{'class_name': 'rose', 'probability': 0.6936342716217041}, {'class_name': 'tulip', 'probability': 0.28857576847076416}, {'class_name': 'daisy', 'probability': 0.009467926807701588}]"
tulip/14861513337_4ef0bfa40d.jpg,4,tulip,4,tulip,"[{'class_name': 'tulip', 'probability': 0.726664125919342}, {'class_name': 'rose', 'probability': 0.2427353858947754}, {'class_name': 'daisy', 'probability': 0.01270684227347374}]"
tulip/15096307668_589504b03f_n.jpg,4,tulip,4,tulip,"[{'class_name': 'tulip', 'probability': 0.5916175246238708}, {'class_name': 'rose', 'probability': 0.33828142285346985}, {'class_name': 'daisy', 'probability': 0.029972711578011513}]"
tulip/15149373026_93aacc65c5.jpg,4,tulip,4,tulip,"[{'class_name': 'tulip', 'probability': 0.9455306529998779}, {'class_name': 'rose', 'probability': 0.04151029512286186}, {'class_name': 'daisy', 'probability': 0.00875906366854906}]"
tulip/15458787091_3edc6cd1eb.jpg,4,tulip,1,dandelion,"[{'class_name': 'dandelion', 'probability': 0.6111723184585571}, {'class_name': 'daisy', 'probability': 0.12889820337295532}, {'class_name': 'sunflower', 'probability': 0.11289557069540024}]"
tulip/15632065904_0d9caf174b.jpg,4,tulip,2,rose,"[{'class_name': 'rose', 'probability': 0.7086263298988342}, {'class_name': 'tulip', 'probability': 0.14431163668632507}, {'class_name': 'sunflower', 'probability': 0.08420570194721222}]"
tulip/15756524087_823cf86bd8_m.jpg,4,tulip,4,tulip,"[{'class_name': 'tulip', 'probability': 0.9246234893798828}, {'class_name': 'rose', 'probability': 0.05602259188890457}, {'class_name': 'daisy', 'probability': 0.00845705159008503}]"
tulip/15976769174_1d50f46ca1_m.jpg,4,tulip,4,tulip,"[{'class_name': 'tulip', 'probability': 0.9950993657112122}, {'class_name': 'daisy', 'probability': 0.00215024477802217}, {'class_name': 'rose', 'probability': 0.0015850020572543144}]"
tulip/16062072523_1be3c0b61f.jpg,4,tulip,0,daisy,"[{'class_name': 'daisy', 'probability': 0.9289830327033997}, {'class_name': 'rose', 'probability': 0.02575952187180519}, {'class_name': 'sunflower', 'probability': 0.019126828759908676}]"
tulip/16074109313_2cc14c7d16.jpg,4,tulip,4,tulip,"[{'class_name': 'tulip', 'probability': 0.9902865886688232}, {'class_name': 'sunflower', 'probability': 0.003887165803462267}, {'class_name': 'rose', 'probability': 0.003254308132454753}]"
tulip/16098264209_38fe491093.jpg,4,tulip,4,tulip,"[{'class_name': 'tulip', 'probability': 0.44620823860168457}, {'class_name': 'dandelion', 'probability': 0.27432844042778015}, {'class_name': 'rose', 'probability': 0.17237286269664764}]"
tulip/16110795216_b3e44697b4_m.jpg,4,tulip,0,daisy,"[{'class_name': 'daisy', 'probability': 0.881108283996582}, {'class_name': 'rose', 'probability': 0.09709694236516953}, {'class_name': 'tulip', 'probability': 0.012979303486645222}]"
tulip/16133651784_c244d86f82_n.jpg,4,tulip,1,dandelion,"[{'class_name': 'dandelion', 'probability': 0.4196213185787201}, {'class_name': 'rose', 'probability': 0.254384309053421}, {'class_name': 'tulip', 'probability': 0.2213643491268158}]"
tulip/16265876844_0a149c4f76.jpg,4,tulip,4,tulip,"[{'class_name': 'tulip', 'probability': 0.9557695984840393}, {'class_name': 'sunflower', 'probability': 0.026093341410160065}, {'class_name': 'rose', 'probability': 0.010773470625281334}]"
tulip/16309287412_5cc4d58bd1_n.jpg,4,tulip,4,tulip,"[{'class_name': 'tulip', 'probability': 0.9056285619735718}, {'class_name': 'sunflower', 'probability': 0.07981875538825989}, {'class_name': 'rose', 'probability': 0.008312344551086426}]"
tulip/16485607329_e66d5960bc_m.jpg,4,tulip,4,tulip,"[{'class_name': 'tulip', 'probability': 0.9539889693260193}, {'class_name': 'rose', 'probability': 0.039590466767549515}, {'class_name': 'sunflower', 'probability': 0.0033075353130698204}]"
tulip/16644790896_7b296ecd67_n.jpg,4,tulip,4,tulip,"[{'class_name': 'tulip', 'probability': 0.9064265489578247}, {'class_name': 'rose', 'probability': 0.08659156411886215}, {'class_name': 'sunflower', 'probability': 0.0041035739704966545}]"
tulip/16645809126_613b1e3ebe_m.jpg,4,tulip,4,tulip,"[{'class_name': 'tulip', 'probability': 0.9015071392059326}, {'class_name': 'rose', 'probability': 0.09394080936908722}, {'class_name': 'daisy', 'probability': 0.00207960931584239}]"
tulip/16700863150_ddaa4d89b4_n.jpg,4,tulip,4,tulip,"[{'class_name': 'tulip', 'probability': 0.97867351770401}, {'class_name': 'rose', 'probability': 0.010406991466879845}, {'class_name': 'daisy', 'probability': 0.0058809067122638226}]"
tulip/16755061382_f6531150c1_n.jpg,4,tulip,1,dandelion,"[{'class_name': 'dandelion', 'probability': 0.3989843726158142}, {'class_name': 'rose', 'probability': 0.22286346554756165}, {'class_name': 'daisy', 'probability': 0.1872662603855133}]"
tulip/16862374316_4135908d4c_m.jpg,4,tulip,0,daisy,"[{'class_name': 'daisy', 'probability': 0.5463429689407349}, {'class_name': 'tulip', 'probability': 0.15668810904026031}, {'class_name': 'sunflower', 'probability': 0.11768136918544769}]"
tulip/16862422576_5226e8d1d0.jpg,4,tulip,0,daisy,"[{'class_name': 'daisy', 'probability': 0.4820078909397125}, {'class_name': 'dandelion', 'probability': 0.2956625819206238}, {'class_name': 'rose', 'probability': 0.1165408045053482}]"
tulip/17012955700_7141d29eee.jpg,4,tulip,2,rose,"[{'class_name': 'rose', 'probability': 0.42137613892555237}, {'class_name': 'dandelion', 'probability': 0.3028099834918976}, {'class_name': 'daisy', 'probability': 0.13136442005634308}]"
tulip/17105644339_e301a8a6be_n.jpg,4,tulip,2,rose,"[{'class_name': 'rose', 'probability': 0.5624203085899353}, {'class_name': 'tulip', 'probability': 0.3417704999446869}, {'class_name': 'daisy', 'probability': 0.07304786145687103}]"
tulip/17224410762_402455ed8f.jpg,4,tulip,3,sunflower,"[{'class_name': 'sunflower', 'probability': 0.8213211297988892}, {'class_name': 'dandelion', 'probability': 0.08285712450742722}, {'class_name': 'tulip', 'probability': 0.04187895357608795}]"
tulip/17291930305_79deae6a90_n.jpg,4,tulip,0,daisy,"[{'class_name': 'daisy', 'probability': 0.49360454082489014}, {'class_name': 'rose', 'probability': 0.3915882706642151}, {'class_name': 'tulip', 'probability': 0.07309486716985703}]"
tulip/17324469461_2b318aff8d_m.jpg,4,tulip,1,dandelion,"[{'class_name': 'dandelion', 'probability': 0.6437936425209045}, {'class_name': 'daisy', 'probability': 0.14238260686397552}, {'class_name': 'tulip', 'probability': 0.0929868146777153}]"
tulip/17408197905_829c4d7940_m.jpg,4,tulip,4,tulip,"[{'class_name': 'tulip', 'probability': 0.5533013939857483}, {'class_name': 'rose', 'probability': 0.42038580775260925}, {'class_name': 'sunflower', 'probability': 0.013629158027470112}]"
tulip/17545306218_5bf0ee38cd_n.jpg,4,tulip,4,tulip,"[{'class_name': 'tulip', 'probability': 0.7780949473381042}, {'class_name': 'rose', 'probability': 0.19857294857501984}, {'class_name': 'daisy', 'probability': 0.014405210502445698}]"
tulip/17730239562_9aa0fc0738_n.jpg,4,tulip,4,tulip,"[{'class_name': 'tulip', 'probability': 0.6767942309379578}, {'class_name': 'rose', 'probability': 0.21138855814933777}, {'class_name': 'daisy', 'probability': 0.07039579749107361}]"
tulip/17862445825_f7031d6f26.jpg,4,tulip,4,tulip,"[{'class_name': 'tulip', 'probability': 0.9817153215408325}, {'class_name': 'rose', 'probability': 0.011978328227996826}, {'class_name': 'sunflower', 'probability': 0.003509580623358488}]"
tulip/17970201501_6ee7401206_n.jpg,4,tulip,4,tulip,"[{'class_name': 'tulip', 'probability': 0.8182751536369324}, {'class_name': 'rose', 'probability': 0.11368228495121002}, {'class_name': 'sunflower', 'probability': 0.03068617545068264}]"
tulip/17994129033_bbd0acba62_n.jpg,4,tulip,4,tulip,"[{'class_name': 'tulip', 'probability': 0.6936018466949463}, {'class_name': 'rose', 'probability': 0.2553071677684784}, {'class_name': 'sunflower', 'probability': 0.028492046520113945}]"
tulip/18378581986_5cd1494d08_n.jpg,4,tulip,4,tulip,"[{'class_name': 'tulip', 'probability': 0.9862735867500305}, {'class_name': 'rose', 'probability': 0.010711360722780228}, {'class_name': 'sunflower', 'probability': 0.0015769107267260551}]"
tulip/18378582936_ee7085c850.jpg,4,tulip,4,tulip,"[{'class_name': 'tulip', 'probability': 0.9592210650444031}, {'class_name': 'rose', 'probability': 0.030964508652687073}, {'class_name': 'daisy', 'probability': 0.004446737002581358}]"
tulip/19903091702_3522e9ef3c_n.jpg,4,tulip,2,rose,"[{'class_name': 'rose', 'probability': 0.5964580774307251}, {'class_name': 'tulip', 'probability': 0.18559947609901428}, {'class_name': 'daisy', 'probability': 0.09531056880950928}]"
tulip/20093632966_0d53e13036_n.jpg,4,tulip,4,tulip,"[{'class_name': 'tulip', 'probability': 0.946358323097229}, {'class_name': 'rose', 'probability': 0.0325765423476696}, {'class_name': 'sunflower', 'probability': 0.012960854917764664}]"
tulip/20111973586_2987a89bed_n.jpg,4,tulip,4,tulip,"[{'class_name': 'tulip', 'probability': 0.882578432559967}, {'class_name': 'rose', 'probability': 0.106490857899189}, {'class_name': 'daisy', 'probability': 0.005106749013066292}]"
tulip/20152653918_009a39f323_n.jpg,4,tulip,2,rose,"[{'class_name': 'rose', 'probability': 0.5608075261116028}, {'class_name': 'tulip', 'probability': 0.31570500135421753}, {'class_name': 'daisy', 'probability': 0.05147401615977287}]"
tulip/20265958876_edb70c4553_n.jpg,4,tulip,4,tulip,"[{'class_name': 'tulip', 'probability': 0.7634391188621521}, {'class_name': 'rose', 'probability': 0.10193868726491928}, {'class_name': 'sunflower', 'probability': 0.05084381252527237}]"
tulip/20340657765_ddb2d2154e_n.jpg,4,tulip,2,rose,"[{'class_name': 'rose', 'probability': 0.5605126619338989}, {'class_name': 'tulip', 'probability': 0.3422353267669678}, {'class_name': 'daisy', 'probability': 0.03870578482747078}]"
tulip/20526614232_78ac8344bd_n.jpg,4,tulip,1,dandelion,"[{'class_name': 'dandelion', 'probability': 0.6045858860015869}, {'class_name': 'sunflower', 'probability': 0.12737572193145752}, {'class_name': 'rose', 'probability': 0.10979485511779785}]"
tulip/20742669999_53de71a4c9_n.jpg,4,tulip,4,tulip,"[{'class_name': 'tulip', 'probability': 0.9322478771209717}, {'class_name': 'rose', 'probability': 0.040269456803798676}, {'class_name': 'sunflower', 'probability': 0.01752530038356781}]"
tulip/20921546830_1d79fd07f7_n.jpg,4,tulip,4,tulip,"[{'class_name': 'tulip', 'probability': 0.6657127737998962}, {'class_name': 'rose', 'probability': 0.28265565633773804}, {'class_name': 'daisy', 'probability': 0.024166792631149292}]"
tulip/20929606590_f92d4e59b7_n.jpg,4,tulip,4,tulip,"[{'class_name': 'tulip', 'probability': 0.5803738236427307}, {'class_name': 'rose', 'probability': 0.19654200971126556}, {'class_name': 'sunflower', 'probability': 0.09442660957574844}]"
tulip/21046610012_8942d32007_n.jpg,4,tulip,4,tulip,"[{'class_name': 'tulip', 'probability': 0.8387496471405029}, {'class_name': 'rose', 'probability': 0.12142284959554672}, {'class_name': 'sunflower', 'probability': 0.0168016254901886}]"
tulip/2271507463_15c48d41c4_n.jpg,4,tulip,2,rose,"[{'class_name': 'rose', 'probability': 0.6026614308357239}, {'class_name': 'tulip', 'probability': 0.23586107790470123}, {'class_name': 'sunflower', 'probability': 0.08635661751031876}]"
tulip/2361075034_cf730b8682.jpg,4,tulip,1,dandelion,"[{'class_name': 'dandelion', 'probability': 0.406158983707428}, {'class_name': 'sunflower', 'probability': 0.20107556879520416}, {'class_name': 'tulip', 'probability': 0.19165851175785065}]"
tulip/2374855021_21959b40c0_n.jpg,4,tulip,4,tulip,"[{'class_name': 'tulip', 'probability': 0.5781785845756531}, {'class_name': 'rose', 'probability': 0.16856752336025238}, {'class_name': 'daisy', 'probability': 0.10614882409572601}]"
tulip/2399982682_16929d1f6d_n.jpg,4,tulip,4,tulip,"[{'class_name': 'tulip', 'probability': 0.8266957998275757}, {'class_name': 'rose', 'probability': 0.07736076414585114}, {'class_name': 'sunflower', 'probability': 0.06811574101448059}]"
tulip/2402342888_dd65677013.jpg,4,tulip,2,rose,"[{'class_name': 'rose', 'probability': 0.5266671776771545}, {'class_name': 'tulip', 'probability': 0.3847862482070923}, {'class_name': 'daisy', 'probability': 0.0419604629278183}]"
tulip/2431737309_1468526f8b.jpg,4,tulip,4,tulip,"[{'class_name': 'tulip', 'probability': 0.9363903403282166}, {'class_name': 'rose', 'probability': 0.05254191905260086}, {'class_name': 'sunflower', 'probability': 0.005329822190105915}]"
tulip/303858799_942b9c09e7_m.jpg,4,tulip,4,tulip,"[{'class_name': 'tulip', 'probability': 0.5805684328079224}, {'class_name': 'rose', 'probability': 0.3902910053730011}, {'class_name': 'daisy', 'probability': 0.014578663744032383}]"
tulip/3404038663_f62cf8eba3_n.jpg,4,tulip,4,tulip,"[{'class_name': 'tulip', 'probability': 0.7018966674804688}, {'class_name': 'rose', 'probability': 0.16775473952293396}, {'class_name': 'sunflower', 'probability': 0.10045265406370163}]"
tulip/3449794006_8c289840aa.jpg,4,tulip,4,tulip,"[{'class_name': 'tulip', 'probability': 0.9766637682914734}, {'class_name': 'rose', 'probability': 0.01752796769142151}, {'class_name': 'sunflower', 'probability': 0.003447525203227997}]"
tulip/3454461550_64d6e726bf_m.jpg,4,tulip,4,tulip,"[{'class_name': 'tulip', 'probability': 0.5746451616287231}, {'class_name': 'rose', 'probability': 0.37552380561828613}, {'class_name': 'daisy', 'probability': 0.02341592311859131}]"
tulip/3524204544_7233737b4f_m.jpg,4,tulip,4,tulip,"[{'class_name': 'tulip', 'probability': 0.7560515403747559}, {'class_name': 'rose', 'probability': 0.20802469551563263}, {'class_name': 'daisy', 'probability': 0.015337169170379639}]"
tulip/3540595981_73f14d1227_n.jpg,4,tulip,4,tulip,"[{'class_name': 'tulip', 'probability': 0.7183539271354675}, {'class_name': 'rose', 'probability': 0.25367793440818787}, {'class_name': 'daisy', 'probability': 0.013680433854460716}]"
tulip/3600510954_a51bfc5440_n.jpg,4,tulip,4,tulip,"[{'class_name': 'tulip', 'probability': 0.8966106176376343}, {'class_name': 'rose', 'probability': 0.04549284279346466}, {'class_name': 'dandelion', 'probability': 0.028683466836810112}]"
tulip/38287568_627de6ca20.jpg,4,tulip,4,tulip,"[{'class_name': 'tulip', 'probability': 0.9319792985916138}, {'class_name': 'rose', 'probability': 0.06257418543100357}, {'class_name': 'daisy', 'probability': 0.0026546211447566748}]"
tulip/4312181724_16dab26afb_n.jpg,4,tulip,4,tulip,"[{'class_name': 'tulip', 'probability': 0.9802692532539368}, {'class_name': 'rose', 'probability': 0.013108810409903526}, {'class_name': 'daisy', 'probability': 0.0033207619562745094}]"
tulip/4516198427_0e5099cd8e.jpg,4,tulip,4,tulip,"[{'class_name': 'tulip', 'probability': 0.8921738266944885}, {'class_name': 'rose', 'probability': 0.06690722703933716}, {'class_name': 'daisy', 'probability': 0.018343942239880562}]"
tulip/4521037085_70d5802e1d_m.jpg,4,tulip,4,tulip,"[{'class_name': 'tulip', 'probability': 0.9389941096305847}, {'class_name': 'rose', 'probability': 0.046335432678461075}, {'class_name': 'daisy', 'probability': 0.006848109886050224}]"
tulip/4522130258_9ee44cf73f_m.jpg,4,tulip,4,tulip,"[{'class_name': 'tulip', 'probability': 0.6401970386505127}, {'class_name': 'rose', 'probability': 0.3293146789073944}, {'class_name': 'daisy', 'probability': 0.014687981456518173}]"
tulip/4573822295_5c5c6a5f6a.jpg,4,tulip,4,tulip,"[{'class_name': 'tulip', 'probability': 0.9495788216590881}, {'class_name': 'rose', 'probability': 0.029491636902093887}, {'class_name': 'sunflower', 'probability': 0.010306872427463531}]"
tulip/4575963749_2418ff8768.jpg,4,tulip,4,tulip,"[{'class_name': 'tulip', 'probability': 0.9934377074241638}, {'class_name': 'rose', 'probability': 0.003115096827968955}, {'class_name': 'sunflower', 'probability': 0.0016771152149885893}]"
tulip/4580206494_9386c81ed8_n.jpg,4,tulip,1,dandelion,"[{'class_name': 'dandelion', 'probability': 0.3285852372646332}, {'class_name': 'daisy', 'probability': 0.27874913811683655}, {'class_name': 'sunflower', 'probability': 0.22160907089710236}]"
tulip/4589624702_b6baa83699_m.jpg,4,tulip,1,dandelion,"[{'class_name': 'dandelion', 'probability': 0.6175621151924133}, {'class_name': 'daisy', 'probability': 0.2629851698875427}, {'class_name': 'rose', 'probability': 0.0660441666841507}]"
tulip/4604272150_0c92385530_n.jpg,4,tulip,4,tulip,"[{'class_name': 'tulip', 'probability': 0.9049665331840515}, {'class_name': 'rose', 'probability': 0.07685131579637527}, {'class_name': 'sunflower', 'probability': 0.010065804235637188}]"
tulip/490541142_c37e2b4191_n.jpg,4,tulip,4,tulip,"[{'class_name': 'tulip', 'probability': 0.8910530805587769}, {'class_name': 'rose', 'probability': 0.08379732817411423}, {'class_name': 'sunflower', 'probability': 0.016390981152653694}]"
tulip/5430796647_f21b7b0fea.jpg,4,tulip,4,tulip,"[{'class_name': 'tulip', 'probability': 0.32420408725738525}, {'class_name': 'dandelion', 'probability': 0.19898584485054016}, {'class_name': 'rose', 'probability': 0.19775862991809845}]"
tulip/5524946579_307dc74476.jpg,4,tulip,4,tulip,"[{'class_name': 'tulip', 'probability': 0.5925957560539246}, {'class_name': 'rose', 'probability': 0.35827577114105225}, {'class_name': 'daisy', 'probability': 0.02504679001867771}]"
tulip/5543457754_89c44c88de_n.jpg,4,tulip,4,tulip,"[{'class_name': 'tulip', 'probability': 0.9746938347816467}, {'class_name': 'rose', 'probability': 0.014925377443432808}, {'class_name': 'daisy', 'probability': 0.005641920492053032}]"
tulip/5565089564_a30c318f44.jpg,4,tulip,4,tulip,"[{'class_name': 'tulip', 'probability': 0.7975683212280273}, {'class_name': 'rose', 'probability': 0.1254463940858841}, {'class_name': 'dandelion', 'probability': 0.030222589150071144}]"
tulip/5634767665_0ae724774d.jpg,4,tulip,4,tulip,"[{'class_name': 'tulip', 'probability': 0.8329290151596069}, {'class_name': 'rose', 'probability': 0.11494508385658264}, {'class_name': 'sunflower', 'probability': 0.021943217143416405}]"
tulip/5660551500_b57307ef4d_n.jpg,4,tulip,1,dandelion,"[{'class_name': 'dandelion', 'probability': 0.792312741279602}, {'class_name': 'sunflower', 'probability': 0.06174353510141373}, {'class_name': 'daisy', 'probability': 0.061461031436920166}]"
tulip/5665080897_0796f726c9_m.jpg,4,tulip,4,tulip,"[{'class_name': 'tulip', 'probability': 0.6707884073257446}, {'class_name': 'rose', 'probability': 0.2890782356262207}, {'class_name': 'daisy', 'probability': 0.03762629255652428}]"
tulip/5687705933_55a8c2dbac.jpg,4,tulip,1,dandelion,"[{'class_name': 'dandelion', 'probability': 0.8955987691879272}, {'class_name': 'daisy', 'probability': 0.034569576382637024}, {'class_name': 'rose', 'probability': 0.030375858768820763}]"
tulip/5691100579_4a2767360a.jpg,4,tulip,4,tulip,"[{'class_name': 'tulip', 'probability': 0.9858982563018799}, {'class_name': 'rose', 'probability': 0.011363028548657894}, {'class_name': 'sunflower', 'probability': 0.0013314158422872424}]"
tulip/5717949231_23e2d4c297_n.jpg,4,tulip,2,rose,"[{'class_name': 'rose', 'probability': 0.3677111566066742}, {'class_name': 'tulip', 'probability': 0.3469979166984558}, {'class_name': 'dandelion', 'probability': 0.12719255685806274}]"
tulip/5717950215_5d0bf2e8b3_n.jpg,4,tulip,4,tulip,"[{'class_name': 'tulip', 'probability': 0.9515887498855591}, {'class_name': 'rose', 'probability': 0.03687445446848869}, {'class_name': 'daisy', 'probability': 0.006173526402562857}]"
tulip/5717950861_69c8846479_n.jpg,4,tulip,4,tulip,"[{'class_name': 'tulip', 'probability': 0.9619753956794739}, {'class_name': 'rose', 'probability': 0.026153745129704475}, {'class_name': 'daisy', 'probability': 0.0063203987665474415}]"
tulip/5718781677_d5e9267115_n.jpg,4,tulip,4,tulip,"[{'class_name': 'tulip', 'probability': 0.8240837454795837}, {'class_name': 'rose', 'probability': 0.16111516952514648}, {'class_name': 'sunflower', 'probability': 0.006933400873094797}]"
tulip/5738195260_b3fc107aa7_n.jpg,4,tulip,4,tulip,"[{'class_name': 'tulip', 'probability': 0.9329493045806885}, {'class_name': 'rose', 'probability': 0.04700183868408203}, {'class_name': 'daisy', 'probability': 0.01745782606303692}]"
tulip/5755467567_903c31e3d0.jpg,4,tulip,4,tulip,"[{'class_name': 'tulip', 'probability': 0.9498599171638489}, {'class_name': 'rose', 'probability': 0.03962254896759987}, {'class_name': 'daisy', 'probability': 0.005090899765491486}]"
tulip/5811022098_2523ca4e82.jpg,4,tulip,1,dandelion,"[{'class_name': 'dandelion', 'probability': 0.8262488842010498}, {'class_name': 'tulip', 'probability': 0.06058347970247269}, {'class_name': 'daisy', 'probability': 0.04774736240506172}]"
tulip/6187740107_9813ccc41e.jpg,4,tulip,1,dandelion,"[{'class_name': 'dandelion', 'probability': 0.7728579640388489}, {'class_name': 'daisy', 'probability': 0.07754775881767273}, {'class_name': 'sunflower', 'probability': 0.05877075716853142}]"
tulip/6267021825_a8316e0dcc_m.jpg,4,tulip,2,rose,"[{'class_name': 'rose', 'probability': 0.7943541407585144}, {'class_name': 'tulip', 'probability': 0.08461042493581772}, {'class_name': 'daisy', 'probability': 0.06227796524763107}]"
tulip/6539831765_c21b68910e_n.jpg,4,tulip,4,tulip,"[{'class_name': 'tulip', 'probability': 0.7585057616233826}, {'class_name': 'rose', 'probability': 0.20255358517169952}, {'class_name': 'daisy', 'probability': 0.02140183001756668}]"
tulip/6931489544_2f35025f7b_m.jpg,4,tulip,0,daisy,"[{'class_name': 'daisy', 'probability': 0.49499353766441345}, {'class_name': 'dandelion', 'probability': 0.178953617811203}, {'class_name': 'rose', 'probability': 0.12897464632987976}]"
tulip/6994351792_343e18cbf6_n.jpg,4,tulip,4,tulip,"[{'class_name': 'tulip', 'probability': 0.9937453269958496}, {'class_name': 'rose', 'probability': 0.0028138291090726852}, {'class_name': 'sunflower', 'probability': 0.0017114982474595308}]"
tulip/7094415739_6b29e5215c_m.jpg,4,tulip,1,dandelion,"[{'class_name': 'dandelion', 'probability': 0.8416355848312378}, {'class_name': 'daisy', 'probability': 0.11553197354078293}, {'class_name': 'rose', 'probability': 0.018834572285413742}]"
tulip/7166544280_9d975c4d9a_n.jpg,4,tulip,2,rose,"[{'class_name': 'rose', 'probability': 0.714389443397522}, {'class_name': 'tulip', 'probability': 0.2418351024389267}, {'class_name': 'daisy', 'probability': 0.021298835054039955}]"
tulip/7166554924_432aaae4b2_n.jpg,4,tulip,2,rose,"[{'class_name': 'rose', 'probability': 0.7804774641990662}, {'class_name': 'tulip', 'probability': 0.17363795638084412}, {'class_name': 'daisy', 'probability': 0.023551391437649727}]"
tulip/7166560822_27b1d1d132_n.jpg,4,tulip,4,tulip,"[{'class_name': 'tulip', 'probability': 0.846781849861145}, {'class_name': 'rose', 'probability': 0.09737398475408554}, {'class_name': 'sunflower', 'probability': 0.02592400461435318}]"
tulip/7166581866_861cd081b8_n.jpg,4,tulip,4,tulip,"[{'class_name': 'tulip', 'probability': 0.46370813250541687}, {'class_name': 'rose', 'probability': 0.2360202819108963}, {'class_name': 'dandelion', 'probability': 0.14238150417804718}]"
tulip/7166589802_8238cec83b_n.jpg,4,tulip,4,tulip,"[{'class_name': 'tulip', 'probability': 0.8029734492301941}, {'class_name': 'rose', 'probability': 0.1390361785888672}, {'class_name': 'daisy', 'probability': 0.026025256142020226}]"
tulip/7166606598_5d2cd307c3.jpg,4,tulip,4,tulip,"[{'class_name': 'tulip', 'probability': 0.9346247911453247}, {'class_name': 'rose', 'probability': 0.03241332620382309}, {'class_name': 'sunflower', 'probability': 0.016917994245886803}]"
tulip/7166614014_5f0f8d715b_n.jpg,4,tulip,2,rose,"[{'class_name': 'rose', 'probability': 0.9375258088111877}, {'class_name': 'tulip', 'probability': 0.050715427845716476}, {'class_name': 'daisy', 'probability': 0.007783124223351479}]"
tulip/7481217920_6f65766a1c_n.jpg,4,tulip,4,tulip,"[{'class_name': 'tulip', 'probability': 0.9301866888999939}, {'class_name': 'rose', 'probability': 0.05620647966861725}, {'class_name': 'sunflower', 'probability': 0.0060391491279006}]"
tulip/7775145448_c42e638a6a_n.jpg,4,tulip,4,tulip,"[{'class_name': 'tulip', 'probability': 0.39858633279800415}, {'class_name': 'dandelion', 'probability': 0.23641371726989746}, {'class_name': 'rose', 'probability': 0.2130061388015747}]"
tulip/8520482921_21dd204ebd_n.jpg,4,tulip,4,tulip,"[{'class_name': 'tulip', 'probability': 0.9967984557151794}, {'class_name': 'rose', 'probability': 0.0015873229131102562}, {'class_name': 'sunflower', 'probability': 0.0011901403777301311}]"
tulip/8521597402_4b6169ba05.jpg,4,tulip,1,dandelion,"[{'class_name': 'dandelion', 'probability': 0.5027128458023071}, {'class_name': 'tulip', 'probability': 0.3050859570503235}, {'class_name': 'rose', 'probability': 0.08303488790988922}]"
tulip/8562853756_73778dac25_n.jpg,4,tulip,4,tulip,"[{'class_name': 'tulip', 'probability': 0.7848648428916931}, {'class_name': 'rose', 'probability': 0.1455000787973404}, {'class_name': 'daisy', 'probability': 0.034193962812423706}]"
tulip/8586205946_cda045f3f8_n.jpg,4,tulip,4,tulip,"[{'class_name': 'tulip', 'probability': 0.9931294322013855}, {'class_name': 'sunflower', 'probability': 0.00288547296077013}, {'class_name': 'rose', 'probability': 0.002766519086435437}]"
tulip/8619064872_dea79a9eb9.jpg,4,tulip,4,tulip,"[{'class_name': 'tulip', 'probability': 0.9927709698677063}, {'class_name': 'rose', 'probability': 0.0036467688623815775}, {'class_name': 'sunflower', 'probability': 0.002474576933309436}]"
tulip/8623173256_3f0eb4c506.jpg,4,tulip,2,rose,"[{'class_name': 'rose', 'probability': 0.52950519323349}, {'class_name': 'tulip', 'probability': 0.3363291621208191}, {'class_name': 'dandelion', 'probability': 0.06220965459942818}]"
tulip/8628453641_6f87755815_m.jpg,4,tulip,2,rose,"[{'class_name': 'rose', 'probability': 0.40830928087234497}, {'class_name': 'tulip', 'probability': 0.40710267424583435}, {'class_name': 'sunflower', 'probability': 0.13433639705181122}]"
tulip/8669794378_97dda6036f_n.jpg,4,tulip,4,tulip,"[{'class_name': 'tulip', 'probability': 0.3173025846481323}, {'class_name': 'sunflower', 'probability': 0.2587168216705322}, {'class_name': 'rose', 'probability': 0.1767725944519043}]"
tulip/8673416556_639f5c88f1_n.jpg,4,tulip,4,tulip,"[{'class_name': 'tulip', 'probability': 0.7393385767936707}, {'class_name': 'rose', 'probability': 0.18032899498939514}, {'class_name': 'dandelion', 'probability': 0.03532557934522629}]"
tulip/8712267391_c756f18ee7_n.jpg,4,tulip,4,tulip,"[{'class_name': 'tulip', 'probability': 0.9211884140968323}, {'class_name': 'rose', 'probability': 0.0651598647236824}, {'class_name': 'daisy', 'probability': 0.00856182724237442}]"
tulip/8748266132_5298a91dcf_n.jpg,4,tulip,4,tulip,"[{'class_name': 'tulip', 'probability': 0.7218226194381714}, {'class_name': 'rose', 'probability': 0.2554364800453186}, {'class_name': 'daisy', 'probability': 0.009771849028766155}]"
tulip/8759601388_36e2a50d98_n.jpg,4,tulip,4,tulip,"[{'class_name': 'tulip', 'probability': 0.6928002834320068}, {'class_name': 'rose', 'probability': 0.281317800283432}, {'class_name': 'daisy', 'probability': 0.015655552968382835}]"
tulip/8759606166_8e475013fa_n.jpg,4,tulip,4,tulip,"[{'class_name': 'tulip', 'probability': 0.834617018699646}, {'class_name': 'sunflower', 'probability': 0.08607382327318192}, {'class_name': 'rose', 'probability': 0.06365161389112473}]"
tulip/8892851067_79242a7362_n.jpg,4,tulip,4,tulip,"[{'class_name': 'tulip', 'probability': 0.9456236958503723}, {'class_name': 'rose', 'probability': 0.037148617208004}, {'class_name': 'sunflower', 'probability': 0.009742282330989838}]"
tulip/9446982168_06c4d71da3_n.jpg,4,tulip,4,tulip,"[{'class_name': 'tulip', 'probability': 0.6350899338722229}, {'class_name': 'rose', 'probability': 0.336190789937973}, {'class_name': 'daisy', 'probability': 0.020019134506583214}]"
